patient_id,day_index,hrv_mean,resting_hr_mean,mean_hr,sleep_hours,sleep_efficiency,daily_steps,activity_score,risk_event_next_24h,age,sex,bmi,systolic_bp,diastolic_bp,cholesterol,family_history,smoker,diabetes,hrv_mean_baseline,hrv_mean_delta_from_baseline,sleep_hours_baseline,sleep_hours_delta_from_baseline,sleep_efficiency_baseline,sleep_efficiency_delta_from_baseline,daily_steps_baseline,daily_steps_delta_from_baseline,resting_hr_mean_baseline,resting_hr_mean_delta_from_baseline,hrv_drop_from_baseline,sleep_drop_from_baseline,step_drop_from_baseline,resting_hr_rise_from_baseline
1,1,47.99,70.4,70.76,7.93,0.874,9232.06,100.0,0,70,0,27.45,113,62,161.0,1,0,0,47.99,0.0,7.93,0.0,0.874,0.0,9232.06,0.0,70.4,0.0,0.0,0.0,0.0,0.0
1,2,44.25,77.65,86.28,6.69,0.81,7427.8,84.82,0,70,0,27.45,113,62,161.0,1,0,0,47.99,-3.740000000000002,7.93,-1.2399999999999993,0.874,-0.06399999999999995,9232.06,-1804.2599999999993,70.4,7.25,3.740000000000002,1.2399999999999993,1804.2599999999993,7.25
1,3,35.8,78.05,84.94,6.0,0.776,7022.58,80.62,0,70,0,27.45,113,62,161.0,1,0,0,47.99,-12.190000000000005,7.93,-1.9299999999999997,0.874,-0.09799999999999998,9232.06,-2209.4799999999996,70.4,7.6499999999999915,12.190000000000005,1.9299999999999997,2209.4799999999996,7.6499999999999915
1,4,33.19,79.46,89.23,5.19,0.738,6027.88,72.07,0,70,0,27.45,113,62,161.0,1,0,0,47.99,-14.800000000000004,7.93,-2.7399999999999993,0.874,-0.136,9232.06,-3204.1799999999994,70.4,9.059999999999988,14.800000000000004,2.7399999999999993,3204.1799999999994,9.059999999999988
1,5,25.93,86.64,96.56,5.42,0.665,5301.3,64.01,0,70,0,27.45,113,62,161.0,1,0,0,47.99,-22.060000000000002,7.93,-2.51,0.874,-0.20899999999999996,9232.06,-3930.7599999999993,70.4,16.239999999999995,22.060000000000002,2.51,3930.7599999999993,16.239999999999995
1,6,21.28,87.7,97.51,4.98,0.602,3196.92,46.65,0,70,0,27.45,113,62,161.0,1,0,0,47.99,-26.71,7.93,-2.9499999999999993,0.874,-0.272,9232.06,-6035.139999999999,70.4,17.299999999999997,26.71,2.9499999999999993,6035.139999999999,17.299999999999997
1,7,19.33,91.43,100.36,4.33,0.582,3015.24,44.56,1,70,0,27.45,113,62,161.0,1,0,0,47.99,-28.660000000000004,7.93,-3.5999999999999996,0.874,-0.29200000000000004,9232.06,-6216.82,70.4,21.03,28.660000000000004,3.5999999999999996,6216.82,21.03
1,8,42.33,81.04,88.37,6.18,0.719,3391.09,52.69,1,70,0,27.45,113,62,161.0,1,0,0,47.99,-5.660000000000004,7.93,-1.75,0.874,-0.15500000000000003,9232.06,-5840.969999999999,70.4,10.64,5.660000000000004,1.75,5840.969999999999,10.64
1,9,52.78,64.16,73.88,7.4,0.938,8977.05,100.0,0,70,0,27.45,113,62,161.0,1,0,0,47.99,4.789999999999999,7.93,-0.5299999999999994,0.874,0.06399999999999995,9232.06,-255.01000000000022,70.4,-6.240000000000009,-4.789999999999999,0.5299999999999994,255.01000000000022,-6.240000000000009
1,10,43.78,69.11,76.28,7.14,0.882,8710.02,96.77,0,70,0,27.45,113,62,161.0,1,0,0,47.99,-4.210000000000001,7.93,-0.79,0.874,0.008000000000000007,9232.06,-522.039999999999,70.4,-1.2900000000000063,4.210000000000001,0.79,522.039999999999,-1.2900000000000063
2,1,50.18,68.54,77.08,7.09,0.879,7503.63,88.12,0,63,1,27.23,143,90,120.0,1,0,0,50.18,0.0,7.09,0.0,0.879,0.0,7503.63,0.0,68.54,0.0,0.0,0.0,0.0,0.0
2,2,40.05,71.92,79.83,6.62,0.827,5189.54,69.72,0,63,1,27.23,143,90,120.0,1,0,0,50.18,-10.130000000000003,7.09,-0.46999999999999975,0.879,-0.052000000000000046,7503.63,-2314.09,68.54,3.3799999999999955,10.130000000000003,0.46999999999999975,2314.09,3.3799999999999955
2,3,36.03,84.61,91.79,6.05,0.759,6017.1,72.83,0,63,1,27.23,143,90,120.0,1,0,0,50.18,-14.149999999999999,7.09,-1.04,0.879,-0.12,7503.63,-1486.5299999999997,68.54,16.069999999999993,14.149999999999999,1.04,1486.5299999999997,16.069999999999993
2,4,30.75,85.05,91.86,4.66,0.649,5106.79,62.02,0,63,1,27.23,143,90,120.0,1,0,0,50.18,-19.43,7.09,-2.4299999999999997,0.879,-0.22999999999999998,7503.63,-2396.84,68.54,16.50999999999999,19.43,2.4299999999999997,2396.84,16.50999999999999
2,5,19.44,92.77,102.92,4.24,0.598,2605.03,42.32,1,63,1,27.23,143,90,120.0,1,0,0,50.18,-30.74,7.09,-2.8499999999999996,0.879,-0.281,7503.63,-4898.6,68.54,24.22999999999999,30.74,2.8499999999999996,4898.6,24.22999999999999
2,6,36.1,78.65,87.23,5.5,0.741,5973.74,71.8,1,63,1,27.23,143,90,120.0,1,0,0,50.18,-14.079999999999998,7.09,-1.5899999999999999,0.879,-0.138,7503.63,-1529.8900000000003,68.54,10.11,14.079999999999998,1.5899999999999999,1529.8900000000003,10.11
2,7,47.79,72.83,82.01,7.87,0.874,7771.7,89.8,0,63,1,27.23,143,90,120.0,1,0,0,50.18,-2.3900000000000006,7.09,0.7800000000000002,0.879,-0.0050000000000000044,7503.63,268.0699999999997,68.54,4.289999999999992,2.3900000000000006,-0.7800000000000002,-268.0699999999997,4.289999999999992
2,8,51.57,69.9,77.94,7.14,0.9,7950.99,92.12,0,63,1,27.23,143,90,120.0,1,0,0,50.18,1.3900000000000006,7.09,0.04999999999999982,0.879,0.02100000000000002,7503.63,447.3599999999997,68.54,1.3599999999999994,-1.3900000000000006,-0.04999999999999982,-447.3599999999997,1.3599999999999994
2,9,44.38,71.01,77.51,7.32,0.868,7687.27,88.98,0,63,1,27.23,143,90,120.0,1,0,0,50.18,-5.799999999999997,7.09,0.23000000000000043,0.879,-0.01100000000000001,7503.63,183.64000000000033,68.54,2.469999999999999,5.799999999999997,-0.23000000000000043,-183.64000000000033,2.469999999999999
2,10,49.27,69.74,75.54,7.42,0.864,9246.36,99.82,0,63,1,27.23,143,90,120.0,1,0,0,50.18,-0.9099999999999966,7.09,0.33000000000000007,0.879,-0.015000000000000013,7503.63,1742.7300000000005,68.54,1.1999999999999886,0.9099999999999966,-0.33000000000000007,-1742.7300000000005,1.1999999999999886
3,1,53.66,69.56,73.06,7.35,0.889,10099.13,100.0,0,38,0,23.02,97,60,184.1,1,0,1,53.66,0.0,7.35,0.0,0.889,0.0,10099.13,0.0,69.56,0.0,0.0,0.0,0.0,0.0
3,2,40.0,80.6,89.51,6.97,0.81,6432.1,77.81,0,38,0,23.02,97,60,184.1,1,0,1,53.66,-13.659999999999997,7.35,-0.3799999999999999,0.889,-0.07899999999999996,10099.13,-3667.029999999999,69.56,11.039999999999992,13.659999999999997,0.3799999999999999,3667.029999999999,11.039999999999992
3,3,34.01,84.26,90.59,5.64,0.672,4726.09,60.25,0,38,0,23.02,97,60,184.1,1,0,1,53.66,-19.65,7.35,-1.71,0.889,-0.21699999999999997,10099.13,-5373.039999999999,69.56,14.700000000000003,19.65,1.71,5373.039999999999,14.700000000000003
3,4,28.87,92.18,100.3,5.58,0.605,4796.26,58.05,0,38,0,23.02,97,60,184.1,1,0,1,53.66,-24.789999999999996,7.35,-1.7699999999999996,0.889,-0.28400000000000003,10099.13,-5302.869999999999,69.56,22.620000000000005,24.789999999999996,1.7699999999999996,5302.869999999999,22.620000000000005
3,5,21.73,101.61,110.24,3.71,0.608,2037.95,38.72,1,38,0,23.02,97,60,184.1,1,0,1,53.66,-31.929999999999996,7.35,-3.6399999999999997,0.889,-0.281,10099.13,-8061.179999999999,69.56,32.05,31.929999999999996,3.6399999999999997,8061.179999999999,32.05
3,6,33.27,83.23,92.39,5.69,0.653,4297.55,56.47,1,38,0,23.02,97,60,184.1,1,0,1,53.66,-20.389999999999993,7.35,-1.6599999999999993,0.889,-0.236,10099.13,-5801.579999999999,69.56,13.670000000000002,20.389999999999993,1.6599999999999993,5801.579999999999,13.670000000000002
3,7,56.44,72.72,78.95,7.4,0.886,10026.32,100.0,0,38,0,23.02,97,60,184.1,1,0,1,53.66,2.780000000000001,7.35,0.05000000000000071,0.889,-0.0030000000000000027,10099.13,-72.80999999999949,69.56,3.1599999999999966,-2.780000000000001,-0.05000000000000071,72.80999999999949,3.1599999999999966
3,8,54.9,68.38,76.87,6.93,0.853,7518.26,87.21,0,38,0,23.02,97,60,184.1,1,0,1,53.66,1.240000000000002,7.35,-0.41999999999999993,0.889,-0.03600000000000003,10099.13,-2580.869999999999,69.56,-1.1800000000000068,-1.240000000000002,0.41999999999999993,2580.869999999999,-1.1800000000000068
3,9,51.73,74.29,81.23,7.05,0.878,9436.96,100.0,0,38,0,23.02,97,60,184.1,1,0,1,53.66,-1.9299999999999997,7.35,-0.2999999999999998,0.889,-0.01100000000000001,10099.13,-662.1700000000001,69.56,4.730000000000004,1.9299999999999997,0.2999999999999998,662.1700000000001,4.730000000000004
3,10,50.59,72.35,80.94,6.94,0.9,7809.1,91.11,0,38,0,23.02,97,60,184.1,1,0,1,53.66,-3.069999999999993,7.35,-0.40999999999999925,0.889,0.01100000000000001,10099.13,-2290.029999999999,69.56,2.789999999999992,3.069999999999993,0.40999999999999925,2290.029999999999,2.789999999999992
4,1,42.97,70.22,83.47,7.28,0.86,8072.37,91.36,0,67,1,33.56,144,74,224.9,1,0,0,42.97,0.0,7.28,0.0,0.86,0.0,8072.37,0.0,70.22,0.0,0.0,0.0,0.0,0.0
4,2,46.42,76.01,84.03,7.15,0.842,7488.97,86.55,0,67,1,33.56,144,74,224.9,1,0,0,42.97,3.450000000000003,7.28,-0.1299999999999999,0.86,-0.018000000000000016,8072.37,-583.3999999999996,70.22,5.790000000000006,-3.450000000000003,0.1299999999999999,583.3999999999996,5.790000000000006
4,3,35.88,75.95,83.63,6.57,0.825,7319.91,84.67,0,67,1,33.56,144,74,224.9,1,0,0,42.97,-7.089999999999996,7.28,-0.71,0.86,-0.03500000000000003,8072.37,-752.46,70.22,5.730000000000004,7.089999999999996,0.71,752.46,5.730000000000004
4,4,31.11,82.06,89.78,5.45,0.73,6223.89,73.13,0,67,1,33.56,144,74,224.9,1,0,0,42.97,-11.86,7.28,-1.83,0.86,-0.13,8072.37,-1848.4799999999996,70.22,11.840000000000003,11.86,1.83,1848.4799999999996,11.840000000000003
4,5,26.13,85.52,95.11,4.65,0.641,3884.62,53.07,0,67,1,33.56,144,74,224.9,1,0,0,42.97,-16.84,7.28,-2.63,0.86,-0.21899999999999997,8072.37,-4187.75,70.22,15.299999999999997,16.84,2.63,4187.75,15.299999999999997
4,6,20.47,88.74,98.18,4.77,0.617,3965.07,52.66,0,67,1,33.56,144,74,224.9,1,0,0,42.97,-22.5,7.28,-2.5100000000000007,0.86,-0.243,8072.37,-4107.299999999999,70.22,18.519999999999996,22.5,2.5100000000000007,4107.299999999999,18.519999999999996
4,7,16.0,96.98,106.03,4.4,0.541,2405.68,38.64,1,67,1,33.56,144,74,224.9,1,0,0,42.97,-26.97,7.28,-2.88,0.86,-0.31899999999999995,8072.37,-5666.6900000000005,70.22,26.760000000000005,26.97,2.88,5666.6900000000005,26.760000000000005
4,8,33.3,83.39,93.7,4.9,0.752,5501.4,68.9,1,67,1,33.56,144,74,224.9,1,0,0,42.97,-9.670000000000002,7.28,-2.38,0.86,-0.10799999999999998,8072.37,-2570.9700000000003,70.22,13.170000000000002,9.670000000000002,2.38,2570.9700000000003,13.170000000000002
4,9,54.7,72.32,85.41,7.23,0.85,10518.61,100.0,0,67,1,33.56,144,74,224.9,1,0,0,42.97,11.730000000000004,7.28,-0.04999999999999982,0.86,-0.010000000000000009,8072.37,2446.2400000000007,70.22,2.0999999999999943,-11.730000000000004,0.04999999999999982,-2446.2400000000007,2.0999999999999943
4,10,51.16,72.91,79.01,7.22,0.869,6677.48,81.9,0,67,1,33.56,144,74,224.9,1,0,0,42.97,8.189999999999998,7.28,-0.0600000000000005,0.86,0.009000000000000008,8072.37,-1394.8900000000003,70.22,2.6899999999999977,-8.189999999999998,0.0600000000000005,1394.8900000000003,2.6899999999999977
5,1,60.62,68.45,76.93,7.41,0.909,7938.43,92.39,0,57,1,34.84,122,83,202.0,1,0,0,60.62,0.0,7.41,0.0,0.909,0.0,7938.43,0.0,68.45,0.0,0.0,0.0,0.0,0.0
5,2,47.41,71.85,78.11,6.88,0.831,9059.52,97.2,0,57,1,34.84,122,83,202.0,1,0,0,60.62,-13.21,7.41,-0.5300000000000002,0.909,-0.07800000000000007,7938.43,1121.0900000000001,68.45,3.3999999999999915,13.21,0.5300000000000002,-1121.0900000000001,3.3999999999999915
5,3,36.77,80.59,89.5,6.95,0.762,6080.23,73.4,0,57,1,34.84,122,83,202.0,1,0,0,60.62,-23.849999999999994,7.41,-0.45999999999999996,0.909,-0.14700000000000002,7938.43,-1858.2000000000007,68.45,12.14,23.849999999999994,0.45999999999999996,1858.2000000000007,12.14
5,4,36.21,86.42,92.3,5.56,0.71,5099.57,64.4,0,57,1,34.84,122,83,202.0,1,0,0,60.62,-24.409999999999997,7.41,-1.8500000000000005,0.909,-0.19900000000000007,7938.43,-2838.8600000000006,68.45,17.97,24.409999999999997,1.8500000000000005,2838.8600000000006,17.97
5,5,29.39,83.64,87.75,5.07,0.629,4185.87,54.73,0,57,1,34.84,122,83,202.0,1,0,0,60.62,-31.229999999999997,7.41,-2.34,0.909,-0.28,7938.43,-3752.5600000000004,68.45,15.189999999999998,31.229999999999997,2.34,3752.5600000000004,15.189999999999998
5,6,25.97,90.19,102.71,4.04,0.651,4808.86,59.99,0,57,1,34.84,122,83,202.0,1,0,0,60.62,-34.65,7.41,-3.37,0.909,-0.258,7938.43,-3129.5700000000006,68.45,21.739999999999995,34.65,3.37,3129.5700000000006,21.739999999999995
5,7,25.86,96.39,100.73,4.18,0.593,2571.75,41.87,1,57,1,34.84,122,83,202.0,1,0,0,60.62,-34.76,7.41,-3.2300000000000004,0.909,-0.31600000000000006,7938.43,-5366.68,68.45,27.939999999999998,34.76,3.2300000000000004,5366.68,27.939999999999998
5,8,35.64,82.85,92.67,5.27,0.699,5463.48,66.51,1,57,1,34.84,122,83,202.0,1,0,0,60.62,-24.979999999999997,7.41,-2.1400000000000006,0.909,-0.21000000000000008,7938.43,-2474.9500000000007,68.45,14.399999999999991,24.979999999999997,2.1400000000000006,2474.9500000000007,14.399999999999991
5,9,51.76,68.18,78.56,7.73,0.903,9219.59,100.0,0,57,1,34.84,122,83,202.0,1,0,0,60.62,-8.86,7.41,0.3200000000000003,0.909,-0.006000000000000005,7938.43,1281.1599999999999,68.45,-0.269999999999996,8.86,-0.3200000000000003,-1281.1599999999999,-0.269999999999996
5,10,50.05,71.22,77.15,7.19,0.867,9576.72,100.0,0,57,1,34.84,122,83,202.0,1,0,0,60.62,-10.57,7.41,-0.21999999999999975,0.909,-0.04200000000000004,7938.43,1638.289999999999,68.45,2.769999999999996,10.57,0.21999999999999975,-1638.289999999999,2.769999999999996
6,1,50.59,69.32,82.83,7.0,0.871,9458.71,100.0,0,50,1,24.06,149,86,162.5,1,0,0,50.59,0.0,7.0,0.0,0.871,0.0,9458.71,0.0,69.32,0.0,0.0,0.0,0.0,0.0
6,2,40.36,75.14,80.76,6.3,0.81,7888.58,88.1,0,50,1,24.06,149,86,162.5,1,0,0,50.59,-10.230000000000004,7.0,-0.7000000000000002,0.871,-0.06099999999999994,9458.71,-1570.1299999999992,69.32,5.820000000000007,10.230000000000004,0.7000000000000002,1570.1299999999992,5.820000000000007
6,3,43.11,79.92,89.8,5.64,0.728,5163.02,65.58,0,50,1,24.06,149,86,162.5,1,0,0,50.59,-7.480000000000004,7.0,-1.3600000000000003,0.871,-0.14300000000000002,9458.71,-4295.689999999999,69.32,10.600000000000009,7.480000000000004,1.3600000000000003,4295.689999999999,10.600000000000009
6,4,32.33,86.53,95.91,5.43,0.608,3602.03,49.74,0,50,1,24.06,149,86,162.5,1,0,0,50.59,-18.260000000000005,7.0,-1.5700000000000003,0.871,-0.263,9458.71,-5856.6799999999985,69.32,17.210000000000008,18.260000000000005,1.5700000000000003,5856.6799999999985,17.210000000000008
6,5,22.32,92.13,103.22,4.52,0.564,4772.67,56.24,1,50,1,24.06,149,86,162.5,1,0,0,50.59,-28.270000000000003,7.0,-2.4800000000000004,0.871,-0.30700000000000005,9458.71,-4686.039999999999,69.32,22.810000000000002,28.270000000000003,2.4800000000000004,4686.039999999999,22.810000000000002
6,6,37.49,77.05,86.14,6.17,0.73,4056.8,57.85,1,50,1,24.06,149,86,162.5,1,0,0,50.59,-13.100000000000001,7.0,-0.8300000000000001,0.871,-0.14100000000000001,9458.71,-5401.909999999999,69.32,7.730000000000004,13.100000000000001,0.8300000000000001,5401.909999999999,7.730000000000004
6,7,55.99,67.38,76.61,7.62,0.854,7688.46,88.44,0,50,1,24.06,149,86,162.5,1,0,0,50.59,5.399999999999999,7.0,0.6200000000000001,0.871,-0.017000000000000015,9458.71,-1770.249999999999,69.32,-1.9399999999999977,-5.399999999999999,-0.6200000000000001,1770.249999999999,-1.9399999999999977
6,8,52.88,69.05,78.24,7.56,0.914,7625.14,90.4,0,50,1,24.06,149,86,162.5,1,0,0,50.59,2.289999999999999,7.0,0.5599999999999996,0.871,0.04300000000000004,9458.71,-1833.5699999999988,69.32,-0.269999999999996,-2.289999999999999,-0.5599999999999996,1833.5699999999988,-0.269999999999996
6,9,54.66,70.69,81.41,7.32,0.876,9283.27,100.0,0,50,1,24.06,149,86,162.5,1,0,0,50.59,4.069999999999993,7.0,0.3200000000000003,0.871,0.0050000000000000044,9458.71,-175.4399999999987,69.32,1.3700000000000045,-4.069999999999993,-0.3200000000000003,175.4399999999987,1.3700000000000045
6,10,60.8,73.81,84.93,7.65,0.87,9768.86,100.0,0,50,1,24.06,149,86,162.5,1,0,0,50.59,10.209999999999994,7.0,0.6500000000000004,0.871,-0.0010000000000000009,9458.71,310.15000000000146,69.32,4.490000000000009,-10.209999999999994,-0.6500000000000004,-310.15000000000146,4.490000000000009
7,1,44.09,71.38,76.01,7.13,0.817,7450.53,85.29,0,73,0,31.65,161,90,194.0,0,0,0,44.09,0.0,7.13,0.0,0.817,0.0,7450.53,0.0,71.38,0.0,0.0,0.0,0.0,0.0
7,2,46.43,76.81,81.96,6.58,0.822,7145.12,83.31,0,73,0,31.65,161,90,194.0,0,0,0,44.09,2.3399999999999963,7.13,-0.5499999999999998,0.817,0.0050000000000000044,7450.53,-305.40999999999985,71.38,5.430000000000007,-2.3399999999999963,0.5499999999999998,305.40999999999985,5.430000000000007
7,3,36.77,81.99,90.23,6.02,0.788,7178.54,82.2,0,73,0,31.65,161,90,194.0,0,0,0,44.09,-7.32,7.13,-1.1100000000000003,0.817,-0.028999999999999915,7450.53,-271.9899999999998,71.38,10.61,7.32,1.1100000000000003,271.9899999999998,10.61
7,4,37.08,89.8,97.54,5.26,0.7,5041.83,63.58,0,73,0,31.65,161,90,194.0,0,0,0,44.09,-7.010000000000005,7.13,-1.87,0.817,-0.11699999999999999,7450.53,-2408.7,71.38,18.42,7.010000000000005,1.87,2408.7,18.42
7,5,23.35,87.32,93.81,5.06,0.695,3036.68,49.22,0,73,0,31.65,161,90,194.0,0,0,0,44.09,-20.740000000000002,7.13,-2.0700000000000003,0.817,-0.122,7450.53,-4413.85,71.38,15.939999999999998,20.740000000000002,2.0700000000000003,4413.85,15.939999999999998
7,6,16.0,94.57,101.46,3.81,0.618,2038.93,39.12,1,73,0,31.65,161,90,194.0,0,0,0,44.09,-28.090000000000003,7.13,-3.32,0.817,-0.19899999999999995,7450.53,-5411.599999999999,71.38,23.189999999999998,28.090000000000003,3.32,5411.599999999999,23.189999999999998
7,7,36.88,84.48,92.95,5.85,0.72,6125.69,72.04,1,73,0,31.65,161,90,194.0,0,0,0,44.09,-7.210000000000001,7.13,-1.2800000000000002,0.817,-0.09699999999999998,7450.53,-1324.8400000000001,71.38,13.100000000000009,7.210000000000001,1.2800000000000002,1324.8400000000001,13.100000000000009
7,8,49.91,71.72,76.33,8.1,0.891,7247.89,86.79,0,73,0,31.65,161,90,194.0,0,0,0,44.09,5.819999999999993,7.13,0.9699999999999998,0.817,0.07400000000000007,7450.53,-202.63999999999942,71.38,0.3400000000000034,-5.819999999999993,-0.9699999999999998,202.63999999999942,0.3400000000000034
7,9,45.58,73.56,79.17,8.37,0.904,7885.69,91.83,0,73,0,31.65,161,90,194.0,0,0,0,44.09,1.4899999999999949,7.13,1.2399999999999993,0.817,0.08700000000000008,7450.53,435.15999999999985,71.38,2.180000000000007,-1.4899999999999949,-1.2399999999999993,-435.15999999999985,2.180000000000007
7,10,47.96,67.3,73.64,7.05,0.884,10325.41,100.0,0,73,0,31.65,161,90,194.0,0,0,0,44.09,3.8699999999999974,7.13,-0.08000000000000007,0.817,0.06700000000000006,7450.53,2874.88,71.38,-4.079999999999998,-3.8699999999999974,0.08000000000000007,-2874.88,-4.079999999999998
8,1,44.79,74.33,84.51,6.89,0.854,8580.85,94.74,0,66,0,28.0,143,91,220.8,0,0,0,44.79,0.0,6.89,0.0,0.854,0.0,8580.85,0.0,74.33,0.0,0.0,0.0,0.0,0.0
8,2,39.51,74.21,85.15,6.44,0.822,6865.06,81.32,0,66,0,28.0,143,91,220.8,0,0,0,44.79,-5.280000000000001,6.89,-0.4499999999999993,0.854,-0.03200000000000003,8580.85,-1715.79,74.33,-0.12000000000000455,5.280000000000001,0.4499999999999993,1715.79,-0.12000000000000455
8,3,40.75,81.76,94.31,6.59,0.765,6364.27,75.51,0,66,0,28.0,143,91,220.8,0,0,0,44.79,-4.039999999999999,6.89,-0.2999999999999998,0.854,-0.08899999999999997,8580.85,-2216.58,74.33,7.430000000000007,4.039999999999999,0.2999999999999998,2216.58,7.430000000000007
8,4,30.03,83.92,92.86,5.9,0.746,4939.97,64.72,0,66,0,28.0,143,91,220.8,0,0,0,44.79,-14.759999999999998,6.89,-0.9899999999999993,0.854,-0.10799999999999998,8580.85,-3640.88,74.33,9.590000000000003,14.759999999999998,0.9899999999999993,3640.88,9.590000000000003
8,5,31.42,84.94,90.96,6.23,0.725,5977.82,71.21,0,66,0,28.0,143,91,220.8,0,0,0,44.79,-13.369999999999997,6.89,-0.6599999999999993,0.854,-0.129,8580.85,-2603.0300000000007,74.33,10.61,13.369999999999997,0.6599999999999993,2603.0300000000007,10.61
8,6,28.47,90.39,94.65,4.9,0.669,3351.36,50.4,0,66,0,28.0,143,91,220.8,0,0,0,44.79,-16.32,6.89,-1.9899999999999993,0.854,-0.18499999999999994,8580.85,-5229.49,74.33,16.060000000000002,16.32,1.9899999999999993,5229.49,16.060000000000002
8,7,16.0,97.05,103.22,4.34,0.581,1200.0,31.69,1,66,0,28.0,143,91,220.8,0,0,0,44.79,-28.79,6.89,-2.55,0.854,-0.273,8580.85,-7380.85,74.33,22.72,28.79,2.55,7380.85,22.72
8,8,34.83,82.8,91.48,6.37,0.668,6569.99,73.11,1,66,0,28.0,143,91,220.8,0,0,0,44.79,-9.96,6.89,-0.5199999999999996,0.854,-0.18599999999999994,8580.85,-2010.8600000000006,74.33,8.469999999999999,9.96,0.5199999999999996,2010.8600000000006,8.469999999999999
8,9,50.22,74.91,82.64,8.11,0.88,8800.01,97.3,0,66,0,28.0,143,91,220.8,0,0,0,44.79,5.43,6.89,1.2199999999999998,0.854,0.026000000000000023,8580.85,219.15999999999985,74.33,0.5799999999999983,-5.43,-1.2199999999999998,-219.15999999999985,0.5799999999999983
8,10,48.59,66.79,74.73,7.57,0.92,11264.8,100.0,0,66,0,28.0,143,91,220.8,0,0,0,44.79,3.8000000000000043,6.89,0.6800000000000006,0.854,0.06600000000000006,8580.85,2683.949999999999,74.33,-7.539999999999992,-3.8000000000000043,-0.6800000000000006,-2683.949999999999,-7.539999999999992
9,1,56.12,69.36,76.38,7.07,0.903,8819.85,98.37,0,55,1,29.28,128,62,227.1,0,0,0,56.12,0.0,7.07,0.0,0.903,0.0,8819.85,0.0,69.36,0.0,0.0,0.0,0.0,0.0
9,2,45.73,70.45,81.93,7.12,0.742,7789.52,84.66,0,55,1,29.28,128,62,227.1,0,0,0,56.12,-10.39,7.07,0.04999999999999982,0.903,-0.16100000000000003,8819.85,-1030.33,69.36,1.0900000000000034,10.39,-0.04999999999999982,1030.33,1.0900000000000034
9,3,37.89,79.66,81.22,6.24,0.801,5918.67,73.82,0,55,1,29.28,128,62,227.1,0,0,0,56.12,-18.229999999999997,7.07,-0.8300000000000001,0.903,-0.10199999999999998,8819.85,-2901.1800000000003,69.36,10.299999999999997,18.229999999999997,0.8300000000000001,2901.1800000000003,10.299999999999997
9,4,37.38,83.56,88.52,5.86,0.727,5579.88,68.46,0,55,1,29.28,128,62,227.1,0,0,0,56.12,-18.739999999999995,7.07,-1.21,0.903,-0.17600000000000005,8819.85,-3239.9700000000003,69.36,14.200000000000003,18.739999999999995,1.21,3239.9700000000003,14.200000000000003
9,5,31.94,92.52,103.21,5.24,0.715,4436.54,59.92,0,55,1,29.28,128,62,227.1,0,0,0,56.12,-24.179999999999996,7.07,-1.83,0.903,-0.18800000000000006,8819.85,-4383.31,69.36,23.159999999999997,24.179999999999996,1.83,4383.31,23.159999999999997
9,6,29.6,89.04,92.55,5.66,0.638,2993.46,46.67,0,55,1,29.28,128,62,227.1,0,0,0,56.12,-26.519999999999996,7.07,-1.4100000000000001,0.903,-0.265,8819.85,-5826.39,69.36,19.680000000000007,26.519999999999996,1.4100000000000001,5826.39,19.680000000000007
9,7,23.04,94.9,99.49,4.59,0.572,2398.93,39.8,1,55,1,29.28,128,62,227.1,0,0,0,56.12,-33.08,7.07,-2.4800000000000004,0.903,-0.33100000000000007,8819.85,-6420.92,69.36,25.540000000000006,33.08,2.4800000000000004,6420.92,25.540000000000006
9,8,40.04,81.1,88.29,5.4,0.729,5475.91,67.82,1,55,1,29.28,128,62,227.1,0,0,0,56.12,-16.08,7.07,-1.67,0.903,-0.17400000000000004,8819.85,-3343.9400000000005,69.36,11.739999999999995,16.08,1.67,3343.9400000000005,11.739999999999995
9,9,50.37,67.35,70.91,7.35,0.859,10934.53,100.0,0,55,1,29.28,128,62,227.1,0,0,0,56.12,-5.75,7.07,0.27999999999999936,0.903,-0.04400000000000004,8819.85,2114.6800000000003,69.36,-2.010000000000005,5.75,-0.27999999999999936,-2114.6800000000003,-2.010000000000005
9,10,52.67,70.5,78.66,6.87,0.848,8695.41,95.28,0,55,1,29.28,128,62,227.1,0,0,0,56.12,-3.4499999999999957,7.07,-0.20000000000000018,0.903,-0.05500000000000005,8819.85,-124.44000000000051,69.36,1.1400000000000006,3.4499999999999957,0.20000000000000018,124.44000000000051,1.1400000000000006
10,1,51.17,73.4,80.66,7.53,0.91,7527.15,89.53,0,58,0,32.4,132,68,158.9,1,1,0,51.17,0.0,7.53,0.0,0.91,0.0,7527.15,0.0,73.4,0.0,0.0,0.0,0.0,0.0
10,2,35.18,74.18,85.72,6.4,0.763,4564.5,62.74,0,58,0,32.4,132,68,158.9,1,1,0,51.17,-15.990000000000002,7.53,-1.13,0.91,-0.14700000000000002,7527.15,-2962.6499999999996,73.4,0.7800000000000011,15.990000000000002,1.13,2962.6499999999996,0.7800000000000011
10,3,26.39,82.7,90.88,5.59,0.684,5738.43,67.85,0,58,0,32.4,132,68,158.9,1,1,0,51.17,-24.78,7.53,-1.9400000000000004,0.91,-0.22599999999999998,7527.15,-1788.7199999999993,73.4,9.299999999999997,24.78,1.9400000000000004,1788.7199999999993,9.299999999999997
10,4,26.87,88.71,95.71,3.93,0.645,3459.13,50.2,0,58,0,32.4,132,68,158.9,1,1,0,51.17,-24.3,7.53,-3.6,0.91,-0.265,7527.15,-4068.0199999999995,73.4,15.309999999999988,24.3,3.6,4068.0199999999995,15.309999999999988
10,5,16.0,92.18,98.13,4.21,0.562,2559.08,40.54,1,58,0,32.4,132,68,158.9,1,1,0,51.17,-35.17,7.53,-3.3200000000000003,0.91,-0.348,7527.15,-4968.07,73.4,18.78,35.17,3.3200000000000003,4968.07,18.78
10,6,31.27,83.66,99.2,5.98,0.678,7038.48,76.79,1,58,0,32.4,132,68,158.9,1,1,0,51.17,-19.900000000000002,7.53,-1.5499999999999998,0.91,-0.23199999999999998,7527.15,-488.6700000000001,73.4,10.259999999999991,19.900000000000002,1.5499999999999998,488.6700000000001,10.259999999999991
10,7,43.3,74.4,83.03,7.2,0.866,7087.67,84.68,0,58,0,32.4,132,68,158.9,1,1,0,51.17,-7.8700000000000045,7.53,-0.33000000000000007,0.91,-0.04400000000000004,7527.15,-439.47999999999956,73.4,1.0,7.8700000000000045,0.33000000000000007,439.47999999999956,1.0
10,8,49.85,73.75,81.3,7.08,0.856,8662.84,95.39,0,58,0,32.4,132,68,158.9,1,1,0,51.17,-1.3200000000000003,7.53,-0.4500000000000002,0.91,-0.05400000000000005,7527.15,1135.6900000000005,73.4,0.3499999999999943,1.3200000000000003,0.4500000000000002,-1135.6900000000005,0.3499999999999943
10,9,49.62,74.71,84.1,6.88,0.858,8005.5,90.84,0,58,0,32.4,132,68,158.9,1,1,0,51.17,-1.5500000000000043,7.53,-0.6500000000000004,0.91,-0.052000000000000046,7527.15,478.35000000000036,73.4,1.309999999999988,1.5500000000000043,0.6500000000000004,-478.35000000000036,1.309999999999988
10,10,46.14,72.41,83.86,7.51,0.943,9400.16,100.0,0,58,0,32.4,132,68,158.9,1,1,0,51.17,-5.030000000000001,7.53,-0.020000000000000462,0.91,0.03299999999999992,7527.15,1873.0100000000002,73.4,-0.9900000000000091,5.030000000000001,0.020000000000000462,-1873.0100000000002,-0.9900000000000091
11,1,57.89,70.83,81.77,7.64,0.917,8822.53,98.96,0,40,1,25.73,132,77,150.2,0,0,0,57.89,0.0,7.64,0.0,0.917,0.0,8822.53,0.0,70.83,0.0,0.0,0.0,0.0,0.0
11,2,50.32,66.86,70.64,6.21,0.857,8570.4,94.79,0,40,1,25.73,132,77,150.2,0,0,0,57.89,-7.57,7.64,-1.4299999999999997,0.917,-0.06000000000000005,8822.53,-252.13000000000102,70.83,-3.969999999999999,7.57,1.4299999999999997,252.13000000000102,-3.969999999999999
11,3,44.96,80.9,86.55,6.28,0.774,6222.73,74.9,0,40,1,25.73,132,77,150.2,0,0,0,57.89,-12.93,7.64,-1.3599999999999994,0.917,-0.14300000000000002,8822.53,-2599.800000000001,70.83,10.070000000000007,12.93,1.3599999999999994,2599.800000000001,10.070000000000007
11,4,37.53,82.93,91.6,5.52,0.696,5241.34,64.82,0,40,1,25.73,132,77,150.2,0,0,0,57.89,-20.36,7.64,-2.12,0.917,-0.22100000000000009,8822.53,-3581.1900000000005,70.83,12.100000000000009,20.36,2.12,3581.1900000000005,12.100000000000009
11,5,35.66,80.75,90.16,5.17,0.664,6789.21,74.47,0,40,1,25.73,132,77,150.2,0,0,0,57.89,-22.230000000000004,7.64,-2.4699999999999998,0.917,-0.253,8822.53,-2033.3200000000006,70.83,9.920000000000002,22.230000000000004,2.4699999999999998,2033.3200000000006,9.920000000000002
11,6,20.0,87.47,92.51,5.02,0.599,5041.52,59.53,0,40,1,25.73,132,77,150.2,0,0,0,57.89,-37.89,7.64,-2.62,0.917,-0.31800000000000006,8822.53,-3781.01,70.83,16.64,37.89,2.62,3781.01,16.64
11,7,25.62,90.78,98.51,4.25,0.571,2568.36,40.96,1,40,1,25.73,132,77,150.2,0,0,0,57.89,-32.269999999999996,7.64,-3.3899999999999997,0.917,-0.3460000000000001,8822.53,-6254.17,70.83,19.950000000000003,32.269999999999996,3.3899999999999997,6254.17,19.950000000000003
11,8,33.92,80.01,83.2,4.84,0.723,6462.42,74.54,1,40,1,25.73,132,77,150.2,0,0,0,57.89,-23.97,7.64,-2.8,0.917,-0.19400000000000006,8822.53,-2360.1100000000006,70.83,9.180000000000007,23.97,2.8,2360.1100000000006,9.180000000000007
11,9,48.31,67.55,74.13,7.28,0.84,7794.28,88.63,0,40,1,25.73,132,77,150.2,0,0,0,57.89,-9.579999999999998,7.64,-0.35999999999999943,0.917,-0.07700000000000007,8822.53,-1028.250000000001,70.83,-3.280000000000001,9.579999999999998,0.35999999999999943,1028.250000000001,-3.280000000000001
11,10,47.24,68.61,81.33,7.01,0.876,7289.97,86.5,0,40,1,25.73,132,77,150.2,0,0,0,57.89,-10.649999999999999,7.64,-0.6299999999999999,0.917,-0.041000000000000036,8822.53,-1532.5600000000004,70.83,-2.219999999999999,10.649999999999999,0.6299999999999999,1532.5600000000004,-2.219999999999999
12,1,54.36,72.29,78.6,7.09,0.843,7399.44,85.96,0,34,0,20.07,141,83,158.7,1,0,0,54.36,0.0,7.09,0.0,0.843,0.0,7399.44,0.0,72.29,0.0,0.0,0.0,0.0,0.0
12,2,42.47,68.92,79.53,6.64,0.808,7204.46,83.18,0,34,0,20.07,141,83,158.7,1,0,0,54.36,-11.89,7.09,-0.4500000000000002,0.843,-0.03499999999999992,7399.44,-194.97999999999956,72.29,-3.3700000000000045,11.89,0.4500000000000002,194.97999999999956,-3.3700000000000045
12,3,42.1,76.27,83.37,6.54,0.806,5464.62,70.81,0,34,0,20.07,141,83,158.7,1,0,0,54.36,-12.259999999999998,7.09,-0.5499999999999998,0.843,-0.03699999999999992,7399.44,-1934.8199999999997,72.29,3.9799999999999898,12.259999999999998,0.5499999999999998,1934.8199999999997,3.9799999999999898
12,4,36.63,75.14,85.64,5.51,0.715,5654.49,68.52,0,34,0,20.07,141,83,158.7,1,0,0,54.36,-17.729999999999997,7.09,-1.58,0.843,-0.128,7399.44,-1744.9499999999998,72.29,2.8499999999999943,17.729999999999997,1.58,1744.9499999999998,2.8499999999999943
12,5,35.88,86.97,98.16,4.93,0.65,3811.5,52.9,0,34,0,20.07,141,83,158.7,1,0,0,54.36,-18.479999999999997,7.09,-2.16,0.843,-0.19299999999999995,7399.44,-3587.9399999999996,72.29,14.679999999999993,18.479999999999997,2.16,3587.9399999999996,14.679999999999993
12,6,26.73,87.6,94.46,5.33,0.626,5710.02,65.35,0,34,0,20.07,141,83,158.7,1,0,0,54.36,-27.63,7.09,-1.7599999999999998,0.843,-0.21699999999999997,7399.44,-1689.4199999999992,72.29,15.309999999999988,27.63,1.7599999999999998,1689.4199999999992,15.309999999999988
12,7,29.06,90.64,102.3,3.81,0.591,1200.0,32.13,1,34,0,20.07,141,83,158.7,1,0,0,54.36,-25.3,7.09,-3.28,0.843,-0.252,7399.44,-6199.44,72.29,18.349999999999994,25.3,3.28,6199.44,18.349999999999994
12,8,39.31,82.95,92.99,6.09,0.704,6532.42,74.27,1,34,0,20.07,141,83,158.7,1,0,0,54.36,-15.049999999999997,7.09,-1.0,0.843,-0.139,7399.44,-867.0199999999995,72.29,10.659999999999997,15.049999999999997,1.0,867.0199999999995,10.659999999999997
12,9,53.93,68.37,74.42,7.13,0.903,7313.73,87.76,0,34,0,20.07,141,83,158.7,1,0,0,54.36,-0.4299999999999997,7.09,0.040000000000000036,0.843,0.06000000000000005,7399.44,-85.71000000000004,72.29,-3.9200000000000017,0.4299999999999997,-0.040000000000000036,85.71000000000004,-3.9200000000000017
12,10,50.44,67.0,77.97,7.22,0.896,9018.77,99.5,0,34,0,20.07,141,83,158.7,1,0,0,54.36,-3.9200000000000017,7.09,0.1299999999999999,0.843,0.05300000000000005,7399.44,1619.3300000000008,72.29,-5.290000000000006,3.9200000000000017,-0.1299999999999999,-1619.3300000000008,-5.290000000000006
13,1,50.44,65.94,73.05,8.25,0.86,10392.16,100.0,0,61,0,29.44,129,86,160.0,1,0,0,50.44,0.0,8.25,0.0,0.86,0.0,10392.16,0.0,65.94,0.0,0.0,0.0,0.0,0.0
13,2,45.26,72.86,82.46,5.76,0.852,7403.54,86.36,0,61,0,29.44,129,86,160.0,1,0,0,50.44,-5.18,8.25,-2.49,0.86,-0.008000000000000007,10392.16,-2988.62,65.94,6.920000000000002,5.18,2.49,2988.62,6.920000000000002
13,3,34.33,75.89,80.98,6.11,0.721,6863.18,77.3,0,61,0,29.44,129,86,160.0,1,0,0,50.44,-16.11,8.25,-2.1399999999999997,0.86,-0.139,10392.16,-3528.9799999999996,65.94,9.950000000000003,16.11,2.1399999999999997,3528.9799999999996,9.950000000000003
13,4,33.68,77.67,86.17,5.47,0.718,6789.23,76.66,0,61,0,29.44,129,86,160.0,1,0,0,50.44,-16.759999999999998,8.25,-2.7800000000000002,0.86,-0.14200000000000002,10392.16,-3602.9300000000003,65.94,11.730000000000004,16.759999999999998,2.7800000000000002,3602.9300000000003,11.730000000000004
13,5,23.68,88.6,98.24,5.44,0.65,4181.73,55.53,0,61,0,29.44,129,86,160.0,1,0,0,50.44,-26.759999999999998,8.25,-2.8099999999999996,0.86,-0.20999999999999996,10392.16,-6210.43,65.94,22.659999999999997,26.759999999999998,2.8099999999999996,6210.43,22.659999999999997
13,6,18.0,91.18,98.25,4.22,0.64,4401.43,56.67,0,61,0,29.44,129,86,160.0,1,0,0,50.44,-32.44,8.25,-4.03,0.86,-0.21999999999999997,10392.16,-5990.73,65.94,25.24000000000001,32.44,4.03,5990.73,25.24000000000001
13,7,16.0,90.4,99.01,3.67,0.548,1214.7,30.48,1,61,0,29.44,129,86,160.0,1,0,0,50.44,-34.44,8.25,-4.58,0.86,-0.31199999999999994,10392.16,-9177.46,65.94,24.460000000000008,34.44,4.58,9177.46,24.460000000000008
13,8,29.3,83.4,91.22,6.13,0.697,4711.71,61.12,1,61,0,29.44,129,86,160.0,1,0,0,50.44,-21.139999999999997,8.25,-2.12,0.86,-0.16300000000000003,10392.16,-5680.45,65.94,17.460000000000008,21.139999999999997,2.12,5680.45,17.460000000000008
13,9,55.69,64.41,72.8,7.64,0.884,9434.64,100.0,0,61,0,29.44,129,86,160.0,1,0,0,50.44,5.25,8.25,-0.6100000000000003,0.86,0.02400000000000002,10392.16,-957.5200000000004,65.94,-1.5300000000000011,-5.25,0.6100000000000003,957.5200000000004,-1.5300000000000011
13,10,56.77,65.76,73.36,6.87,0.923,7962.58,93.12,0,61,0,29.44,129,86,160.0,1,0,0,50.44,6.330000000000005,8.25,-1.38,0.86,0.06300000000000006,10392.16,-2429.58,65.94,-0.1799999999999926,-6.330000000000005,1.38,2429.58,-0.1799999999999926
14,1,45.5,77.27,85.26,7.55,0.834,7830.54,88.65,0,63,0,32.39,137,82,179.1,0,0,1,45.5,0.0,7.55,0.0,0.834,0.0,7830.54,0.0,77.27,0.0,0.0,0.0,0.0,0.0
14,2,40.24,76.85,84.71,7.07,0.817,6370.86,77.64,0,63,0,32.39,137,82,179.1,0,0,1,45.5,-5.259999999999998,7.55,-0.47999999999999954,0.834,-0.017000000000000015,7830.54,-1459.6800000000003,77.27,-0.4200000000000017,5.259999999999998,0.47999999999999954,1459.6800000000003,-0.4200000000000017
14,3,34.15,87.63,92.44,5.44,0.728,4646.55,61.91,0,63,0,32.39,137,82,179.1,0,0,1,45.5,-11.350000000000001,7.55,-2.1099999999999994,0.834,-0.10599999999999998,7830.54,-3183.99,77.27,10.36,11.350000000000001,2.1099999999999994,3183.99,10.36
14,4,25.22,92.52,101.55,5.05,0.654,3735.62,52.53,0,63,0,32.39,137,82,179.1,0,0,1,45.5,-20.28,7.55,-2.5,0.834,-0.17999999999999994,7830.54,-4094.92,77.27,15.25,20.28,2.5,4094.92,15.25
14,5,19.86,101.09,107.85,4.61,0.583,3801.02,50.15,1,63,0,32.39,137,82,179.1,0,0,1,45.5,-25.64,7.55,-2.9399999999999995,0.834,-0.251,7830.54,-4029.52,77.27,23.820000000000007,25.64,2.9399999999999995,4029.52,23.820000000000007
14,6,26.85,90.15,98.79,4.95,0.717,6980.76,77.96,1,63,0,32.39,137,82,179.1,0,0,1,45.5,-18.65,7.55,-2.5999999999999996,0.834,-0.11699999999999999,7830.54,-849.7799999999997,77.27,12.88000000000001,18.65,2.5999999999999996,849.7799999999997,12.88000000000001
14,7,44.72,70.89,78.83,8.01,0.868,7566.31,88.14,0,63,0,32.39,137,82,179.1,0,0,1,45.5,-0.7800000000000011,7.55,0.45999999999999996,0.834,0.03400000000000003,7830.54,-264.22999999999956,77.27,-6.3799999999999955,0.7800000000000011,-0.45999999999999996,264.22999999999956,-6.3799999999999955
14,8,49.92,73.08,71.9,8.28,0.828,8465.62,92.86,0,63,0,32.39,137,82,179.1,0,0,1,45.5,4.420000000000002,7.55,0.7299999999999995,0.834,-0.006000000000000005,7830.54,635.0800000000008,77.27,-4.189999999999998,-4.420000000000002,-0.7299999999999995,-635.0800000000008,-4.189999999999998
14,9,45.49,73.54,78.13,7.49,0.85,6410.34,79.26,0,63,0,32.39,137,82,179.1,0,0,1,45.5,-0.00999999999999801,7.55,-0.05999999999999961,0.834,0.016000000000000014,7830.54,-1420.1999999999998,77.27,-3.7299999999999898,0.00999999999999801,0.05999999999999961,1420.1999999999998,-3.7299999999999898
14,10,48.3,71.36,77.79,6.79,0.82,9514.18,99.96,0,63,0,32.39,137,82,179.1,0,0,1,45.5,2.799999999999997,7.55,-0.7599999999999998,0.834,-0.014000000000000012,7830.54,1683.6400000000003,77.27,-5.909999999999997,-2.799999999999997,0.7599999999999998,-1683.6400000000003,-5.909999999999997
15,1,42.99,71.11,75.47,6.98,0.866,9503.29,100.0,0,52,0,24.55,147,76,209.7,1,1,1,42.99,0.0,6.98,0.0,0.866,0.0,9503.29,0.0,71.11,0.0,0.0,0.0,0.0,0.0
15,2,35.49,75.69,82.6,6.77,0.808,8108.7,89.57,0,52,0,24.55,147,76,209.7,1,1,1,42.99,-7.5,6.98,-0.21000000000000085,0.866,-0.05799999999999994,9503.29,-1394.590000000001,71.11,4.579999999999998,7.5,0.21000000000000085,1394.590000000001,4.579999999999998
15,3,31.22,80.32,93.27,5.53,0.718,4177.54,58.19,0,52,0,24.55,147,76,209.7,1,1,1,42.99,-11.770000000000003,6.98,-1.4500000000000002,0.866,-0.14800000000000002,9503.29,-5325.750000000001,71.11,9.209999999999994,11.770000000000003,1.4500000000000002,5325.750000000001,9.209999999999994
15,4,24.58,88.83,94.1,4.65,0.685,4466.26,58.92,0,52,0,24.55,147,76,209.7,1,1,1,42.99,-18.410000000000004,6.98,-2.33,0.866,-0.18099999999999994,9503.29,-5037.030000000001,71.11,17.72,18.410000000000004,2.33,5037.030000000001,17.72
15,5,16.1,95.05,98.44,4.17,0.592,3196.44,46.24,1,52,0,24.55,147,76,209.7,1,1,1,42.99,-26.89,6.98,-2.8100000000000005,0.866,-0.274,9503.29,-6306.85,71.11,23.939999999999998,26.89,2.8100000000000005,6306.85,23.939999999999998
15,6,32.76,79.87,86.17,6.02,0.705,5421.08,66.47,1,52,0,24.55,147,76,209.7,1,1,1,42.99,-10.230000000000004,6.98,-0.9600000000000009,0.866,-0.16100000000000003,9503.29,-4082.210000000001,71.11,8.760000000000005,10.230000000000004,0.9600000000000009,4082.210000000001,8.760000000000005
15,7,43.3,72.32,80.32,6.93,0.902,9133.16,100.0,0,52,0,24.55,147,76,209.7,1,1,1,42.99,0.30999999999999517,6.98,-0.05000000000000071,0.866,0.03600000000000003,9503.29,-370.130000000001,71.11,1.2099999999999937,-0.30999999999999517,0.05000000000000071,370.130000000001,1.2099999999999937
15,8,50.14,69.37,76.04,7.49,0.896,9675.32,100.0,0,52,0,24.55,147,76,209.7,1,1,1,42.99,7.149999999999999,6.98,0.5099999999999998,0.866,0.030000000000000027,9503.29,172.02999999999884,71.11,-1.7399999999999949,-7.149999999999999,-0.5099999999999998,-172.02999999999884,-1.7399999999999949
15,9,46.44,71.28,84.42,7.86,0.888,7757.2,90.26,0,52,0,24.55,147,76,209.7,1,1,1,42.99,3.4499999999999957,6.98,0.8799999999999999,0.866,0.02200000000000002,9503.29,-1746.090000000001,71.11,0.1700000000000017,-3.4499999999999957,-0.8799999999999999,1746.090000000001,0.1700000000000017
15,10,45.16,68.33,75.57,7.52,0.933,7150.47,87.77,0,52,0,24.55,147,76,209.7,1,1,1,42.99,2.1699999999999946,6.98,0.5399999999999991,0.866,0.06700000000000006,9503.29,-2352.8200000000006,71.11,-2.780000000000001,-2.1699999999999946,-0.5399999999999991,2352.8200000000006,-2.780000000000001
16,1,54.9,70.82,80.67,6.81,0.885,7996.98,91.84,0,46,0,25.7,117,69,152.1,0,0,0,54.9,0.0,6.81,0.0,0.885,0.0,7996.98,0.0,70.82,0.0,0.0,0.0,0.0,0.0
16,2,45.96,70.31,78.65,6.78,0.813,6857.91,80.92,0,46,0,25.7,117,69,152.1,0,0,0,54.9,-8.939999999999998,6.81,-0.02999999999999936,0.885,-0.07200000000000006,7996.98,-1139.0699999999997,70.82,-0.5099999999999909,8.939999999999998,0.02999999999999936,1139.0699999999997,-0.5099999999999909
16,3,48.13,76.22,84.6,6.2,0.772,5968.7,73.03,0,46,0,25.7,117,69,152.1,0,0,0,54.9,-6.769999999999996,6.81,-0.6099999999999994,0.885,-0.11299999999999999,7996.98,-2028.2799999999997,70.82,5.400000000000006,6.769999999999996,0.6099999999999994,2028.2799999999997,5.400000000000006
16,4,32.79,79.75,84.3,5.84,0.691,4665.24,60.58,0,46,0,25.7,117,69,152.1,0,0,0,54.9,-22.11,6.81,-0.9699999999999998,0.885,-0.19400000000000006,7996.98,-3331.74,70.82,8.930000000000007,22.11,0.9699999999999998,3331.74,8.930000000000007
16,5,28.41,83.56,93.15,5.67,0.681,4869.06,61.6,0,46,0,25.7,117,69,152.1,0,0,0,54.9,-26.49,6.81,-1.1399999999999997,0.885,-0.20399999999999996,7996.98,-3127.919999999999,70.82,12.740000000000009,26.49,1.1399999999999997,3127.919999999999,12.740000000000009
16,6,28.61,88.01,91.02,4.08,0.617,2666.51,43.5,0,46,0,25.7,117,69,152.1,0,0,0,54.9,-26.29,6.81,-2.7299999999999995,0.885,-0.268,7996.98,-5330.469999999999,70.82,17.190000000000012,26.29,2.7299999999999995,5330.469999999999,17.190000000000012
16,7,21.11,95.03,105.82,3.73,0.622,1517.46,35.58,1,46,0,25.7,117,69,152.1,0,0,0,54.9,-33.79,6.81,-3.0799999999999996,0.885,-0.263,7996.98,-6479.5199999999995,70.82,24.210000000000008,33.79,3.0799999999999996,6479.5199999999995,24.210000000000008
16,8,36.0,79.05,87.36,6.0,0.714,5612.01,68.15,1,46,0,25.7,117,69,152.1,0,0,0,54.9,-18.9,6.81,-0.8099999999999996,0.885,-0.17100000000000004,7996.98,-2384.9699999999993,70.82,8.230000000000004,18.9,0.8099999999999996,2384.9699999999993,8.230000000000004
16,9,48.7,73.17,84.57,7.03,0.933,10061.62,100.0,0,46,0,25.7,117,69,152.1,0,0,0,54.9,-6.199999999999996,6.81,0.22000000000000064,0.885,0.04800000000000004,7996.98,2064.6400000000012,70.82,2.3500000000000085,6.199999999999996,-0.22000000000000064,-2064.6400000000012,2.3500000000000085
16,10,51.55,66.99,74.81,7.1,0.87,9570.44,100.0,0,46,0,25.7,117,69,152.1,0,0,0,54.9,-3.3500000000000014,6.81,0.29000000000000004,0.885,-0.015000000000000013,7996.98,1573.460000000001,70.82,-3.8299999999999983,3.3500000000000014,-0.29000000000000004,-1573.460000000001,-3.8299999999999983
17,1,42.93,78.14,88.38,7.28,0.84,8231.97,91.7,0,47,1,26.24,95,75,135.7,1,0,1,42.93,0.0,7.28,0.0,0.84,0.0,8231.97,0.0,78.14,0.0,0.0,0.0,0.0,0.0
17,2,39.89,75.35,83.26,6.21,0.823,7336.71,84.72,0,47,1,26.24,95,75,135.7,1,0,1,42.93,-3.039999999999999,7.28,-1.0700000000000003,0.84,-0.017000000000000015,8231.97,-895.2599999999993,78.14,-2.7900000000000063,3.039999999999999,1.0700000000000003,895.2599999999993,-2.7900000000000063
17,3,38.28,80.11,89.56,6.08,0.738,4760.67,63.13,0,47,1,26.24,95,75,135.7,1,0,1,42.93,-4.649999999999999,7.28,-1.2000000000000002,0.84,-0.10199999999999998,8231.97,-3471.2999999999993,78.14,1.9699999999999989,4.649999999999999,1.2000000000000002,3471.2999999999993,1.9699999999999989
17,4,31.93,83.75,92.21,5.87,0.715,4873.88,62.99,0,47,1,26.24,95,75,135.7,1,0,1,42.93,-11.0,7.28,-1.4100000000000001,0.84,-0.125,8231.97,-3358.0899999999992,78.14,5.609999999999999,11.0,1.4100000000000001,3358.0899999999992,5.609999999999999
17,5,21.5,92.5,100.91,4.79,0.632,3200.27,47.85,0,47,1,26.24,95,75,135.7,1,0,1,42.93,-21.43,7.28,-2.49,0.84,-0.20799999999999996,8231.97,-5031.699999999999,78.14,14.36,21.43,2.49,5031.699999999999,14.36
17,6,21.77,94.48,104.69,4.14,0.602,1370.46,33.76,1,47,1,26.24,95,75,135.7,1,0,1,42.93,-21.16,7.28,-3.1400000000000006,0.84,-0.238,8231.97,-6861.509999999999,78.14,16.340000000000003,21.16,3.1400000000000006,6861.509999999999,16.340000000000003
17,7,30.39,85.89,95.92,6.07,0.706,4396.0,59.26,1,47,1,26.24,95,75,135.7,1,0,1,42.93,-12.54,7.28,-1.21,0.84,-0.134,8231.97,-3835.9699999999993,78.14,7.75,12.54,1.21,3835.9699999999993,7.75
17,8,46.58,74.49,77.69,6.81,0.884,9113.47,99.68,0,47,1,26.24,95,75,135.7,1,0,1,42.93,3.6499999999999986,7.28,-0.47000000000000064,0.84,0.04400000000000004,8231.97,881.5,78.14,-3.6500000000000057,-3.6499999999999986,0.47000000000000064,-881.5,-3.6500000000000057
17,9,49.68,73.52,76.49,7.03,0.876,5683.13,75.14,0,47,1,26.24,95,75,135.7,1,0,1,42.93,6.75,7.28,-0.25,0.84,0.03600000000000003,8231.97,-2548.8399999999992,78.14,-4.6200000000000045,-6.75,0.25,2548.8399999999992,-4.6200000000000045
17,10,40.47,77.83,88.15,7.12,0.885,8090.31,92.53,0,47,1,26.24,95,75,135.7,1,0,1,42.93,-2.460000000000001,7.28,-0.16000000000000014,0.84,0.04500000000000004,8231.97,-141.65999999999894,78.14,-0.3100000000000023,2.460000000000001,0.16000000000000014,141.65999999999894,-0.3100000000000023
18,1,48.73,70.21,76.16,7.7,0.856,6368.28,79.17,0,68,0,31.14,144,89,185.5,1,0,0,48.73,0.0,7.7,0.0,0.856,0.0,6368.28,0.0,70.21,0.0,0.0,0.0,0.0,0.0
18,2,40.14,76.9,85.05,6.21,0.833,5305.37,70.77,0,68,0,31.14,144,89,185.5,1,0,0,48.73,-8.589999999999996,7.7,-1.4900000000000002,0.856,-0.02300000000000002,6368.28,-1062.9099999999999,70.21,6.690000000000012,8.589999999999996,1.4900000000000002,1062.9099999999999,6.690000000000012
18,3,32.49,83.98,91.77,5.42,0.74,5240.52,66.58,0,68,0,31.14,144,89,185.5,1,0,0,48.73,-16.239999999999995,7.7,-2.2800000000000002,0.856,-0.11599999999999999,6368.28,-1127.7599999999993,70.21,13.77000000000001,16.239999999999995,2.2800000000000002,1127.7599999999993,13.77000000000001
18,4,28.82,87.6,94.22,5.41,0.626,5426.63,63.33,0,68,0,31.14,144,89,185.5,1,0,0,48.73,-19.909999999999997,7.7,-2.29,0.856,-0.22999999999999998,6368.28,-941.6499999999996,70.21,17.39,19.909999999999997,2.29,941.6499999999996,17.39
18,5,16.0,96.31,102.35,3.83,0.503,4020.93,48.52,1,68,0,31.14,144,89,185.5,1,0,0,48.73,-32.73,7.7,-3.87,0.856,-0.353,6368.28,-2347.35,70.21,26.10000000000001,32.73,3.87,2347.35,26.10000000000001
18,6,34.49,83.74,93.19,5.99,0.701,4582.44,60.39,1,68,0,31.14,144,89,185.5,1,0,0,48.73,-14.239999999999995,7.7,-1.71,0.856,-0.15500000000000003,6368.28,-1785.8400000000001,70.21,13.530000000000001,14.239999999999995,1.71,1785.8400000000001,13.530000000000001
18,7,51.43,71.97,77.81,7.06,0.859,7572.67,87.8,0,68,0,31.14,144,89,185.5,1,0,0,48.73,2.700000000000003,7.7,-0.6400000000000006,0.856,0.0030000000000000027,6368.28,1204.3900000000003,70.21,1.7600000000000051,-2.700000000000003,0.6400000000000006,-1204.3900000000003,1.7600000000000051
18,8,47.15,72.18,82.34,7.48,0.888,7988.5,91.9,0,68,0,31.14,144,89,185.5,1,0,0,48.73,-1.5799999999999983,7.7,-0.21999999999999975,0.856,0.03200000000000003,6368.28,1620.2200000000003,70.21,1.970000000000013,1.5799999999999983,0.21999999999999975,-1620.2200000000003,1.970000000000013
18,9,50.93,68.71,73.06,7.86,0.955,6474.22,83.9,0,68,0,31.14,144,89,185.5,1,0,0,48.73,2.200000000000003,7.7,0.16000000000000014,0.856,0.09899999999999998,6368.28,105.94000000000051,70.21,-1.5,-2.200000000000003,-0.16000000000000014,-105.94000000000051,-1.5
18,10,53.35,69.14,74.78,7.11,0.872,9677.84,100.0,0,68,0,31.14,144,89,185.5,1,0,0,48.73,4.6200000000000045,7.7,-0.5899999999999999,0.856,0.016000000000000014,6368.28,3309.5600000000004,70.21,-1.0699999999999932,-4.6200000000000045,0.5899999999999999,-3309.5600000000004,-1.0699999999999932
19,1,44.77,73.9,83.98,7.25,0.903,7412.54,88.44,0,67,1,22.9,123,93,206.2,1,0,1,44.77,0.0,7.25,0.0,0.903,0.0,7412.54,0.0,73.9,0.0,0.0,0.0,0.0,0.0
19,2,36.23,77.06,88.84,7.18,0.814,8003.51,89.07,0,67,1,22.9,123,93,206.2,1,0,1,44.77,-8.540000000000006,7.25,-0.07000000000000028,0.903,-0.08900000000000008,7412.54,590.9700000000003,73.9,3.1599999999999966,8.540000000000006,0.07000000000000028,-590.9700000000003,3.1599999999999966
19,3,30.58,81.14,87.24,5.83,0.775,5895.79,72.6,0,67,1,22.9,123,93,206.2,1,0,1,44.77,-14.190000000000005,7.25,-1.42,0.903,-0.128,7412.54,-1516.75,73.9,7.239999999999995,14.190000000000005,1.42,1516.75,7.239999999999995
19,4,35.29,84.2,94.53,5.12,0.713,5298.41,65.93,0,67,1,22.9,123,93,206.2,1,0,1,44.77,-9.480000000000004,7.25,-2.13,0.903,-0.19000000000000006,7412.54,-2114.13,73.9,10.299999999999997,9.480000000000004,2.13,2114.13,10.299999999999997
19,5,21.57,89.44,97.69,5.01,0.631,3591.4,50.57,0,67,1,22.9,123,93,206.2,1,0,1,44.77,-23.200000000000003,7.25,-2.24,0.903,-0.272,7412.54,-3821.14,73.9,15.539999999999992,23.200000000000003,2.24,3821.14,15.539999999999992
19,6,19.97,90.62,96.5,4.48,0.555,3096.54,44.07,1,67,1,22.9,123,93,206.2,1,0,1,44.77,-24.800000000000004,7.25,-2.7699999999999996,0.903,-0.348,7412.54,-4316.0,73.9,16.72,24.800000000000004,2.7699999999999996,4316.0,16.72
19,7,32.39,86.12,97.03,5.41,0.797,6399.98,77.07,1,67,1,22.9,123,93,206.2,1,0,1,44.77,-12.380000000000003,7.25,-1.8399999999999999,0.903,-0.10599999999999998,7412.54,-1012.5600000000004,73.9,12.219999999999999,12.380000000000003,1.8399999999999999,1012.5600000000004,12.219999999999999
19,8,49.84,71.05,84.67,7.74,0.925,9756.49,100.0,0,67,1,22.9,123,93,206.2,1,0,1,44.77,5.07,7.25,0.4900000000000002,0.903,0.02200000000000002,7412.54,2343.95,73.9,-2.8500000000000085,-5.07,-0.4900000000000002,-2343.95,-2.8500000000000085
19,9,48.31,71.36,79.29,7.78,0.893,9746.38,100.0,0,67,1,22.9,123,93,206.2,1,0,1,44.77,3.539999999999999,7.25,0.5300000000000002,0.903,-0.010000000000000009,7412.54,2333.8399999999992,73.9,-2.5400000000000063,-3.539999999999999,-0.5300000000000002,-2333.8399999999992,-2.5400000000000063
19,10,48.5,66.98,74.93,7.37,0.816,9472.53,99.49,0,67,1,22.9,123,93,206.2,1,0,1,44.77,3.729999999999997,7.25,0.1200000000000001,0.903,-0.08700000000000008,7412.54,2059.9900000000007,73.9,-6.920000000000002,-3.729999999999997,-0.1200000000000001,-2059.9900000000007,-6.920000000000002
20,1,54.95,73.43,81.72,7.65,0.928,8514.95,97.21,0,46,0,27.67,121,87,151.5,0,0,0,54.95,0.0,7.65,0.0,0.928,0.0,8514.95,0.0,73.43,0.0,0.0,0.0,0.0,0.0
20,2,49.37,76.63,84.72,6.73,0.847,6352.65,78.71,0,46,0,27.67,121,87,151.5,0,0,0,54.95,-5.580000000000005,7.65,-0.9199999999999999,0.928,-0.08100000000000007,8514.95,-2162.300000000001,73.43,3.1999999999999886,5.580000000000005,0.9199999999999999,2162.300000000001,3.1999999999999886
20,3,41.39,78.15,85.62,6.56,0.771,5169.02,67.31,0,46,0,27.67,121,87,151.5,0,0,0,54.95,-13.560000000000002,7.65,-1.0900000000000007,0.928,-0.15700000000000003,8514.95,-3345.9300000000003,73.43,4.719999999999999,13.560000000000002,1.0900000000000007,3345.9300000000003,4.719999999999999
20,4,32.01,84.96,95.26,5.23,0.719,3453.79,53.15,0,46,0,27.67,121,87,151.5,0,0,0,54.95,-22.940000000000005,7.65,-2.42,0.928,-0.20900000000000007,8514.95,-5061.160000000001,73.43,11.529999999999987,22.940000000000005,2.42,5061.160000000001,11.529999999999987
20,5,22.86,83.02,89.74,4.61,0.621,3639.98,50.53,0,46,0,27.67,121,87,151.5,0,0,0,54.95,-32.09,7.65,-3.04,0.928,-0.30700000000000005,8514.95,-4874.970000000001,73.43,9.58999999999999,32.09,3.04,4874.970000000001,9.58999999999999
20,6,19.07,95.0,99.79,4.76,0.537,1931.03,35.13,1,46,0,27.67,121,87,151.5,0,0,0,54.95,-35.88,7.65,-2.8900000000000006,0.928,-0.391,8514.95,-6583.920000000001,73.43,21.569999999999993,35.88,2.8900000000000006,6583.920000000001,21.569999999999993
20,7,32.73,84.3,93.88,5.79,0.75,6269.57,74.27,1,46,0,27.67,121,87,151.5,0,0,0,54.95,-22.220000000000006,7.65,-1.8600000000000003,0.928,-0.17800000000000005,8514.95,-2245.380000000001,73.43,10.86999999999999,22.220000000000006,1.8600000000000003,2245.380000000001,10.86999999999999
20,8,50.33,71.61,76.69,7.48,0.868,9699.5,100.0,0,46,0,27.67,121,87,151.5,0,0,0,54.95,-4.6200000000000045,7.65,-0.16999999999999993,0.928,-0.06000000000000005,8514.95,1184.5499999999993,73.43,-1.8200000000000074,4.6200000000000045,0.16999999999999993,-1184.5499999999993,-1.8200000000000074
20,9,51.92,68.06,78.49,7.07,0.898,6538.13,82.09,0,46,0,27.67,121,87,151.5,0,0,0,54.95,-3.030000000000001,7.65,-0.5800000000000001,0.928,-0.030000000000000027,8514.95,-1976.8200000000006,73.43,-5.3700000000000045,3.030000000000001,0.5800000000000001,1976.8200000000006,-5.3700000000000045
20,10,57.7,70.17,79.74,7.98,0.85,6972.76,83.21,0,46,0,27.67,121,87,151.5,0,0,0,54.95,2.75,7.65,0.33000000000000007,0.928,-0.07800000000000007,8514.95,-1542.1900000000005,73.43,-3.260000000000005,-2.75,-0.33000000000000007,1542.1900000000005,-3.260000000000005
21,1,47.95,68.53,76.56,7.24,0.869,9819.2,100.0,0,49,0,29.26,127,81,201.7,0,0,0,47.95,0.0,7.24,0.0,0.869,0.0,9819.2,0.0,68.53,0.0,0.0,0.0,0.0,0.0
21,2,42.8,73.19,83.18,6.9,0.815,8182.56,90.36,0,49,0,29.26,127,81,201.7,0,0,0,47.95,-5.150000000000006,7.24,-0.33999999999999986,0.869,-0.05400000000000005,9819.2,-1636.6400000000003,68.53,4.659999999999997,5.150000000000006,0.33999999999999986,1636.6400000000003,4.659999999999997
21,3,42.69,78.69,87.28,5.58,0.808,6955.65,81.43,0,49,0,29.26,127,81,201.7,0,0,0,47.95,-5.260000000000005,7.24,-1.6600000000000001,0.869,-0.06099999999999994,9819.2,-2863.550000000001,68.53,10.159999999999997,5.260000000000005,1.6600000000000001,2863.550000000001,10.159999999999997
21,4,39.93,83.3,89.84,5.68,0.731,8200.4,87.13,0,49,0,29.26,127,81,201.7,0,0,0,47.95,-8.020000000000003,7.24,-1.5600000000000005,0.869,-0.138,9819.2,-1618.800000000001,68.53,14.769999999999996,8.020000000000003,1.5600000000000005,1618.800000000001,14.769999999999996
21,5,27.79,87.04,91.6,5.59,0.677,3347.71,50.7,0,49,0,29.26,127,81,201.7,0,0,0,47.95,-20.160000000000004,7.24,-1.6500000000000004,0.869,-0.19199999999999995,9819.2,-6471.490000000001,68.53,18.510000000000005,20.160000000000004,1.6500000000000004,6471.490000000001,18.510000000000005
21,6,31.36,90.96,102.96,5.28,0.621,5431.74,63.16,0,49,0,29.26,127,81,201.7,0,0,0,47.95,-16.590000000000003,7.24,-1.96,0.869,-0.248,9819.2,-4387.460000000001,68.53,22.429999999999993,16.590000000000003,1.96,4387.460000000001,22.429999999999993
21,7,17.74,96.96,101.75,3.0,0.601,2338.25,40.53,1,49,0,29.26,127,81,201.7,0,0,0,47.95,-30.210000000000004,7.24,-4.24,0.869,-0.268,9819.2,-7480.950000000001,68.53,28.429999999999993,30.210000000000004,4.24,7480.950000000001,28.429999999999993
21,8,32.82,81.29,86.37,5.66,0.756,7444.52,82.8,1,49,0,29.26,127,81,201.7,0,0,0,47.95,-15.130000000000003,7.24,-1.58,0.869,-0.11299999999999999,9819.2,-2374.6800000000003,68.53,12.760000000000005,15.130000000000003,1.58,2374.6800000000003,12.760000000000005
21,9,48.38,70.0,77.79,7.44,0.872,9185.95,99.72,0,49,0,29.26,127,81,201.7,0,0,0,47.95,0.4299999999999997,7.24,0.20000000000000018,0.869,0.0030000000000000027,9819.2,-633.25,68.53,1.4699999999999989,-0.4299999999999997,-0.20000000000000018,633.25,1.4699999999999989
21,10,50.68,66.65,76.51,7.12,0.862,8909.9,97.38,0,49,0,29.26,127,81,201.7,0,0,0,47.95,2.729999999999997,7.24,-0.1200000000000001,0.869,-0.007000000000000006,9819.2,-909.3000000000011,68.53,-1.8799999999999955,-2.729999999999997,0.1200000000000001,909.3000000000011,-1.8799999999999955
22,1,45.89,75.99,85.6,7.15,0.869,7870.03,90.32,0,60,1,27.97,127,69,121.8,0,0,1,45.89,0.0,7.15,0.0,0.869,0.0,7870.03,0.0,75.99,0.0,0.0,0.0,0.0,0.0
22,2,35.11,80.12,86.28,6.2,0.787,5994.63,73.78,0,60,1,27.97,127,69,121.8,0,0,1,45.89,-10.780000000000001,7.15,-0.9500000000000002,0.869,-0.08199999999999996,7870.03,-1875.3999999999996,75.99,4.13000000000001,10.780000000000001,0.9500000000000002,1875.3999999999996,4.13000000000001
22,3,27.04,89.59,95.93,5.35,0.674,3746.5,53.43,0,60,1,27.97,127,69,121.8,0,0,1,45.89,-18.85,7.15,-1.8000000000000007,0.869,-0.19499999999999995,7870.03,-4123.53,75.99,13.600000000000009,18.85,1.8000000000000007,4123.53,13.600000000000009
22,4,16.0,94.2,105.24,4.07,0.597,3558.2,48.99,1,60,1,27.97,127,69,121.8,0,0,1,45.89,-29.89,7.15,-3.08,0.869,-0.272,7870.03,-4311.83,75.99,18.210000000000008,29.89,3.08,4311.83,18.210000000000008
22,5,34.63,86.8,98.57,5.64,0.754,5540.11,69.26,1,60,1,27.97,127,69,121.8,0,0,1,45.89,-11.259999999999998,7.15,-1.5100000000000007,0.869,-0.11499999999999999,7870.03,-2329.92,75.99,10.810000000000002,11.259999999999998,1.5100000000000007,2329.92,10.810000000000002
22,6,48.47,73.86,78.72,7.63,0.884,7638.3,89.27,0,60,1,27.97,127,69,121.8,0,0,1,45.89,2.5799999999999983,7.15,0.47999999999999954,0.869,0.015000000000000013,7870.03,-231.72999999999956,75.99,-2.1299999999999955,-2.5799999999999983,-0.47999999999999954,231.72999999999956,-2.1299999999999955
22,7,45.51,75.77,80.5,7.17,0.907,9582.18,100.0,0,60,1,27.97,127,69,121.8,0,0,1,45.89,-0.38000000000000256,7.15,0.019999999999999574,0.869,0.038000000000000034,7870.03,1712.1500000000005,75.99,-0.21999999999999886,0.38000000000000256,-0.019999999999999574,-1712.1500000000005,-0.21999999999999886
22,8,51.27,69.16,78.71,6.87,0.934,9009.12,100.0,0,60,1,27.97,127,69,121.8,0,0,1,45.89,5.380000000000003,7.15,-0.28000000000000025,0.869,0.06500000000000006,7870.03,1139.090000000001,75.99,-6.829999999999998,-5.380000000000003,0.28000000000000025,-1139.090000000001,-6.829999999999998
22,9,41.42,74.02,85.81,7.77,0.893,8706.83,97.17,0,60,1,27.97,127,69,121.8,0,0,1,45.89,-4.469999999999999,7.15,0.6199999999999992,0.869,0.02400000000000002,7870.03,836.8000000000002,75.99,-1.9699999999999989,4.469999999999999,-0.6199999999999992,-836.8000000000002,-1.9699999999999989
22,10,44.49,77.39,79.82,7.83,0.923,7635.31,90.83,0,60,1,27.97,127,69,121.8,0,0,1,45.89,-1.3999999999999986,7.15,0.6799999999999997,0.869,0.05400000000000005,7870.03,-234.71999999999935,75.99,1.4000000000000057,1.3999999999999986,-0.6799999999999997,234.71999999999935,1.4000000000000057
23,1,50.56,69.42,77.92,7.08,0.925,9073.84,100.0,0,55,0,23.87,136,77,255.3,1,0,0,50.56,0.0,7.08,0.0,0.925,0.0,9073.84,0.0,69.42,0.0,0.0,0.0,0.0,0.0
23,2,42.25,81.67,86.14,6.93,0.745,6342.84,74.56,0,55,0,23.87,136,77,255.3,1,0,0,50.56,-8.310000000000002,7.08,-0.15000000000000036,0.925,-0.18000000000000005,9073.84,-2731.0,69.42,12.25,8.310000000000002,0.15000000000000036,2731.0,12.25
23,3,32.19,81.05,89.47,5.31,0.607,3951.66,52.18,0,55,0,23.87,136,77,255.3,1,0,0,50.56,-18.370000000000005,7.08,-1.7700000000000005,0.925,-0.31800000000000006,9073.84,-5122.18,69.42,11.629999999999995,18.370000000000005,1.7700000000000005,5122.18,11.629999999999995
23,4,17.68,94.27,99.08,4.35,0.569,3994.78,50.94,1,55,0,23.87,136,77,255.3,1,0,0,50.56,-32.88,7.08,-2.7300000000000004,0.925,-0.3560000000000001,9073.84,-5079.0599999999995,69.42,24.849999999999994,32.88,2.7300000000000004,5079.0599999999995,24.849999999999994
23,5,34.22,82.57,91.72,6.2,0.734,4880.7,63.83,1,55,0,23.87,136,77,255.3,1,0,0,50.56,-16.340000000000003,7.08,-0.8799999999999999,0.925,-0.19100000000000006,9073.84,-4193.14,69.42,13.149999999999991,16.340000000000003,0.8799999999999999,4193.14,13.149999999999991
23,6,48.51,66.95,72.41,7.46,0.863,9084.67,98.65,0,55,0,23.87,136,77,255.3,1,0,0,50.56,-2.0500000000000043,7.08,0.3799999999999999,0.925,-0.062000000000000055,9073.84,10.829999999999927,69.42,-2.469999999999999,2.0500000000000043,-0.3799999999999999,-10.829999999999927,-2.469999999999999
23,7,46.29,68.41,79.57,7.56,0.904,10262.77,100.0,0,55,0,23.87,136,77,255.3,1,0,0,50.56,-4.270000000000003,7.08,0.47999999999999954,0.925,-0.02100000000000002,9073.84,1188.9300000000003,69.42,-1.0100000000000051,4.270000000000003,-0.47999999999999954,-1188.9300000000003,-1.0100000000000051
23,8,54.39,68.77,77.81,7.47,0.849,7904.47,89.75,0,55,0,23.87,136,77,255.3,1,0,0,50.56,3.8299999999999983,7.08,0.3899999999999997,0.925,-0.07600000000000007,9073.84,-1169.37,69.42,-0.6500000000000057,-3.8299999999999983,-0.3899999999999997,1169.37,-0.6500000000000057
23,9,45.78,69.13,76.52,7.89,0.917,8516.51,96.79,0,55,0,23.87,136,77,255.3,1,0,0,50.56,-4.780000000000001,7.08,0.8099999999999996,0.925,-0.008000000000000007,9073.84,-557.3299999999999,69.42,-0.29000000000000625,4.780000000000001,-0.8099999999999996,557.3299999999999,-0.29000000000000625
23,10,52.58,67.75,75.35,7.3,0.92,7723.73,91.31,0,55,0,23.87,136,77,255.3,1,0,0,50.56,2.019999999999996,7.08,0.21999999999999975,0.925,-0.0050000000000000044,9073.84,-1350.1100000000006,69.42,-1.6700000000000017,-2.019999999999996,-0.21999999999999975,1350.1100000000006,-1.6700000000000017
24,1,50.04,68.12,78.64,7.86,0.882,7577.91,88.77,0,66,0,18.0,145,98,208.3,0,0,0,50.04,0.0,7.86,0.0,0.882,0.0,7577.91,0.0,68.12,0.0,0.0,0.0,0.0,0.0
24,2,49.24,69.6,75.02,6.05,0.834,7023.09,82.95,0,66,0,18.0,145,98,208.3,0,0,0,50.04,-0.7999999999999972,7.86,-1.8100000000000005,0.882,-0.04800000000000004,7577.91,-554.8199999999997,68.12,1.4799999999999898,0.7999999999999972,1.8100000000000005,554.8199999999997,1.4799999999999898
24,3,36.13,78.31,86.29,6.39,0.786,7211.26,82.33,0,66,0,18.0,145,98,208.3,0,0,0,50.04,-13.909999999999997,7.86,-1.4700000000000006,0.882,-0.09599999999999997,7577.91,-366.64999999999964,68.12,10.189999999999998,13.909999999999997,1.4700000000000006,366.64999999999964,10.189999999999998
24,4,32.8,80.85,89.39,6.7,0.671,4318.66,57.32,0,66,0,18.0,145,98,208.3,0,0,0,50.04,-17.240000000000002,7.86,-1.1600000000000001,0.882,-0.21099999999999997,7577.91,-3259.25,68.12,12.72999999999999,17.240000000000002,1.1600000000000001,3259.25,12.72999999999999
24,5,27.47,85.3,94.32,5.61,0.702,5870.48,69.5,0,66,0,18.0,145,98,208.3,0,0,0,50.04,-22.57,7.86,-2.25,0.882,-0.18000000000000005,7577.91,-1707.4300000000003,68.12,17.179999999999993,22.57,2.25,1707.4300000000003,17.179999999999993
24,6,22.92,84.61,92.24,3.87,0.628,4923.82,59.89,0,66,0,18.0,145,98,208.3,0,0,0,50.04,-27.119999999999997,7.86,-3.99,0.882,-0.254,7577.91,-2654.09,68.12,16.489999999999995,27.119999999999997,3.99,2654.09,16.489999999999995
24,7,16.0,92.62,97.28,4.02,0.55,2203.04,37.56,1,66,0,18.0,145,98,208.3,0,0,0,50.04,-34.04,7.86,-3.8400000000000007,0.882,-0.33199999999999996,7577.91,-5374.87,68.12,24.5,34.04,3.8400000000000007,5374.87,24.5
24,8,32.46,80.95,85.32,5.29,0.715,6926.56,77.48,1,66,0,18.0,145,98,208.3,0,0,0,50.04,-17.58,7.86,-2.5700000000000003,0.882,-0.16700000000000004,7577.91,-651.3499999999995,68.12,12.829999999999998,17.58,2.5700000000000003,651.3499999999995,12.829999999999998
24,9,55.23,64.2,71.64,7.14,0.83,10152.68,100.0,0,66,0,18.0,145,98,208.3,0,0,0,50.04,5.189999999999998,7.86,-0.7200000000000006,0.882,-0.052000000000000046,7577.91,2574.7700000000004,68.12,-3.9200000000000017,-5.189999999999998,0.7200000000000006,-2574.7700000000004,-3.9200000000000017
24,10,48.44,65.33,74.03,7.7,0.854,8390.62,93.38,0,66,0,18.0,145,98,208.3,0,0,0,50.04,-1.6000000000000014,7.86,-0.16000000000000014,0.882,-0.028000000000000025,7577.91,812.710000000001,68.12,-2.7900000000000063,1.6000000000000014,0.16000000000000014,-812.710000000001,-2.7900000000000063
25,1,48.24,68.37,71.78,7.4,0.898,7639.54,89.83,0,74,1,32.02,127,74,180.7,0,0,0,48.24,0.0,7.4,0.0,0.898,0.0,7639.54,0.0,68.37,0.0,0.0,0.0,0.0,0.0
25,2,36.89,74.88,82.43,6.61,0.829,7448.35,85.73,0,74,1,32.02,127,74,180.7,0,0,0,48.24,-11.350000000000001,7.4,-0.79,0.898,-0.06900000000000006,7639.54,-191.1899999999996,68.37,6.509999999999991,11.350000000000001,0.79,191.1899999999996,6.509999999999991
25,3,37.54,80.96,88.11,6.26,0.855,5354.01,71.98,0,74,1,32.02,127,74,180.7,0,0,0,48.24,-10.700000000000003,7.4,-1.1400000000000006,0.898,-0.04300000000000004,7639.54,-2285.5299999999997,68.37,12.58999999999999,10.700000000000003,1.1400000000000006,2285.5299999999997,12.58999999999999
25,4,31.46,83.72,90.1,5.72,0.737,6298.3,73.95,0,74,1,32.02,127,74,180.7,0,0,0,48.24,-16.78,7.4,-1.6800000000000006,0.898,-0.16100000000000003,7639.54,-1341.2399999999998,68.37,15.349999999999994,16.78,1.6800000000000006,1341.2399999999998,15.349999999999994
25,5,33.75,86.32,87.35,5.32,0.712,5352.84,66.26,0,74,1,32.02,127,74,180.7,0,0,0,48.24,-14.490000000000002,7.4,-2.08,0.898,-0.18600000000000005,7639.54,-2286.7,68.37,17.94999999999999,14.490000000000002,2.08,2286.7,17.94999999999999
25,6,26.29,85.14,92.27,4.89,0.619,3919.04,52.44,0,74,1,32.02,127,74,180.7,0,0,0,48.24,-21.950000000000003,7.4,-2.5100000000000007,0.898,-0.279,7639.54,-3720.5,68.37,16.769999999999996,21.950000000000003,2.5100000000000007,3720.5,16.769999999999996
25,7,18.56,92.09,102.44,4.61,0.616,2704.06,43.71,0,74,1,32.02,127,74,180.7,0,0,0,48.24,-29.680000000000003,7.4,-2.79,0.898,-0.28200000000000003,7639.54,-4935.48,68.37,23.72,29.680000000000003,2.79,4935.48,23.72
25,8,17.99,95.84,101.94,3.89,0.596,2427.04,40.99,1,74,1,32.02,127,74,180.7,0,0,0,48.24,-30.250000000000004,7.4,-3.5100000000000002,0.898,-0.30200000000000005,7639.54,-5212.5,68.37,27.47,30.250000000000004,3.5100000000000002,5212.5,27.47
25,9,22.78,79.62,85.96,6.11,0.761,6279.96,74.79,1,74,1,32.02,127,74,180.7,0,0,0,48.24,-25.46,7.4,-1.29,0.898,-0.137,7639.54,-1359.58,68.37,11.25,25.46,1.29,1359.58,11.25
25,10,49.8,71.54,80.52,7.27,0.926,9675.51,100.0,0,74,1,32.02,127,74,180.7,0,0,0,48.24,1.5599999999999952,7.4,-0.13000000000000078,0.898,0.028000000000000025,7639.54,2035.9700000000003,68.37,3.1700000000000017,-1.5599999999999952,0.13000000000000078,-2035.9700000000003,3.1700000000000017
26,1,50.32,74.58,81.93,7.25,0.885,7700.43,89.74,0,45,1,36.73,140,74,201.5,1,1,0,50.32,0.0,7.25,0.0,0.885,0.0,7700.43,0.0,74.58,0.0,0.0,0.0,0.0,0.0
26,2,43.61,74.93,83.68,7.13,0.8,8215.14,89.98,0,45,1,36.73,140,74,201.5,1,1,0,50.32,-6.710000000000001,7.25,-0.1200000000000001,0.885,-0.08499999999999996,7700.43,514.7099999999991,74.58,0.3500000000000085,6.710000000000001,0.1200000000000001,-514.7099999999991,0.3500000000000085
26,3,40.89,78.41,87.58,5.91,0.769,7641.47,84.7,0,45,1,36.73,140,74,201.5,1,1,0,50.32,-9.43,7.25,-1.3399999999999999,0.885,-0.11599999999999999,7700.43,-58.960000000000036,74.58,3.8299999999999983,9.43,1.3399999999999999,58.960000000000036,3.8299999999999983
26,4,36.9,87.64,94.43,5.34,0.707,5797.42,69.21,0,45,1,36.73,140,74,201.5,1,1,0,50.32,-13.420000000000002,7.25,-1.9100000000000001,0.885,-0.17800000000000005,7700.43,-1903.0100000000002,74.58,13.060000000000002,13.420000000000002,1.9100000000000001,1903.0100000000002,13.060000000000002
26,5,34.35,85.63,96.04,5.22,0.648,5890.11,67.5,0,45,1,36.73,140,74,201.5,1,1,0,50.32,-15.969999999999999,7.25,-2.0300000000000002,0.885,-0.237,7700.43,-1810.3200000000006,74.58,11.049999999999997,15.969999999999999,2.0300000000000002,1810.3200000000006,11.049999999999997
26,6,16.49,92.5,97.01,4.36,0.622,4025.2,53.29,0,45,1,36.73,140,74,201.5,1,1,0,50.32,-33.83,7.25,-2.8899999999999997,0.885,-0.263,7700.43,-3675.2300000000005,74.58,17.92,33.83,2.8899999999999997,3675.2300000000005,17.92
26,7,16.0,97.41,110.73,4.4,0.566,2345.27,39.2,1,45,1,36.73,140,74,201.5,1,1,0,50.32,-34.32,7.25,-2.8499999999999996,0.885,-0.31900000000000006,7700.43,-5355.16,74.58,22.83,34.32,2.8499999999999996,5355.16,22.83
26,8,38.65,82.97,93.85,5.01,0.73,4485.25,60.87,1,45,1,36.73,140,74,201.5,1,1,0,50.32,-11.670000000000002,7.25,-2.24,0.885,-0.15500000000000003,7700.43,-3215.1800000000003,74.58,8.39,11.670000000000002,2.24,3215.1800000000003,8.39
26,9,49.18,68.07,76.26,7.53,0.881,7251.27,86.43,0,45,1,36.73,140,74,201.5,1,1,0,50.32,-1.1400000000000006,7.25,0.28000000000000025,0.885,-0.0040000000000000036,7700.43,-449.15999999999985,74.58,-6.510000000000005,1.1400000000000006,-0.28000000000000025,449.15999999999985,-6.510000000000005
26,10,46.85,69.05,78.52,7.49,0.893,9380.55,100.0,0,45,1,36.73,140,74,201.5,1,1,0,50.32,-3.469999999999999,7.25,0.2400000000000002,0.885,0.008000000000000007,7700.43,1680.119999999999,74.58,-5.530000000000001,3.469999999999999,-0.2400000000000002,-1680.119999999999,-5.530000000000001
27,1,52.61,72.4,83.18,7.03,0.86,9152.13,99.0,0,53,1,34.57,121,81,201.5,1,0,0,52.61,0.0,7.03,0.0,0.86,0.0,9152.13,0.0,72.4,0.0,0.0,0.0,0.0,0.0
27,2,38.12,76.31,79.13,6.27,0.777,6438.01,76.54,0,53,1,34.57,121,81,201.5,1,0,0,52.61,-14.490000000000002,7.03,-0.7600000000000007,0.86,-0.08299999999999996,9152.13,-2714.119999999999,72.4,3.9099999999999966,14.490000000000002,0.7600000000000007,2714.119999999999,3.9099999999999966
27,3,27.69,86.94,95.4,5.61,0.699,4350.91,58.67,0,53,1,34.57,121,81,201.5,1,0,0,52.61,-24.919999999999998,7.03,-1.42,0.86,-0.16100000000000003,9152.13,-4801.219999999999,72.4,14.539999999999992,24.919999999999998,1.42,4801.219999999999,14.539999999999992
27,4,16.67,95.92,104.27,3.78,0.566,3580.0,47.92,1,53,1,34.57,121,81,201.5,1,0,0,52.61,-35.94,7.03,-3.2500000000000004,0.86,-0.29400000000000004,9152.13,-5572.129999999999,72.4,23.519999999999996,35.94,3.2500000000000004,5572.129999999999,23.519999999999996
27,5,40.13,83.64,92.64,6.57,0.779,6246.5,75.24,1,53,1,34.57,121,81,201.5,1,0,0,52.61,-12.479999999999997,7.03,-0.45999999999999996,0.86,-0.08099999999999996,9152.13,-2905.629999999999,72.4,11.239999999999995,12.479999999999997,0.45999999999999996,2905.629999999999,11.239999999999995
27,6,51.32,69.86,79.89,8.15,0.903,9314.88,100.0,0,53,1,34.57,121,81,201.5,1,0,0,52.61,-1.2899999999999991,7.03,1.12,0.86,0.04300000000000004,9152.13,162.75,72.4,-2.5400000000000063,1.2899999999999991,-1.12,-162.75,-2.5400000000000063
27,7,53.54,71.17,74.48,7.58,0.942,8714.3,99.2,0,53,1,34.57,121,81,201.5,1,0,0,52.61,0.9299999999999997,7.03,0.5499999999999998,0.86,0.08199999999999996,9152.13,-437.8299999999999,72.4,-1.230000000000004,-0.9299999999999997,-0.5499999999999998,437.8299999999999,-1.230000000000004
27,8,53.42,73.68,85.46,7.1,0.863,8006.17,91.03,0,53,1,34.57,121,81,201.5,1,0,0,52.61,0.8100000000000023,7.03,0.0699999999999994,0.86,0.0030000000000000027,9152.13,-1145.9599999999991,72.4,1.2800000000000011,-0.8100000000000023,-0.0699999999999994,1145.9599999999991,1.2800000000000011
27,9,55.22,74.69,82.79,7.96,0.851,9763.95,100.0,0,53,1,34.57,121,81,201.5,1,0,0,52.61,2.6099999999999994,7.03,0.9299999999999997,0.86,-0.009000000000000008,9152.13,611.8200000000015,72.4,2.289999999999992,-2.6099999999999994,-0.9299999999999997,-611.8200000000015,2.289999999999992
27,10,56.81,68.17,75.01,6.76,0.92,8318.47,95.53,0,53,1,34.57,121,81,201.5,1,0,0,52.61,4.200000000000003,7.03,-0.27000000000000046,0.86,0.06000000000000005,9152.13,-833.6599999999999,72.4,-4.230000000000004,-4.200000000000003,0.27000000000000046,833.6599999999999,-4.230000000000004
28,1,50.57,67.73,79.88,7.6,0.875,9710.11,100.0,0,69,0,27.87,123,92,132.5,0,0,0,50.57,0.0,7.6,0.0,0.875,0.0,9710.11,0.0,67.73,0.0,0.0,0.0,0.0,0.0
28,2,45.15,69.12,77.42,7.12,0.846,7104.84,84.01,0,69,0,27.87,123,92,132.5,0,0,0,50.57,-5.420000000000002,7.6,-0.47999999999999954,0.875,-0.029000000000000026,9710.11,-2605.2700000000004,67.73,1.3900000000000006,5.420000000000002,0.47999999999999954,2605.2700000000004,1.3900000000000006
28,3,43.23,77.2,92.13,6.87,0.798,6576.46,78.34,0,69,0,27.87,123,92,132.5,0,0,0,50.57,-7.340000000000003,7.6,-0.7299999999999995,0.875,-0.07699999999999996,9710.11,-3133.6500000000005,67.73,9.469999999999999,7.340000000000003,0.7299999999999995,3133.6500000000005,9.469999999999999
28,4,34.51,77.15,86.68,6.52,0.733,4393.53,60.35,0,69,0,27.87,123,92,132.5,0,0,0,50.57,-16.060000000000002,7.6,-1.08,0.875,-0.14200000000000002,9710.11,-5316.580000000001,67.73,9.420000000000002,16.060000000000002,1.08,5316.580000000001,9.420000000000002
28,5,32.33,83.61,93.93,5.77,0.654,4232.59,56.04,0,69,0,27.87,123,92,132.5,0,0,0,50.57,-18.240000000000002,7.6,-1.83,0.875,-0.22099999999999997,9710.11,-5477.52,67.73,15.879999999999995,18.240000000000002,1.83,5477.52,15.879999999999995
28,6,27.83,89.68,101.14,4.71,0.706,4425.6,59.47,0,69,0,27.87,123,92,132.5,0,0,0,50.57,-22.740000000000002,7.6,-2.8899999999999997,0.875,-0.16900000000000004,9710.11,-5284.51,67.73,21.950000000000003,22.740000000000002,2.8899999999999997,5284.51,21.950000000000003
28,7,22.66,89.04,100.03,4.92,0.56,4406.84,53.51,0,69,0,27.87,123,92,132.5,0,0,0,50.57,-27.91,7.6,-2.6799999999999997,0.875,-0.31499999999999995,9710.11,-5303.27,67.73,21.310000000000002,27.91,2.6799999999999997,5303.27,21.310000000000002
28,8,16.18,95.52,101.24,4.25,0.567,1368.55,32.33,1,69,0,27.87,123,92,132.5,0,0,0,50.57,-34.39,7.6,-3.3499999999999996,0.875,-0.30800000000000005,9710.11,-8341.560000000001,67.73,27.789999999999992,34.39,3.3499999999999996,8341.560000000001,27.789999999999992
28,9,31.21,78.59,85.71,5.95,0.68,6119.97,70.41,1,69,0,27.87,123,92,132.5,0,0,0,50.57,-19.36,7.6,-1.6499999999999995,0.875,-0.19499999999999995,9710.11,-3590.1400000000003,67.73,10.86,19.36,1.6499999999999995,3590.1400000000003,10.86
28,10,50.01,69.47,78.41,7.44,0.886,8137.77,92.9,0,69,0,27.87,123,92,132.5,0,0,0,50.57,-0.5600000000000023,7.6,-0.15999999999999925,0.875,0.01100000000000001,9710.11,-1572.3400000000001,67.73,1.7399999999999949,0.5600000000000023,0.15999999999999925,1572.3400000000001,1.7399999999999949
29,1,57.06,70.43,72.22,7.24,0.905,8802.88,98.33,0,45,1,25.41,120,84,184.8,0,1,0,57.06,0.0,7.24,0.0,0.905,0.0,8802.88,0.0,70.43,0.0,0.0,0.0,0.0,0.0
29,2,39.29,72.63,81.16,5.78,0.781,5969.75,73.39,0,45,1,25.41,120,84,184.8,0,1,0,57.06,-17.770000000000003,7.24,-1.46,0.905,-0.124,8802.88,-2833.129999999999,70.43,2.1999999999999886,17.770000000000003,1.46,2833.129999999999,2.1999999999999886
29,3,36.77,80.76,87.73,5.92,0.732,6725.64,76.75,0,45,1,25.41,120,84,184.8,0,1,0,57.06,-20.29,7.24,-1.3200000000000003,0.905,-0.17300000000000004,8802.88,-2077.239999999999,70.43,10.329999999999998,20.29,1.3200000000000003,2077.239999999999,10.329999999999998
29,4,27.23,85.83,93.94,4.91,0.695,3707.06,53.95,0,45,1,25.41,120,84,184.8,0,1,0,57.06,-29.830000000000002,7.24,-2.33,0.905,-0.21000000000000008,8802.88,-5095.82,70.43,15.399999999999991,29.830000000000002,2.33,5095.82,15.399999999999991
29,5,16.0,94.15,104.26,4.08,0.629,2123.05,40.14,1,45,1,25.41,120,84,184.8,0,1,0,57.06,-41.06,7.24,-3.16,0.905,-0.276,8802.88,-6679.829999999999,70.43,23.72,41.06,3.16,6679.829999999999,23.72
29,6,40.56,84.75,90.43,5.6,0.746,6786.58,77.76,1,45,1,25.41,120,84,184.8,0,1,0,57.06,-16.5,7.24,-1.6400000000000006,0.905,-0.15900000000000003,8802.88,-2016.2999999999993,70.43,14.319999999999993,16.5,1.6400000000000006,2016.2999999999993,14.319999999999993
29,7,47.31,69.96,78.1,7.71,0.821,8518.8,92.96,0,45,1,25.41,120,84,184.8,0,1,0,57.06,-9.75,7.24,0.46999999999999975,0.905,-0.08400000000000007,8802.88,-284.0799999999999,70.43,-0.4700000000000131,9.75,-0.46999999999999975,284.0799999999999,-0.4700000000000131
29,8,46.83,66.15,74.17,7.06,0.911,9744.33,100.0,0,45,1,25.41,120,84,184.8,0,1,0,57.06,-10.230000000000004,7.24,-0.1800000000000006,0.905,0.006000000000000005,8802.88,941.4500000000007,70.43,-4.280000000000001,10.230000000000004,0.1800000000000006,-941.4500000000007,-4.280000000000001
29,9,48.09,69.49,74.44,7.5,0.861,7467.93,87.16,0,45,1,25.41,120,84,184.8,0,1,0,57.06,-8.969999999999999,7.24,0.2599999999999998,0.905,-0.04400000000000004,8802.88,-1334.949999999999,70.43,-0.9400000000000119,8.969999999999999,-0.2599999999999998,1334.949999999999,-0.9400000000000119
29,10,51.23,67.19,75.48,7.1,0.859,8519.81,94.52,0,45,1,25.41,120,84,184.8,0,1,0,57.06,-5.830000000000005,7.24,-0.14000000000000057,0.905,-0.04600000000000004,8802.88,-283.0699999999997,70.43,-3.240000000000009,5.830000000000005,0.14000000000000057,283.0699999999997,-3.240000000000009
30,1,42.04,68.52,72.99,7.5,0.904,8115.88,93.45,0,79,0,24.64,134,97,195.4,0,0,0,42.04,0.0,7.5,0.0,0.904,0.0,8115.88,0.0,68.52,0.0,0.0,0.0,0.0,0.0
30,2,47.47,71.44,81.68,7.07,0.89,7346.98,87.45,0,79,0,24.64,134,97,195.4,0,0,0,42.04,5.43,7.5,-0.4299999999999997,0.904,-0.014000000000000012,8115.88,-768.9000000000005,68.52,2.9200000000000017,-5.43,0.4299999999999997,768.9000000000005,2.9200000000000017
30,3,32.94,72.18,80.13,6.33,0.751,6870.79,78.53,0,79,0,24.64,134,97,195.4,0,0,0,42.04,-9.100000000000001,7.5,-1.17,0.904,-0.15300000000000002,8115.88,-1245.0900000000001,68.52,3.660000000000011,9.100000000000001,1.17,1245.0900000000001,3.660000000000011
30,4,38.5,80.58,88.98,5.67,0.742,7043.49,79.39,0,79,0,24.64,134,97,195.4,0,0,0,42.04,-3.539999999999999,7.5,-1.83,0.904,-0.16200000000000003,8115.88,-1072.3900000000003,68.52,12.060000000000002,3.539999999999999,1.83,1072.3900000000003,12.060000000000002
30,5,25.97,79.63,87.3,6.15,0.707,3798.05,55.07,0,79,0,24.64,134,97,195.4,0,0,0,42.04,-16.07,7.5,-1.3499999999999996,0.904,-0.19700000000000006,8115.88,-4317.83,68.52,11.11,16.07,1.3499999999999996,4317.83,11.11
30,6,21.92,83.34,92.15,4.74,0.663,3757.31,53.03,0,79,0,24.64,134,97,195.4,0,0,0,42.04,-20.119999999999997,7.5,-2.76,0.904,-0.241,8115.88,-4358.57,68.52,14.820000000000007,20.119999999999997,2.76,4358.57,14.820000000000007
30,7,19.98,89.62,95.66,5.11,0.5,3517.03,44.84,1,79,0,24.64,134,97,195.4,0,0,0,42.04,-22.06,7.5,-2.3899999999999997,0.904,-0.404,8115.88,-4598.85,68.52,21.10000000000001,22.06,2.3899999999999997,4598.85,21.10000000000001
30,8,35.95,80.55,90.4,5.97,0.671,5458.83,65.39,1,79,0,24.64,134,97,195.4,0,0,0,42.04,-6.089999999999996,7.5,-1.5300000000000002,0.904,-0.23299999999999998,8115.88,-2657.05,68.52,12.030000000000001,6.089999999999996,1.5300000000000002,2657.05,12.030000000000001
30,9,48.8,68.39,73.7,7.54,0.894,8590.42,96.4,0,79,0,24.64,134,97,195.4,0,0,0,42.04,6.759999999999998,7.5,0.040000000000000036,0.904,-0.010000000000000009,8115.88,474.53999999999996,68.52,-0.12999999999999545,-6.759999999999998,-0.040000000000000036,-474.53999999999996,-0.12999999999999545
30,10,48.89,70.61,80.25,6.71,0.85,8864.92,96.57,0,79,0,24.64,134,97,195.4,0,0,0,42.04,6.850000000000001,7.5,-0.79,0.904,-0.05400000000000005,8115.88,749.04,68.52,2.0900000000000034,-6.850000000000001,0.79,-749.04,2.0900000000000034
31,1,57.1,69.96,77.66,7.45,0.929,9645.09,100.0,0,28,0,27.34,122,68,205.0,0,0,0,57.1,0.0,7.45,0.0,0.929,0.0,9645.09,0.0,69.96,0.0,0.0,0.0,0.0,0.0
31,2,40.84,74.28,80.34,6.9,0.816,6912.58,81.43,0,28,0,27.34,122,68,205.0,0,0,0,57.1,-16.259999999999998,7.45,-0.5499999999999998,0.929,-0.1130000000000001,9645.09,-2732.51,69.96,4.320000000000007,16.259999999999998,0.5499999999999998,2732.51,4.320000000000007
31,3,27.39,87.26,98.39,5.45,0.677,3868.93,54.39,0,28,0,27.34,122,68,205.0,0,0,0,57.1,-29.71,7.45,-2.0,0.929,-0.252,9645.09,-5776.16,69.96,17.30000000000001,29.71,2.0,5776.16,17.30000000000001
31,4,25.24,94.02,96.89,4.42,0.575,1355.32,32.57,1,28,0,27.34,122,68,205.0,0,0,0,57.1,-31.860000000000003,7.45,-3.0300000000000002,0.929,-0.3540000000000001,9645.09,-8289.77,69.96,24.060000000000002,31.860000000000003,3.0300000000000002,8289.77,24.060000000000002
31,5,34.9,81.17,86.48,5.51,0.805,7395.88,84.41,1,28,0,27.34,122,68,205.0,0,0,0,57.1,-22.200000000000003,7.45,-1.9400000000000004,0.929,-0.124,9645.09,-2249.21,69.96,11.210000000000008,22.200000000000003,1.9400000000000004,2249.21,11.210000000000008
31,6,54.88,70.21,75.46,6.78,0.857,6899.23,82.98,0,28,0,27.34,122,68,205.0,0,0,0,57.1,-2.219999999999999,7.45,-0.6699999999999999,0.929,-0.07200000000000006,9645.09,-2745.8600000000006,69.96,0.25,2.219999999999999,0.6699999999999999,2745.8600000000006,0.25
31,7,47.7,66.48,74.32,7.38,0.887,8387.13,94.68,0,28,0,27.34,122,68,205.0,0,0,0,57.1,-9.399999999999999,7.45,-0.07000000000000028,0.929,-0.04200000000000004,9645.09,-1257.960000000001,69.96,-3.4799999999999898,9.399999999999999,0.07000000000000028,1257.960000000001,-3.4799999999999898
31,8,57.45,68.01,69.73,7.33,0.92,7666.39,90.9,0,28,0,27.34,122,68,205.0,0,0,0,57.1,0.3500000000000014,7.45,-0.1200000000000001,0.929,-0.009000000000000008,9645.09,-1978.6999999999998,69.96,-1.9499999999999886,-0.3500000000000014,0.1200000000000001,1978.6999999999998,-1.9499999999999886
31,9,57.48,66.88,77.48,8.19,0.888,7307.93,87.1,0,28,0,27.34,122,68,205.0,0,0,0,57.1,0.37999999999999545,7.45,0.7399999999999993,0.929,-0.041000000000000036,9645.09,-2337.16,69.96,-3.0799999999999983,-0.37999999999999545,-0.7399999999999993,2337.16,-3.0799999999999983
31,10,59.58,70.3,81.09,7.56,0.888,10839.82,100.0,0,28,0,27.34,122,68,205.0,0,0,0,57.1,2.479999999999997,7.45,0.10999999999999943,0.929,-0.041000000000000036,9645.09,1194.7299999999996,69.96,0.3400000000000034,-2.479999999999997,-0.10999999999999943,-1194.7299999999996,0.3400000000000034
32,1,45.28,66.25,73.3,7.8,0.9,9071.75,100.0,0,70,0,27.21,120,78,194.8,0,0,0,45.28,0.0,7.8,0.0,0.9,0.0,9071.75,0.0,66.25,0.0,0.0,0.0,0.0,0.0
32,2,46.91,76.53,84.64,6.98,0.834,6943.24,82.36,0,70,0,27.21,120,78,194.8,0,0,0,45.28,1.6299999999999955,7.8,-0.8199999999999994,0.9,-0.06600000000000006,9071.75,-2128.51,66.25,10.280000000000001,-1.6299999999999955,0.8199999999999994,2128.51,10.280000000000001
32,3,33.63,86.14,99.71,6.23,0.725,5148.76,65.34,0,70,0,27.21,120,78,194.8,0,0,0,45.28,-11.649999999999999,7.8,-1.5699999999999994,0.9,-0.17500000000000004,9071.75,-3922.99,66.25,19.89,11.649999999999999,1.5699999999999994,3922.99,19.89
32,4,21.48,87.53,96.17,5.78,0.668,4886.81,61.22,0,70,0,27.21,120,78,194.8,0,0,0,45.28,-23.8,7.8,-2.0199999999999996,0.9,-0.23199999999999998,9071.75,-4184.94,66.25,21.28,23.8,2.0199999999999996,4184.94,21.28
32,5,16.85,99.72,105.7,4.75,0.553,3083.92,43.9,1,70,0,27.21,120,78,194.8,0,0,0,45.28,-28.43,7.8,-3.05,0.9,-0.347,9071.75,-5987.83,66.25,33.47,28.43,3.05,5987.83,33.47
32,6,35.27,80.76,89.4,6.45,0.709,6394.29,73.5,1,70,0,27.21,120,78,194.8,0,0,0,45.28,-10.009999999999998,7.8,-1.3499999999999996,0.9,-0.19100000000000006,9071.75,-2677.46,66.25,14.510000000000005,10.009999999999998,1.3499999999999996,2677.46,14.510000000000005
32,7,50.06,66.33,74.58,7.0,0.845,8815.5,96.01,0,70,0,27.21,120,78,194.8,0,0,0,45.28,4.780000000000001,7.8,-0.7999999999999998,0.9,-0.05500000000000005,9071.75,-256.25,66.25,0.0799999999999983,-4.780000000000001,0.7999999999999998,256.25,0.0799999999999983
32,8,49.84,71.22,79.26,7.45,0.877,8134.0,92.48,0,70,0,27.21,120,78,194.8,0,0,0,45.28,4.560000000000002,7.8,-0.34999999999999964,0.9,-0.02300000000000002,9071.75,-937.75,66.25,4.969999999999999,-4.560000000000002,0.34999999999999964,937.75,4.969999999999999
32,9,52.64,68.18,79.56,7.23,0.937,7746.3,92.18,0,70,0,27.21,120,78,194.8,0,0,0,45.28,7.359999999999999,7.8,-0.5699999999999994,0.9,0.03700000000000003,9071.75,-1325.4499999999998,66.25,1.9300000000000068,-7.359999999999999,0.5699999999999994,1325.4499999999998,1.9300000000000068
32,10,51.68,72.39,82.97,7.98,0.94,7967.98,93.85,0,70,0,27.21,120,78,194.8,0,0,0,45.28,6.399999999999999,7.8,0.1800000000000006,0.9,0.039999999999999925,9071.75,-1103.7700000000004,66.25,6.140000000000001,-6.399999999999999,-0.1800000000000006,1103.7700000000004,6.140000000000001
33,1,48.11,71.01,78.38,7.93,0.891,8052.24,92.46,0,48,1,23.17,153,85,196.9,1,0,0,48.11,0.0,7.93,0.0,0.891,0.0,8052.24,0.0,71.01,0.0,0.0,0.0,0.0,0.0
33,2,42.43,73.27,86.17,7.23,0.856,7138.43,84.64,0,48,1,23.17,153,85,196.9,1,0,0,48.11,-5.68,7.93,-0.6999999999999993,0.891,-0.03500000000000003,8052.24,-913.8099999999995,71.01,2.259999999999991,5.68,0.6999999999999993,913.8099999999995,2.259999999999991
33,3,50.08,77.13,82.96,5.85,0.747,6030.14,72.44,0,48,1,23.17,153,85,196.9,1,0,0,48.11,1.9699999999999989,7.93,-2.08,0.891,-0.14400000000000002,8052.24,-2022.0999999999995,71.01,6.11999999999999,-1.9699999999999989,2.08,2022.0999999999995,6.11999999999999
33,4,41.13,79.71,87.52,6.07,0.75,5516.05,68.96,0,48,1,23.17,153,85,196.9,1,0,0,48.11,-6.979999999999997,7.93,-1.8599999999999994,0.891,-0.14100000000000001,8052.24,-2536.1899999999996,71.01,8.699999999999989,6.979999999999997,1.8599999999999994,2536.1899999999996,8.699999999999989
33,5,42.15,84.42,92.72,4.96,0.712,5400.29,66.61,0,48,1,23.17,153,85,196.9,1,0,0,48.11,-5.960000000000001,7.93,-2.9699999999999998,0.891,-0.17900000000000005,8052.24,-2651.95,71.01,13.409999999999997,5.960000000000001,2.9699999999999998,2651.95,13.409999999999997
33,6,28.39,88.81,92.95,5.61,0.688,3113.23,49.52,0,48,1,23.17,153,85,196.9,1,0,0,48.11,-19.72,7.93,-2.3199999999999994,0.891,-0.20300000000000007,8052.24,-4939.01,71.01,17.799999999999997,19.72,2.3199999999999994,4939.01,17.799999999999997
33,7,30.42,86.6,96.4,4.54,0.622,3742.89,51.29,0,48,1,23.17,153,85,196.9,1,0,0,48.11,-17.689999999999998,7.93,-3.3899999999999997,0.891,-0.269,8052.24,-4309.35,71.01,15.58999999999999,17.689999999999998,3.3899999999999997,4309.35,15.58999999999999
33,8,24.3,91.13,99.81,4.0,0.598,3746.48,50.37,1,48,1,23.17,153,85,196.9,1,0,0,48.11,-23.81,7.93,-3.9299999999999997,0.891,-0.29300000000000004,8052.24,-4305.76,71.01,20.11999999999999,23.81,3.9299999999999997,4305.76,20.11999999999999
33,9,36.56,80.61,86.88,6.49,0.759,4910.89,65.04,1,48,1,23.17,153,85,196.9,1,0,0,48.11,-11.549999999999997,7.93,-1.4399999999999995,0.891,-0.132,8052.24,-3141.3499999999995,71.01,9.599999999999994,11.549999999999997,1.4399999999999995,3141.3499999999995,9.599999999999994
33,10,53.72,66.92,78.56,7.4,0.865,8101.58,91.79,0,48,1,23.17,153,85,196.9,1,0,0,48.11,5.609999999999999,7.93,-0.5299999999999994,0.891,-0.026000000000000023,8052.24,49.340000000000146,71.01,-4.090000000000003,-5.609999999999999,0.5299999999999994,-49.340000000000146,-4.090000000000003
34,1,50.12,65.09,70.49,7.98,0.877,8333.26,93.92,0,55,0,27.96,128,67,178.9,0,0,0,50.12,0.0,7.98,0.0,0.877,0.0,8333.26,0.0,65.09,0.0,0.0,0.0,0.0,0.0
34,2,44.08,76.6,82.39,6.22,0.737,5534.7,68.53,0,55,0,27.96,128,67,178.9,0,0,0,50.12,-6.039999999999999,7.98,-1.7600000000000007,0.877,-0.14,8333.26,-2798.5600000000004,65.09,11.509999999999991,6.039999999999999,1.7600000000000007,2798.5600000000004,11.509999999999991
34,3,30.67,88.11,99.31,5.79,0.678,4351.06,57.81,0,55,0,27.96,128,67,178.9,0,0,0,50.12,-19.449999999999996,7.98,-2.1900000000000004,0.877,-0.19899999999999995,8333.26,-3982.2,65.09,23.019999999999996,19.449999999999996,2.1900000000000004,3982.2,23.019999999999996
34,4,22.53,91.55,103.81,4.37,0.581,2419.05,40.3,1,55,0,27.96,128,67,178.9,0,0,0,50.12,-27.589999999999996,7.98,-3.6100000000000003,0.877,-0.29600000000000004,8333.26,-5914.21,65.09,26.459999999999994,27.589999999999996,3.6100000000000003,5914.21,26.459999999999994
34,5,39.87,78.27,87.36,6.17,0.734,5170.18,65.84,1,55,0,27.96,128,67,178.9,0,0,0,50.12,-10.25,7.98,-1.8100000000000005,0.877,-0.14300000000000002,8333.26,-3163.08,65.09,13.179999999999993,10.25,1.8100000000000005,3163.08,13.179999999999993
34,6,49.73,65.26,73.2,7.15,0.877,7396.56,87.3,0,55,0,27.96,128,67,178.9,0,0,0,50.12,-0.39000000000000057,7.98,-0.8300000000000001,0.877,0.0,8333.26,-936.6999999999998,65.09,0.1700000000000017,0.39000000000000057,0.8300000000000001,936.6999999999998,0.1700000000000017
34,7,53.45,64.83,72.62,7.17,0.926,8295.2,95.59,0,55,0,27.96,128,67,178.9,0,0,0,50.12,3.3300000000000054,7.98,-0.8100000000000005,0.877,0.049000000000000044,8333.26,-38.05999999999949,65.09,-0.2600000000000051,-3.3300000000000054,0.8100000000000005,38.05999999999949,-0.2600000000000051
34,8,50.72,71.54,82.86,7.46,0.871,7056.52,84.66,0,55,0,27.96,128,67,178.9,0,0,0,50.12,0.6000000000000014,7.98,-0.5200000000000005,0.877,-0.006000000000000005,8333.26,-1276.7399999999998,65.09,6.450000000000003,-0.6000000000000014,0.5200000000000005,1276.7399999999998,6.450000000000003
34,9,47.67,73.08,79.76,7.23,0.892,9598.45,100.0,0,55,0,27.96,128,67,178.9,0,0,0,50.12,-2.4499999999999957,7.98,-0.75,0.877,0.015000000000000013,8333.26,1265.1900000000005,65.09,7.989999999999995,2.4499999999999957,0.75,-1265.1900000000005,7.989999999999995
34,10,50.72,72.54,76.62,7.75,0.866,8322.12,93.37,0,55,0,27.96,128,67,178.9,0,0,0,50.12,0.6000000000000014,7.98,-0.23000000000000043,0.877,-0.01100000000000001,8333.26,-11.139999999999418,65.09,7.450000000000003,-0.6000000000000014,0.23000000000000043,11.139999999999418,7.450000000000003
35,1,46.77,75.42,82.96,7.34,0.864,8113.39,91.82,0,71,0,28.19,150,68,143.3,0,0,1,46.77,0.0,7.34,0.0,0.864,0.0,8113.39,0.0,75.42,0.0,0.0,0.0,0.0,0.0
35,2,41.27,79.42,90.52,6.48,0.82,6288.16,77.19,0,71,0,28.19,150,68,143.3,0,0,1,46.77,-5.5,7.34,-0.8599999999999994,0.864,-0.04400000000000004,8113.39,-1825.2300000000005,75.42,4.0,5.5,0.8599999999999994,1825.2300000000005,4.0
35,3,25.69,82.88,92.13,5.79,0.701,4814.6,62.02,0,71,0,28.19,150,68,143.3,0,0,1,46.77,-21.080000000000002,7.34,-1.5499999999999998,0.864,-0.16300000000000003,8113.39,-3298.79,75.42,7.459999999999994,21.080000000000002,1.5499999999999998,3298.79,7.459999999999994
35,4,17.98,93.58,106.07,4.8,0.718,4989.51,63.95,0,71,0,28.19,150,68,143.3,0,0,1,46.77,-28.790000000000003,7.34,-2.54,0.864,-0.14600000000000002,8113.39,-3123.88,75.42,18.159999999999997,28.790000000000003,2.54,3123.88,18.159999999999997
35,5,16.0,98.53,110.23,3.77,0.6,3134.52,46.15,1,71,0,28.19,150,68,143.3,0,0,1,46.77,-30.770000000000003,7.34,-3.57,0.864,-0.264,8113.39,-4978.870000000001,75.42,23.11,30.770000000000003,3.57,4978.870000000001,23.11
35,6,36.87,83.12,94.39,6.0,0.741,5814.63,70.67,1,71,0,28.19,150,68,143.3,0,0,1,46.77,-9.900000000000006,7.34,-1.3399999999999999,0.864,-0.123,8113.39,-2298.76,75.42,7.700000000000003,9.900000000000006,1.3399999999999999,2298.76,7.700000000000003
35,7,45.21,67.4,73.88,7.05,0.868,6695.76,82.0,0,71,0,28.19,150,68,143.3,0,0,1,46.77,-1.5600000000000023,7.34,-0.29000000000000004,0.864,0.0040000000000000036,8113.39,-1417.63,75.42,-8.019999999999996,1.5600000000000023,0.29000000000000004,1417.63,-8.019999999999996
35,8,51.12,72.08,80.26,7.23,0.927,7477.68,89.88,0,71,0,28.19,150,68,143.3,0,0,1,46.77,4.349999999999994,7.34,-0.10999999999999943,0.864,0.06300000000000006,8113.39,-635.71,75.42,-3.3400000000000034,-4.349999999999994,0.10999999999999943,635.71,-3.3400000000000034
35,9,42.08,76.01,80.58,7.72,0.89,8701.81,97.02,0,71,0,28.19,150,68,143.3,0,0,1,46.77,-4.690000000000005,7.34,0.3799999999999999,0.864,0.026000000000000023,8113.39,588.4199999999992,75.42,0.5900000000000034,4.690000000000005,-0.3799999999999999,-588.4199999999992,0.5900000000000034
35,10,46.87,72.92,82.46,7.53,0.895,7891.24,91.51,0,71,0,28.19,150,68,143.3,0,0,1,46.77,0.09999999999999432,7.34,0.1900000000000004,0.864,0.031000000000000028,8113.39,-222.15000000000055,75.42,-2.5,-0.09999999999999432,-0.1900000000000004,222.15000000000055,-2.5
36,1,45.47,70.52,74.99,7.85,0.893,6917.44,84.54,0,61,0,31.31,146,86,238.3,0,0,1,45.47,0.0,7.85,0.0,0.893,0.0,6917.44,0.0,70.52,0.0,0.0,0.0,0.0,0.0
36,2,46.81,79.66,87.52,7.07,0.828,9100.77,97.38,0,61,0,31.31,146,86,238.3,0,0,1,45.47,1.3400000000000034,7.85,-0.7799999999999994,0.893,-0.06500000000000006,6917.44,2183.330000000001,70.52,9.14,-1.3400000000000034,0.7799999999999994,-2183.330000000001,9.14
36,3,41.32,82.45,89.27,6.13,0.757,5977.54,72.47,0,61,0,31.31,146,86,238.3,0,0,1,45.47,-4.149999999999999,7.85,-1.7199999999999998,0.893,-0.136,6917.44,-939.8999999999996,70.52,11.930000000000007,4.149999999999999,1.7199999999999998,939.8999999999996,11.930000000000007
36,4,30.73,85.05,90.05,5.41,0.765,6127.48,73.85,0,61,0,31.31,146,86,238.3,0,0,1,45.47,-14.739999999999998,7.85,-2.4399999999999995,0.893,-0.128,6917.44,-789.96,70.52,14.530000000000001,14.739999999999998,2.4399999999999995,789.96,14.530000000000001
36,5,23.3,88.92,93.87,5.86,0.675,3228.52,49.78,0,61,0,31.31,146,86,238.3,0,0,1,45.47,-22.169999999999998,7.85,-1.9899999999999993,0.893,-0.21799999999999997,6917.44,-3688.9199999999996,70.52,18.400000000000006,22.169999999999998,1.9899999999999993,3688.9199999999996,18.400000000000006
36,6,19.25,91.28,103.34,5.14,0.636,3156.33,47.74,0,61,0,31.31,146,86,238.3,0,0,1,45.47,-26.22,7.85,-2.71,0.893,-0.257,6917.44,-3761.1099999999997,70.52,20.760000000000005,26.22,2.71,3761.1099999999997,20.760000000000005
36,7,16.0,98.82,111.82,4.62,0.537,3683.95,47.48,1,61,0,31.31,146,86,238.3,0,0,1,45.47,-29.47,7.85,-3.2299999999999995,0.893,-0.356,6917.44,-3233.49,70.52,28.299999999999997,29.47,3.2299999999999995,3233.49,28.299999999999997
36,8,35.63,82.46,89.88,6.28,0.727,5147.77,65.43,1,61,0,31.31,146,86,238.3,0,0,1,45.47,-9.839999999999996,7.85,-1.5699999999999994,0.893,-0.16600000000000004,6917.44,-1769.6699999999992,70.52,11.939999999999998,9.839999999999996,1.5699999999999994,1769.6699999999992,11.939999999999998
36,9,49.98,71.32,76.5,7.37,0.95,8565.85,98.47,0,61,0,31.31,146,86,238.3,0,0,1,45.47,4.509999999999998,7.85,-0.47999999999999954,0.893,0.05699999999999994,6917.44,1648.4100000000008,70.52,0.7999999999999972,-4.509999999999998,0.47999999999999954,-1648.4100000000008,0.7999999999999972
36,10,45.47,73.85,83.33,7.42,0.92,8373.16,95.89,0,61,0,31.31,146,86,238.3,0,0,1,45.47,0.0,7.85,-0.4299999999999997,0.893,0.027000000000000024,6917.44,1455.7200000000003,70.52,3.3299999999999983,0.0,0.4299999999999997,-1455.7200000000003,3.3299999999999983
37,1,51.92,74.87,81.86,7.19,0.962,6411.28,83.73,0,51,0,27.31,135,80,190.1,1,0,1,51.92,0.0,7.19,0.0,0.962,0.0,6411.28,0.0,74.87,0.0,0.0,0.0,0.0,0.0
37,2,47.52,74.31,84.7,6.96,0.838,6971.76,82.74,0,51,0,27.31,135,80,190.1,1,0,1,51.92,-4.399999999999999,7.19,-0.23000000000000043,0.962,-0.124,6411.28,560.4800000000005,74.87,-0.5600000000000023,4.399999999999999,0.23000000000000043,-560.4800000000005,-0.5600000000000023
37,3,39.15,83.76,88.06,5.86,0.775,7618.32,84.79,0,51,0,27.31,135,80,190.1,1,0,1,51.92,-12.770000000000003,7.19,-1.33,0.962,-0.18699999999999994,6411.28,1207.04,74.87,8.89,12.770000000000003,1.33,-1207.04,8.89
37,4,31.79,85.66,94.32,5.46,0.707,4237.04,58.2,0,51,0,27.31,135,80,190.1,1,0,1,51.92,-20.130000000000003,7.19,-1.7300000000000004,0.962,-0.255,6411.28,-2174.24,74.87,10.789999999999992,20.130000000000003,1.7300000000000004,2174.24,10.789999999999992
37,5,22.33,93.05,100.37,5.09,0.566,4136.76,51.85,0,51,0,27.31,135,80,190.1,1,0,1,51.92,-29.590000000000003,7.19,-2.1000000000000005,0.962,-0.396,6411.28,-2274.5199999999995,74.87,18.179999999999993,29.590000000000003,2.1000000000000005,2274.5199999999995,18.179999999999993
37,6,16.0,98.02,110.78,4.03,0.584,2331.53,39.83,1,51,0,27.31,135,80,190.1,1,0,1,51.92,-35.92,7.19,-3.16,0.962,-0.378,6411.28,-4079.7499999999995,74.87,23.14999999999999,35.92,3.16,4079.7499999999995,23.14999999999999
37,7,30.2,82.5,85.71,5.9,0.692,6264.07,71.88,1,51,0,27.31,135,80,190.1,1,0,1,51.92,-21.720000000000002,7.19,-1.29,0.962,-0.27,6411.28,-147.21000000000004,74.87,7.6299999999999955,21.720000000000002,1.29,147.21000000000004,7.6299999999999955
37,8,49.57,74.06,80.57,7.39,0.894,8093.65,92.88,0,51,0,27.31,135,80,190.1,1,0,1,51.92,-2.3500000000000014,7.19,0.1999999999999993,0.962,-0.06799999999999995,6411.28,1682.37,74.87,-0.8100000000000023,2.3500000000000014,-0.1999999999999993,-1682.37,-0.8100000000000023
37,9,48.81,70.51,78.67,7.67,0.919,9099.21,100.0,0,51,0,27.31,135,80,190.1,1,0,1,51.92,-3.1099999999999994,7.19,0.47999999999999954,0.962,-0.04299999999999993,6411.28,2687.9299999999994,74.87,-4.359999999999999,3.1099999999999994,-0.47999999999999954,-2687.9299999999994,-4.359999999999999
37,10,54.43,70.14,79.14,7.27,0.848,9176.8,98.68,0,51,0,27.31,135,80,190.1,1,0,1,51.92,2.509999999999998,7.19,0.07999999999999918,0.962,-0.11399999999999999,6411.28,2765.5199999999995,74.87,-4.730000000000004,-2.509999999999998,-0.07999999999999918,-2765.5199999999995,-4.730000000000004
38,1,56.17,70.14,77.45,6.81,0.861,9006.09,98.01,0,28,0,30.25,143,84,227.7,1,0,0,56.17,0.0,6.81,0.0,0.861,0.0,9006.09,0.0,70.14,0.0,0.0,0.0,0.0,0.0
38,2,46.8,75.9,84.56,5.95,0.8,7075.96,81.93,0,28,0,30.25,143,84,227.7,1,0,0,56.17,-9.370000000000005,6.81,-0.8599999999999994,0.861,-0.06099999999999994,9006.09,-1930.13,70.14,5.760000000000005,9.370000000000005,0.8599999999999994,1930.13,5.760000000000005
38,3,35.12,83.37,91.69,5.73,0.652,6887.03,74.69,0,28,0,30.25,143,84,227.7,1,0,0,56.17,-21.050000000000004,6.81,-1.0799999999999992,0.861,-0.20899999999999996,9006.09,-2119.0600000000004,70.14,13.230000000000004,21.050000000000004,1.0799999999999992,2119.0600000000004,13.230000000000004
38,4,17.76,93.7,102.4,4.15,0.559,2155.97,37.57,1,28,0,30.25,143,84,227.7,1,0,0,56.17,-38.41,6.81,-2.6599999999999993,0.861,-0.30199999999999994,9006.09,-6850.120000000001,70.14,23.560000000000002,38.41,2.6599999999999993,6850.120000000001,23.560000000000002
38,5,36.88,79.09,89.99,5.87,0.714,4074.19,57.31,1,28,0,30.25,143,84,227.7,1,0,0,56.17,-19.29,6.81,-0.9399999999999995,0.861,-0.14700000000000002,9006.09,-4931.9,70.14,8.950000000000003,19.29,0.9399999999999995,4931.9,8.950000000000003
38,6,56.63,71.52,74.8,7.93,0.849,8498.62,93.96,0,28,0,30.25,143,84,227.7,1,0,0,56.17,0.46000000000000085,6.81,1.12,0.861,-0.01200000000000001,9006.09,-507.46999999999935,70.14,1.3799999999999955,-0.46000000000000085,-1.12,507.46999999999935,1.3799999999999955
38,7,57.76,67.27,76.84,7.0,0.96,8349.61,97.33,0,28,0,30.25,143,84,227.7,1,0,0,56.17,1.5899999999999963,6.81,0.1900000000000004,0.861,0.09899999999999998,9006.09,-656.4799999999996,70.14,-2.8700000000000045,-1.5899999999999963,-0.1900000000000004,656.4799999999996,-2.8700000000000045
38,8,59.85,70.73,79.08,6.45,0.863,7049.49,84.29,0,28,0,30.25,143,84,227.7,1,0,0,56.17,3.6799999999999997,6.81,-0.35999999999999943,0.861,0.0020000000000000018,9006.09,-1956.6000000000004,70.14,0.5900000000000034,-3.6799999999999997,0.35999999999999943,1956.6000000000004,0.5900000000000034
38,9,51.78,69.54,75.64,7.15,0.894,10123.02,100.0,0,28,0,30.25,143,84,227.7,1,0,0,56.17,-4.390000000000001,6.81,0.34000000000000075,0.861,0.03300000000000003,9006.09,1116.9300000000003,70.14,-0.5999999999999943,4.390000000000001,-0.34000000000000075,-1116.9300000000003,-0.5999999999999943
38,10,51.66,69.59,81.46,6.87,0.867,10117.66,100.0,0,28,0,30.25,143,84,227.7,1,0,0,56.17,-4.510000000000005,6.81,0.0600000000000005,0.861,0.006000000000000005,9006.09,1111.5699999999997,70.14,-0.5499999999999972,4.510000000000005,-0.0600000000000005,-1111.5699999999997,-0.5499999999999972
39,1,49.71,73.84,86.37,6.65,0.906,7619.64,90.03,0,81,0,26.07,174,88,205.3,0,0,0,49.71,0.0,6.65,0.0,0.906,0.0,7619.64,0.0,73.84,0.0,0.0,0.0,0.0,0.0
39,2,46.26,80.3,84.59,6.46,0.826,7308.76,84.62,0,81,0,26.07,174,88,205.3,0,0,0,49.71,-3.450000000000003,6.65,-0.1900000000000004,0.906,-0.08000000000000007,7619.64,-310.8800000000001,73.84,6.459999999999994,3.450000000000003,0.1900000000000004,310.8800000000001,6.459999999999994
39,3,38.47,86.38,97.37,6.44,0.799,6559.45,78.28,0,81,0,26.07,174,88,205.3,0,0,0,49.71,-11.240000000000002,6.65,-0.20999999999999996,0.906,-0.10699999999999998,7619.64,-1060.1900000000005,73.84,12.539999999999992,11.240000000000002,0.20999999999999996,1060.1900000000005,12.539999999999992
39,4,29.7,78.74,83.18,4.83,0.732,4514.3,61.16,0,81,0,26.07,174,88,205.3,0,0,0,49.71,-20.01,6.65,-1.8200000000000003,0.906,-0.17400000000000004,7619.64,-3105.34,73.84,4.8999999999999915,20.01,1.8200000000000003,3105.34,4.8999999999999915
39,5,26.54,92.76,92.81,5.14,0.63,4054.64,53.81,0,81,0,26.07,174,88,205.3,0,0,0,49.71,-23.17,6.65,-1.5100000000000007,0.906,-0.276,7619.64,-3565.0000000000005,73.84,18.92,23.17,1.5100000000000007,3565.0000000000005,18.92
39,6,16.15,91.46,96.81,3.46,0.595,2463.75,41.18,1,81,0,26.07,174,88,205.3,0,0,0,49.71,-33.56,6.65,-3.1900000000000004,0.906,-0.31100000000000005,7619.64,-5155.89,73.84,17.61999999999999,33.56,3.1900000000000004,5155.89,17.61999999999999
39,7,32.69,82.06,95.45,6.52,0.759,6557.42,76.66,1,81,0,26.07,174,88,205.3,0,0,0,49.71,-17.020000000000003,6.65,-0.13000000000000078,0.906,-0.14700000000000002,7619.64,-1062.2200000000003,73.84,8.219999999999999,17.020000000000003,0.13000000000000078,1062.2200000000003,8.219999999999999
39,8,46.95,69.08,74.07,7.84,0.87,8993.39,98.28,0,81,0,26.07,174,88,205.3,0,0,0,49.71,-2.759999999999998,6.65,1.1899999999999995,0.906,-0.03600000000000003,7619.64,1373.749999999999,73.84,-4.760000000000005,2.759999999999998,-1.1899999999999995,-1373.749999999999,-4.760000000000005
39,9,46.17,67.87,76.5,7.52,0.877,8938.08,98.17,0,81,0,26.07,174,88,205.3,0,0,0,49.71,-3.539999999999999,6.65,0.8699999999999992,0.906,-0.029000000000000026,7619.64,1318.4399999999996,73.84,-5.969999999999999,3.539999999999999,-0.8699999999999992,-1318.4399999999996,-5.969999999999999
39,10,47.86,73.65,78.32,7.43,0.88,7048.9,84.94,0,81,0,26.07,174,88,205.3,0,0,0,49.71,-1.8500000000000014,6.65,0.7799999999999994,0.906,-0.026000000000000023,7619.64,-570.7400000000007,73.84,-0.18999999999999773,1.8500000000000014,-0.7799999999999994,570.7400000000007,-0.18999999999999773
40,1,48.49,70.14,75.22,7.62,0.89,7634.31,89.48,0,50,0,27.22,142,83,208.8,0,0,0,48.49,0.0,7.62,0.0,0.89,0.0,7634.31,0.0,70.14,0.0,0.0,0.0,0.0,0.0
40,2,41.98,73.32,84.94,6.79,0.844,6374.98,78.75,0,50,0,27.22,142,83,208.8,0,0,0,48.49,-6.510000000000005,7.62,-0.8300000000000001,0.89,-0.04600000000000004,7634.31,-1259.3300000000008,70.14,3.1799999999999926,6.510000000000005,0.8300000000000001,1259.3300000000008,3.1799999999999926
40,3,30.79,81.61,88.69,5.89,0.767,5828.04,71.84,0,50,0,27.22,142,83,208.8,0,0,0,48.49,-17.700000000000003,7.62,-1.7300000000000004,0.89,-0.123,7634.31,-1806.2700000000004,70.14,11.469999999999999,17.700000000000003,1.7300000000000004,1806.2700000000004,11.469999999999999
40,4,28.57,91.03,97.97,5.33,0.589,4346.58,54.26,0,50,0,27.22,142,83,208.8,0,0,0,48.49,-19.92,7.62,-2.29,0.89,-0.30100000000000005,7634.31,-3287.7300000000005,70.14,20.89,19.92,2.29,3287.7300000000005,20.89
40,5,20.71,96.51,103.26,3.83,0.586,2452.01,40.75,1,50,0,27.22,142,83,208.8,0,0,0,48.49,-27.78,7.62,-3.79,0.89,-0.30400000000000005,7634.31,-5182.3,70.14,26.370000000000005,27.78,3.79,5182.3,26.370000000000005
40,6,34.31,85.66,92.96,5.82,0.736,5373.91,67.36,1,50,0,27.22,142,83,208.8,0,0,0,48.49,-14.18,7.62,-1.7999999999999998,0.89,-0.15400000000000003,7634.31,-2260.4000000000005,70.14,15.519999999999996,14.18,1.7999999999999998,2260.4000000000005,15.519999999999996
40,7,49.19,71.25,76.63,7.53,0.875,7379.15,87.08,0,50,0,27.22,142,83,208.8,0,0,0,48.49,0.6999999999999957,7.62,-0.08999999999999986,0.89,-0.015000000000000013,7634.31,-255.16000000000076,70.14,1.1099999999999994,-0.6999999999999957,0.08999999999999986,255.16000000000076,1.1099999999999994
40,8,50.22,70.32,77.78,7.65,0.938,7069.29,87.43,0,50,0,27.22,142,83,208.8,0,0,0,48.49,1.7299999999999969,7.62,0.03000000000000025,0.89,0.04799999999999993,7634.31,-565.0200000000004,70.14,0.1799999999999926,-1.7299999999999969,-0.03000000000000025,565.0200000000004,0.1799999999999926
40,9,54.37,70.94,77.11,7.35,0.882,8647.12,96.31,0,50,0,27.22,142,83,208.8,0,0,0,48.49,5.8799999999999955,7.62,-0.27000000000000046,0.89,-0.008000000000000007,7634.31,1012.8100000000004,70.14,0.7999999999999972,-5.8799999999999955,0.27000000000000046,-1012.8100000000004,0.7999999999999972
40,10,56.59,68.18,79.09,7.7,0.878,7878.63,90.74,0,50,0,27.22,142,83,208.8,0,0,0,48.49,8.100000000000001,7.62,0.08000000000000007,0.89,-0.01200000000000001,7634.31,244.3199999999997,70.14,-1.9599999999999937,-8.100000000000001,-0.08000000000000007,-244.3199999999997,-1.9599999999999937
41,1,47.77,70.4,76.59,7.59,0.882,8796.48,97.36,0,58,0,27.1,126,101,175.9,0,0,0,47.77,0.0,7.59,0.0,0.882,0.0,8796.48,0.0,70.4,0.0,0.0,0.0,0.0,0.0
41,2,40.05,78.28,90.36,6.79,0.785,8494.46,91.37,0,58,0,27.1,126,101,175.9,0,0,0,47.77,-7.720000000000006,7.59,-0.7999999999999998,0.882,-0.09699999999999998,8796.48,-302.02000000000044,70.4,7.8799999999999955,7.720000000000006,0.7999999999999998,302.02000000000044,7.8799999999999955
41,3,33.49,82.76,92.44,6.15,0.748,6174.41,73.5,0,58,0,27.1,126,101,175.9,0,0,0,47.77,-14.280000000000001,7.59,-1.4399999999999995,0.882,-0.134,8796.48,-2622.0699999999997,70.4,12.36,14.280000000000001,1.4399999999999995,2622.0699999999997,12.36
41,4,29.19,90.94,98.24,5.17,0.654,3484.7,50.74,0,58,0,27.1,126,101,175.9,0,0,0,47.77,-18.580000000000002,7.59,-2.42,0.882,-0.22799999999999998,8796.48,-5311.78,70.4,20.539999999999992,18.580000000000002,2.42,5311.78,20.539999999999992
41,5,16.0,91.01,100.72,3.65,0.555,1918.01,35.73,1,58,0,27.1,126,101,175.9,0,0,0,47.77,-31.770000000000003,7.59,-3.94,0.882,-0.32699999999999996,8796.48,-6878.469999999999,70.4,20.61,31.770000000000003,3.94,6878.469999999999,20.61
41,6,35.57,79.67,89.83,5.71,0.7,3355.18,51.7,1,58,0,27.1,126,101,175.9,0,0,0,47.77,-12.200000000000003,7.59,-1.88,0.882,-0.18200000000000005,8796.48,-5441.299999999999,70.4,9.269999999999996,12.200000000000003,1.88,5441.299999999999,9.269999999999996
41,7,49.25,66.88,74.29,7.93,0.883,9255.38,100.0,0,58,0,27.1,126,101,175.9,0,0,0,47.77,1.4799999999999969,7.59,0.33999999999999986,0.882,0.0010000000000000009,8796.48,458.89999999999964,70.4,-3.5200000000000102,-1.4799999999999969,-0.33999999999999986,-458.89999999999964,-3.5200000000000102
41,8,52.01,68.67,74.55,7.45,0.838,8082.76,90.59,0,58,0,27.1,126,101,175.9,0,0,0,47.77,4.239999999999995,7.59,-0.13999999999999968,0.882,-0.04400000000000004,8796.48,-713.7199999999993,70.4,-1.730000000000004,-4.239999999999995,0.13999999999999968,713.7199999999993,-1.730000000000004
41,9,56.24,67.16,80.77,7.74,0.854,9390.07,100.0,0,58,0,27.1,126,101,175.9,0,0,0,47.77,8.469999999999999,7.59,0.15000000000000036,0.882,-0.028000000000000025,8796.48,593.5900000000001,70.4,-3.240000000000009,-8.469999999999999,-0.15000000000000036,-593.5900000000001,-3.240000000000009
41,10,47.29,72.06,80.62,7.18,0.903,8415.51,95.51,0,58,0,27.1,126,101,175.9,0,0,0,47.77,-0.480000000000004,7.59,-0.41000000000000014,0.882,0.02100000000000002,8796.48,-380.96999999999935,70.4,1.6599999999999966,0.480000000000004,0.41000000000000014,380.96999999999935,1.6599999999999966
42,1,53.17,75.51,81.58,7.32,0.84,9035.74,97.38,0,43,0,25.24,99,61,177.0,0,0,1,53.17,0.0,7.32,0.0,0.84,0.0,9035.74,0.0,75.51,0.0,0.0,0.0,0.0,0.0
42,2,47.93,76.53,85.31,6.33,0.793,8235.95,89.85,0,43,0,25.24,99,61,177.0,0,0,1,53.17,-5.240000000000002,7.32,-0.9900000000000002,0.84,-0.04699999999999993,9035.74,-799.789999999999,75.51,1.019999999999996,5.240000000000002,0.9900000000000002,799.789999999999,1.019999999999996
42,3,29.76,80.09,86.53,6.08,0.784,7085.35,81.37,0,43,0,25.24,99,61,177.0,0,0,1,53.17,-23.41,7.32,-1.2400000000000002,0.84,-0.05599999999999994,9035.74,-1950.3899999999994,75.51,4.579999999999998,23.41,1.2400000000000002,1950.3899999999994,4.579999999999998
42,4,24.99,92.41,98.8,5.42,0.705,4558.62,60.37,0,43,0,25.24,99,61,177.0,0,0,1,53.17,-28.180000000000003,7.32,-1.9000000000000004,0.84,-0.135,9035.74,-4477.12,75.51,16.89999999999999,28.180000000000003,1.9000000000000004,4477.12,16.89999999999999
42,5,25.93,85.6,94.46,5.02,0.67,2854.17,46.94,0,43,0,25.24,99,61,177.0,0,0,1,53.17,-27.240000000000002,7.32,-2.3000000000000007,0.84,-0.16999999999999993,9035.74,-6181.57,75.51,10.08999999999999,27.240000000000002,2.3000000000000007,6181.57,10.08999999999999
42,6,21.86,94.53,102.79,4.51,0.618,2022.76,39.0,1,43,0,25.24,99,61,177.0,0,0,1,53.17,-31.310000000000002,7.32,-2.8100000000000005,0.84,-0.22199999999999998,9035.74,-7012.98,75.51,19.019999999999996,31.310000000000002,2.8100000000000005,7012.98,19.019999999999996
42,7,41.93,82.37,93.17,5.85,0.751,5329.84,67.68,1,43,0,25.24,99,61,177.0,0,0,1,53.17,-11.240000000000002,7.32,-1.4700000000000006,0.84,-0.08899999999999997,9035.74,-3705.8999999999996,75.51,6.859999999999999,11.240000000000002,1.4700000000000006,3705.8999999999996,6.859999999999999
42,8,48.79,75.35,84.74,6.77,0.841,7006.51,83.11,0,43,0,25.24,99,61,177.0,0,0,1,53.17,-4.380000000000003,7.32,-0.5500000000000007,0.84,0.0010000000000000009,9035.74,-2029.2299999999996,75.51,-0.1600000000000108,4.380000000000003,0.5500000000000007,2029.2299999999996,-0.1600000000000108
42,9,50.18,74.46,83.85,7.66,0.877,8516.75,95.18,0,43,0,25.24,99,61,177.0,0,0,1,53.17,-2.990000000000002,7.32,0.33999999999999986,0.84,0.03700000000000003,9035.74,-518.9899999999998,75.51,-1.0500000000000114,2.990000000000002,-0.33999999999999986,518.9899999999998,-1.0500000000000114
42,10,50.21,75.87,82.04,7.22,0.871,8668.45,96.01,0,43,0,25.24,99,61,177.0,0,0,1,53.17,-2.960000000000001,7.32,-0.10000000000000053,0.84,0.031000000000000028,9035.74,-367.28999999999905,75.51,0.35999999999999943,2.960000000000001,0.10000000000000053,367.28999999999905,0.35999999999999943
43,1,51.58,68.17,75.28,7.4,0.874,7483.36,87.77,0,58,1,26.91,131,70,173.8,1,1,0,51.58,0.0,7.4,0.0,0.874,0.0,7483.36,0.0,68.17,0.0,0.0,0.0,0.0,0.0
43,2,38.5,78.78,87.42,6.83,0.843,6802.32,81.76,0,58,1,26.91,131,70,173.8,1,1,0,51.58,-13.079999999999998,7.4,-0.5700000000000003,0.874,-0.031000000000000028,7483.36,-681.04,68.17,10.61,13.079999999999998,0.5700000000000003,681.04,10.61
43,3,23.49,80.46,91.29,5.72,0.715,3689.55,54.65,0,58,1,26.91,131,70,173.8,1,1,0,51.58,-28.09,7.4,-1.6800000000000006,0.874,-0.15900000000000003,7483.36,-3793.8099999999995,68.17,12.289999999999992,28.09,1.6800000000000006,3793.8099999999995,12.289999999999992
43,4,19.92,85.35,93.03,4.94,0.646,4335.54,56.45,0,58,1,26.91,131,70,173.8,1,1,0,51.58,-31.659999999999997,7.4,-2.46,0.874,-0.22799999999999998,7483.36,-3147.8199999999997,68.17,17.179999999999993,31.659999999999997,2.46,3147.8199999999997,17.179999999999993
43,5,17.75,91.77,94.43,4.84,0.605,3183.04,46.67,1,58,1,26.91,131,70,173.8,1,1,0,51.58,-33.83,7.4,-2.5600000000000005,0.874,-0.269,7483.36,-4300.32,68.17,23.599999999999994,33.83,2.5600000000000005,4300.32,23.599999999999994
43,6,30.49,79.45,86.94,6.12,0.686,4325.76,57.97,1,58,1,26.91,131,70,173.8,1,1,0,51.58,-21.09,7.4,-1.2800000000000002,0.874,-0.18799999999999994,7483.36,-3157.5999999999995,68.17,11.280000000000001,21.09,1.2800000000000002,3157.5999999999995,11.280000000000001
43,7,51.28,67.26,76.56,7.5,0.877,7199.35,85.89,0,58,1,26.91,131,70,173.8,1,1,0,51.58,-0.29999999999999716,7.4,0.09999999999999964,0.874,0.0030000000000000027,7483.36,-284.0099999999993,68.17,-0.9099999999999966,0.29999999999999716,-0.09999999999999964,284.0099999999993,-0.9099999999999966
43,8,45.87,73.6,82.87,6.92,0.878,7499.29,88.06,0,58,1,26.91,131,70,173.8,1,1,0,51.58,-5.710000000000001,7.4,-0.4800000000000004,0.874,0.0040000000000000036,7483.36,15.930000000000291,68.17,5.429999999999993,5.710000000000001,0.4800000000000004,-15.930000000000291,5.429999999999993
43,9,47.29,69.14,77.61,7.51,0.925,9356.99,100.0,0,58,1,26.91,131,70,173.8,1,1,0,51.58,-4.289999999999999,7.4,0.10999999999999943,0.874,0.051000000000000045,7483.36,1873.63,68.17,0.9699999999999989,4.289999999999999,-0.10999999999999943,-1873.63,0.9699999999999989
43,10,49.26,67.25,70.72,7.6,0.881,7969.87,91.51,0,58,1,26.91,131,70,173.8,1,1,0,51.58,-2.3200000000000003,7.4,0.1999999999999993,0.874,0.007000000000000006,7483.36,486.5100000000002,68.17,-0.9200000000000017,2.3200000000000003,-0.1999999999999993,-486.5100000000002,-0.9200000000000017
44,1,60.02,70.97,79.71,7.45,0.887,8827.86,97.79,0,47,0,29.4,118,74,187.5,0,0,0,60.02,0.0,7.45,0.0,0.887,0.0,8827.86,0.0,70.97,0.0,0.0,0.0,0.0,0.0
44,2,46.95,77.96,87.37,6.69,0.874,6785.95,82.85,0,47,0,29.4,118,74,187.5,0,0,0,60.02,-13.07,7.45,-0.7599999999999998,0.887,-0.013000000000000012,8827.86,-2041.9100000000008,70.97,6.989999999999995,13.07,0.7599999999999998,2041.9100000000008,6.989999999999995
44,3,45.66,80.24,81.47,7.28,0.848,7574.11,87.38,0,47,0,29.4,118,74,187.5,0,0,0,60.02,-14.360000000000007,7.45,-0.16999999999999993,0.887,-0.039000000000000035,8827.86,-1253.750000000001,70.97,9.269999999999996,14.360000000000007,0.16999999999999993,1253.750000000001,9.269999999999996
44,4,38.16,83.38,92.96,5.51,0.727,4476.51,60.7,0,47,0,29.4,118,74,187.5,0,0,0,60.02,-21.860000000000007,7.45,-1.9400000000000004,0.887,-0.16000000000000003,8827.86,-4351.35,70.97,12.409999999999997,21.860000000000007,1.9400000000000004,4351.35,12.409999999999997
44,5,36.47,83.4,91.38,5.55,0.699,5884.46,69.52,0,47,0,29.4,118,74,187.5,0,0,0,60.02,-23.550000000000004,7.45,-1.9000000000000004,0.887,-0.18800000000000006,8827.86,-2943.4000000000005,70.97,12.430000000000007,23.550000000000004,1.9000000000000004,2943.4000000000005,12.430000000000007
44,6,31.06,85.71,91.75,4.72,0.616,3310.89,48.03,0,47,0,29.4,118,74,187.5,0,0,0,60.02,-28.960000000000004,7.45,-2.7300000000000004,0.887,-0.271,8827.86,-5516.970000000001,70.97,14.739999999999995,28.960000000000004,2.7300000000000004,5516.970000000001,14.739999999999995
44,7,30.16,94.34,101.98,4.48,0.641,1634.93,37.18,0,47,0,29.4,118,74,187.5,0,0,0,60.02,-29.860000000000003,7.45,-2.9699999999999998,0.887,-0.246,8827.86,-7192.93,70.97,23.370000000000005,29.860000000000003,2.9699999999999998,7192.93,23.370000000000005
44,8,24.66,95.13,106.52,4.5,0.627,4152.42,54.38,1,47,0,29.4,118,74,187.5,0,0,0,60.02,-35.36,7.45,-2.95,0.887,-0.26,8827.86,-4675.4400000000005,70.97,24.159999999999997,35.36,2.95,4675.4400000000005,24.159999999999997
44,9,30.45,87.28,95.35,6.27,0.756,5581.63,69.64,1,47,0,29.4,118,74,187.5,0,0,0,60.02,-29.570000000000004,7.45,-1.1800000000000006,0.887,-0.131,8827.86,-3246.2300000000005,70.97,16.310000000000002,29.570000000000004,1.1800000000000006,3246.2300000000005,16.310000000000002
44,10,49.2,71.35,75.31,7.46,0.921,8622.51,97.72,0,47,0,29.4,118,74,187.5,0,0,0,60.02,-10.82,7.45,0.009999999999999787,0.887,0.03400000000000003,8827.86,-205.35000000000036,70.97,0.37999999999999545,10.82,-0.009999999999999787,205.35000000000036,0.37999999999999545
45,1,51.68,69.33,72.38,7.1,0.899,7570.54,89.42,0,44,1,25.34,127,83,251.6,0,0,0,51.68,0.0,7.1,0.0,0.899,0.0,7570.54,0.0,69.33,0.0,0.0,0.0,0.0,0.0
45,2,52.16,69.27,81.37,5.96,0.817,6831.67,80.91,0,44,1,25.34,127,83,251.6,0,0,0,51.68,0.4799999999999969,7.1,-1.1399999999999997,0.899,-0.08200000000000007,7570.54,-738.8699999999999,69.33,-0.060000000000002274,-0.4799999999999969,1.1399999999999997,738.8699999999999,-0.060000000000002274
45,3,38.46,77.97,89.7,6.64,0.77,8230.72,88.91,0,44,1,25.34,127,83,251.6,0,0,0,51.68,-13.219999999999999,7.1,-0.45999999999999996,0.899,-0.129,7570.54,660.1799999999994,69.33,8.64,13.219999999999999,0.45999999999999996,-660.1799999999994,8.64
45,4,35.71,82.54,90.38,5.98,0.789,2397.34,48.49,0,44,1,25.34,127,83,251.6,0,0,0,51.68,-15.969999999999999,7.1,-1.1199999999999992,0.899,-0.10999999999999999,7570.54,-5173.2,69.33,13.210000000000008,15.969999999999999,1.1199999999999992,5173.2,13.210000000000008
45,5,36.96,84.57,96.16,5.14,0.666,4004.31,54.92,0,44,1,25.34,127,83,251.6,0,0,0,51.68,-14.719999999999999,7.1,-1.96,0.899,-0.23299999999999998,7570.54,-3566.23,69.33,15.239999999999995,14.719999999999999,1.96,3566.23,15.239999999999995
45,6,21.82,89.1,96.74,5.21,0.639,4822.61,59.62,0,44,1,25.34,127,83,251.6,0,0,0,51.68,-29.86,7.1,-1.8899999999999997,0.899,-0.26,7570.54,-2747.9300000000003,69.33,19.769999999999996,29.86,1.8899999999999997,2747.9300000000003,19.769999999999996
45,7,25.04,93.32,101.43,4.18,0.557,3669.33,48.18,1,44,1,25.34,127,83,251.6,0,0,0,51.68,-26.64,7.1,-2.92,0.899,-0.34199999999999997,7570.54,-3901.21,69.33,23.989999999999995,26.64,2.92,3901.21,23.989999999999995
45,8,37.28,81.18,90.09,6.28,0.708,5365.48,66.18,1,44,1,25.34,127,83,251.6,0,0,0,51.68,-14.399999999999999,7.1,-0.8199999999999994,0.899,-0.19100000000000006,7570.54,-2205.0600000000004,69.33,11.850000000000009,14.399999999999999,0.8199999999999994,2205.0600000000004,11.850000000000009
45,9,50.25,68.74,79.89,7.64,0.938,8751.74,99.31,0,44,1,25.34,127,83,251.6,0,0,0,51.68,-1.4299999999999997,7.1,0.54,0.899,0.038999999999999924,7570.54,1181.1999999999998,69.33,-0.5900000000000034,1.4299999999999997,-0.54,-1181.1999999999998,-0.5900000000000034
45,10,48.31,65.83,74.38,7.26,0.899,7109.31,86.14,0,44,1,25.34,127,83,251.6,0,0,0,51.68,-3.3699999999999974,7.1,0.16000000000000014,0.899,0.0,7570.54,-461.22999999999956,69.33,-3.5,3.3699999999999974,-0.16000000000000014,461.22999999999956,-3.5
46,1,47.96,69.43,75.13,7.64,0.917,7922.26,92.61,0,36,0,26.92,148,86,171.9,1,1,0,47.96,0.0,7.64,0.0,0.917,0.0,7922.26,0.0,69.43,0.0,0.0,0.0,0.0,0.0
46,2,44.6,73.26,78.57,6.58,0.868,8537.07,94.98,0,36,0,26.92,148,86,171.9,1,1,0,47.96,-3.3599999999999994,7.64,-1.0599999999999996,0.917,-0.049000000000000044,7922.26,614.8099999999995,69.43,3.8299999999999983,3.3599999999999994,1.0599999999999996,-614.8099999999995,3.8299999999999983
46,3,41.47,79.96,85.73,6.31,0.763,7805.62,85.61,0,36,0,26.92,148,86,171.9,1,1,0,47.96,-6.490000000000002,7.64,-1.33,0.917,-0.15400000000000003,7922.26,-116.64000000000033,69.43,10.529999999999987,6.490000000000002,1.33,116.64000000000033,10.529999999999987
46,4,33.73,82.14,90.82,6.26,0.702,5352.9,65.85,0,36,0,26.92,148,86,171.9,1,1,0,47.96,-14.230000000000004,7.64,-1.38,0.917,-0.21500000000000008,7922.26,-2569.3600000000006,69.43,12.709999999999994,14.230000000000004,1.38,2569.3600000000006,12.709999999999994
46,5,31.6,84.95,93.95,5.24,0.715,4406.01,59.69,0,36,0,26.92,148,86,171.9,1,1,0,47.96,-16.36,7.64,-2.3999999999999995,0.917,-0.20200000000000007,7922.26,-3516.25,69.43,15.519999999999996,16.36,2.3999999999999995,3516.25,15.519999999999996
46,6,18.29,93.4,101.76,4.96,0.563,4180.62,52.03,0,36,0,26.92,148,86,171.9,1,1,0,47.96,-29.67,7.64,-2.6799999999999997,0.917,-0.3540000000000001,7922.26,-3741.6400000000003,69.43,23.97,29.67,2.6799999999999997,3741.6400000000003,23.97
46,7,23.11,91.47,99.4,4.36,0.533,3182.26,43.78,1,36,0,26.92,148,86,171.9,1,1,0,47.96,-24.85,7.64,-3.2799999999999994,0.917,-0.384,7922.26,-4740.0,69.43,22.039999999999992,24.85,3.2799999999999994,4740.0,22.039999999999992
46,8,38.17,86.3,96.44,4.97,0.776,4734.06,64.45,1,36,0,26.92,148,86,171.9,1,1,0,47.96,-9.79,7.64,-2.67,0.917,-0.14100000000000001,7922.26,-3188.2,69.43,16.86999999999999,9.79,2.67,3188.2,16.86999999999999
46,9,51.84,65.13,75.56,7.46,0.95,9797.56,100.0,0,36,0,26.92,148,86,171.9,1,1,0,47.96,3.8800000000000026,7.64,-0.17999999999999972,0.917,0.03299999999999992,7922.26,1875.2999999999993,69.43,-4.300000000000011,-3.8800000000000026,0.17999999999999972,-1875.2999999999993,-4.300000000000011
46,10,52.14,65.75,74.85,7.71,0.905,8605.81,96.93,0,36,0,26.92,148,86,171.9,1,1,0,47.96,4.18,7.64,0.07000000000000028,0.917,-0.01200000000000001,7922.26,683.5499999999993,69.43,-3.680000000000007,-4.18,-0.07000000000000028,-683.5499999999993,-3.680000000000007
47,1,54.34,69.26,76.11,7.75,0.845,6357.77,78.67,0,55,1,24.12,138,100,160.4,0,0,0,54.34,0.0,7.75,0.0,0.845,0.0,6357.77,0.0,69.26,0.0,0.0,0.0,0.0,0.0
47,2,45.15,71.18,83.59,6.78,0.829,7290.37,84.61,0,55,1,24.12,138,100,160.4,0,0,0,54.34,-9.190000000000005,7.75,-0.9699999999999998,0.845,-0.016000000000000014,6357.77,932.5999999999995,69.26,1.9200000000000017,9.190000000000005,0.9699999999999998,-932.5999999999995,1.9200000000000017
47,3,33.61,83.23,88.9,6.02,0.728,5261.8,66.25,0,55,1,24.12,138,100,160.4,0,0,0,54.34,-20.730000000000004,7.75,-1.7300000000000004,0.845,-0.11699999999999999,6357.77,-1095.9700000000003,69.26,13.969999999999999,20.730000000000004,1.7300000000000004,1095.9700000000003,13.969999999999999
47,4,29.72,85.44,92.08,5.01,0.674,3279.37,50.1,0,55,1,24.12,138,100,160.4,0,0,0,54.34,-24.620000000000005,7.75,-2.74,0.845,-0.17099999999999993,6357.77,-3078.4000000000005,69.26,16.179999999999993,24.620000000000005,2.74,3078.4000000000005,16.179999999999993
47,5,24.2,93.64,101.27,4.47,0.597,2852.72,44.03,1,55,1,24.12,138,100,160.4,0,0,0,54.34,-30.140000000000004,7.75,-3.2800000000000002,0.845,-0.248,6357.77,-3505.0500000000006,69.26,24.379999999999995,30.140000000000004,3.2800000000000002,3505.0500000000006,24.379999999999995
47,6,35.59,84.62,93.02,6.03,0.739,4808.04,63.52,1,55,1,24.12,138,100,160.4,0,0,0,54.34,-18.75,7.75,-1.7199999999999998,0.845,-0.10599999999999998,6357.77,-1549.7300000000005,69.26,15.36,18.75,1.7199999999999998,1549.7300000000005,15.36
47,7,47.47,72.6,84.09,6.55,0.875,7872.66,90.56,0,55,1,24.12,138,100,160.4,0,0,0,54.34,-6.8700000000000045,7.75,-1.2000000000000002,0.845,0.030000000000000027,6357.77,1514.8899999999994,69.26,3.339999999999989,6.8700000000000045,1.2000000000000002,-1514.8899999999994,3.339999999999989
47,8,50.47,68.84,76.22,7.96,0.896,8866.72,98.42,0,55,1,24.12,138,100,160.4,0,0,0,54.34,-3.8700000000000045,7.75,0.20999999999999996,0.845,0.051000000000000045,6357.77,2508.949999999999,69.26,-0.4200000000000017,3.8700000000000045,-0.20999999999999996,-2508.949999999999,-0.4200000000000017
47,9,50.57,71.74,80.07,7.26,0.897,10169.24,100.0,0,55,1,24.12,138,100,160.4,0,0,0,54.34,-3.770000000000003,7.75,-0.4900000000000002,0.845,0.052000000000000046,6357.77,3811.4699999999993,69.26,2.4799999999999898,3.770000000000003,0.4900000000000002,-3811.4699999999993,2.4799999999999898
47,10,54.08,64.66,77.45,7.5,0.876,8297.75,93.61,0,55,1,24.12,138,100,160.4,0,0,0,54.34,-0.2600000000000051,7.75,-0.25,0.845,0.031000000000000028,6357.77,1939.9799999999996,69.26,-4.6000000000000085,0.2600000000000051,0.25,-1939.9799999999996,-4.6000000000000085
48,1,51.09,70.08,83.76,7.37,0.89,8368.3,94.67,0,72,0,29.25,124,91,166.6,0,0,0,51.09,0.0,7.37,0.0,0.89,0.0,8368.3,0.0,70.08,0.0,0.0,0.0,0.0,0.0
48,2,44.54,70.49,77.65,6.83,0.848,6255.3,78.09,0,72,0,29.25,124,91,166.6,0,0,0,51.09,-6.550000000000004,7.37,-0.54,0.89,-0.04200000000000004,8368.3,-2112.999999999999,70.08,0.4099999999999966,6.550000000000004,0.54,2112.999999999999,0.4099999999999966
48,3,29.33,81.01,89.96,5.69,0.808,6810.71,80.4,0,72,0,29.25,124,91,166.6,0,0,0,51.09,-21.760000000000005,7.37,-1.6799999999999997,0.89,-0.08199999999999996,8368.3,-1557.5899999999992,70.08,10.930000000000007,21.760000000000005,1.6799999999999997,1557.5899999999992,10.930000000000007
48,4,29.88,91.3,99.28,4.21,0.709,1200.0,36.84,0,72,0,29.25,124,91,166.6,0,0,0,51.09,-21.210000000000004,7.37,-3.16,0.89,-0.18100000000000005,8368.3,-7168.299999999999,70.08,21.22,21.210000000000004,3.16,7168.299999999999,21.22
48,5,20.03,94.44,102.65,4.04,0.555,2004.54,36.34,1,72,0,29.25,124,91,166.6,0,0,0,51.09,-31.060000000000002,7.37,-3.33,0.89,-0.33499999999999996,8368.3,-6363.759999999999,70.08,24.36,31.060000000000002,3.33,6363.759999999999,24.36
48,6,42.06,84.93,91.86,5.79,0.755,4580.25,62.52,1,72,0,29.25,124,91,166.6,0,0,0,51.09,-9.030000000000001,7.37,-1.58,0.89,-0.135,8368.3,-3788.0499999999993,70.08,14.850000000000009,9.030000000000001,1.58,3788.0499999999993,14.850000000000009
48,7,49.59,69.17,76.15,7.8,0.866,8725.48,96.22,0,72,0,29.25,124,91,166.6,0,0,0,51.09,-1.5,7.37,0.4299999999999997,0.89,-0.02400000000000002,8368.3,357.1800000000003,70.08,-0.9099999999999966,1.5,-0.4299999999999997,-357.1800000000003,-0.9099999999999966
48,8,47.75,72.48,79.52,7.43,0.92,8470.08,96.6,0,72,0,29.25,124,91,166.6,0,0,0,51.09,-3.3400000000000034,7.37,0.05999999999999961,0.89,0.030000000000000027,8368.3,101.78000000000065,70.08,2.4000000000000057,3.3400000000000034,-0.05999999999999961,-101.78000000000065,2.4000000000000057
48,9,51.8,69.55,76.22,6.66,0.896,7531.72,88.99,0,72,0,29.25,124,91,166.6,0,0,0,51.09,0.7099999999999937,7.37,-0.71,0.89,0.006000000000000005,8368.3,-836.579999999999,70.08,-0.5300000000000011,-0.7099999999999937,0.71,836.579999999999,-0.5300000000000011
48,10,50.67,70.84,78.21,7.69,0.901,8232.33,94.16,0,72,0,29.25,124,91,166.6,0,0,0,51.09,-0.4200000000000017,7.37,0.3200000000000003,0.89,0.01100000000000001,8368.3,-135.96999999999935,70.08,0.7600000000000051,0.4200000000000017,-0.3200000000000003,135.96999999999935,0.7600000000000051
49,1,43.3,65.85,74.43,6.99,0.917,8847.82,99.13,0,72,0,19.86,129,60,218.8,0,0,0,43.3,0.0,6.99,0.0,0.917,0.0,8847.82,0.0,65.85,0.0,0.0,0.0,0.0,0.0
49,2,37.7,76.08,85.16,5.8,0.778,7503.85,84.1,0,72,0,19.86,129,60,218.8,0,0,0,43.3,-5.599999999999994,6.99,-1.1900000000000004,0.917,-0.139,8847.82,-1343.9699999999993,65.85,10.230000000000004,5.599999999999994,1.1900000000000004,1343.9699999999993,10.230000000000004
49,3,29.29,77.9,83.5,4.68,0.642,4013.87,54.01,0,72,0,19.86,129,60,218.8,0,0,0,43.3,-14.009999999999998,6.99,-2.3100000000000005,0.917,-0.275,8847.82,-4833.95,65.85,12.050000000000011,14.009999999999998,2.3100000000000005,4833.95,12.050000000000011
49,4,16.0,91.31,97.57,3.64,0.567,3181.58,45.13,1,72,0,19.86,129,60,218.8,0,0,0,43.3,-27.299999999999997,6.99,-3.35,0.917,-0.3500000000000001,8847.82,-5666.24,65.85,25.460000000000008,27.299999999999997,3.35,5666.24,25.460000000000008
49,5,27.63,76.32,83.63,5.46,0.748,6371.75,74.91,1,72,0,19.86,129,60,218.8,0,0,0,43.3,-15.669999999999998,6.99,-1.5300000000000002,0.917,-0.16900000000000004,8847.82,-2476.0699999999997,65.85,10.469999999999999,15.669999999999998,1.5300000000000002,2476.0699999999997,10.469999999999999
49,6,50.97,68.53,78.39,7.11,0.859,9645.18,100.0,0,72,0,19.86,129,60,218.8,0,0,0,43.3,7.670000000000002,6.99,0.1200000000000001,0.917,-0.05800000000000005,8847.82,797.3600000000006,65.85,2.680000000000007,-7.670000000000002,-0.1200000000000001,-797.3600000000006,2.680000000000007
49,7,48.57,65.34,75.56,6.24,0.895,7345.01,87.66,0,72,0,19.86,129,60,218.8,0,0,0,43.3,5.270000000000003,6.99,-0.75,0.917,-0.02200000000000002,8847.82,-1502.8099999999995,65.85,-0.5099999999999909,-5.270000000000003,0.75,1502.8099999999995,-0.5099999999999909
49,8,49.65,65.49,67.6,7.17,0.895,7784.49,90.73,0,72,0,19.86,129,60,218.8,0,0,0,43.3,6.350000000000001,6.99,0.17999999999999972,0.917,-0.02200000000000002,8847.82,-1063.33,65.85,-0.35999999999999943,-6.350000000000001,-0.17999999999999972,1063.33,-0.35999999999999943
49,9,54.06,69.56,76.96,6.75,0.865,6764.41,82.34,0,72,0,19.86,129,60,218.8,0,0,0,43.3,10.760000000000005,6.99,-0.2400000000000002,0.917,-0.052000000000000046,8847.82,-2083.41,65.85,3.710000000000008,-10.760000000000005,0.2400000000000002,2083.41,3.710000000000008
49,10,47.19,65.63,72.76,7.11,0.915,7784.7,91.54,0,72,0,19.86,129,60,218.8,0,0,0,43.3,3.8900000000000006,6.99,0.1200000000000001,0.917,-0.0020000000000000018,8847.82,-1063.12,65.85,-0.21999999999999886,-3.8900000000000006,-0.1200000000000001,1063.12,-0.21999999999999886
50,1,47.85,69.54,77.96,7.57,0.908,7583.89,89.84,0,43,1,33.14,155,92,178.0,1,0,0,47.85,0.0,7.57,0.0,0.908,0.0,7583.89,0.0,69.54,0.0,0.0,0.0,0.0,0.0
50,2,44.07,73.85,81.35,6.93,0.797,7781.52,86.8,0,43,1,33.14,155,92,178.0,1,0,0,47.85,-3.780000000000001,7.57,-0.6400000000000006,0.908,-0.11099999999999999,7583.89,197.6300000000001,69.54,4.309999999999988,3.780000000000001,0.6400000000000006,-197.6300000000001,4.309999999999988
50,3,44.28,79.44,88.62,6.98,0.83,6419.45,78.53,0,43,1,33.14,155,92,178.0,1,0,0,47.85,-3.5700000000000003,7.57,-0.5899999999999999,0.908,-0.07800000000000007,7583.89,-1164.4400000000005,69.54,9.899999999999991,3.5700000000000003,0.5899999999999999,1164.4400000000005,9.899999999999991
50,4,40.88,85.1,95.39,5.42,0.724,4353.84,59.7,0,43,1,33.14,155,92,178.0,1,0,0,47.85,-6.969999999999999,7.57,-2.1500000000000004,0.908,-0.18400000000000005,7583.89,-3230.05,69.54,15.559999999999988,6.969999999999999,2.1500000000000004,3230.05,15.559999999999988
50,5,29.58,89.08,101.54,5.86,0.725,4950.17,63.93,0,43,1,33.14,155,92,178.0,1,0,0,47.85,-18.270000000000003,7.57,-1.71,0.908,-0.18300000000000005,7583.89,-2633.7200000000003,69.54,19.539999999999992,18.270000000000003,1.71,2633.7200000000003,19.539999999999992
50,6,20.73,87.76,99.15,4.64,0.642,3297.6,48.96,0,43,1,33.14,155,92,178.0,1,0,0,47.85,-27.12,7.57,-2.9300000000000006,0.908,-0.266,7583.89,-4286.290000000001,69.54,18.22,27.12,2.9300000000000006,4286.290000000001,18.22
50,7,16.84,94.99,106.12,4.39,0.527,4706.88,54.3,1,43,1,33.14,155,92,178.0,1,0,0,47.85,-31.01,7.57,-3.1800000000000006,0.908,-0.381,7583.89,-2877.01,69.54,25.44999999999999,31.01,3.1800000000000006,2877.01,25.44999999999999
50,8,44.16,82.4,89.57,5.49,0.713,6136.69,71.85,1,43,1,33.14,155,92,178.0,1,0,0,47.85,-3.690000000000005,7.57,-2.08,0.908,-0.19500000000000006,7583.89,-1447.2000000000007,69.54,12.86,3.690000000000005,2.08,1447.2000000000007,12.86
50,9,60.67,71.55,78.55,6.9,0.864,7217.66,85.49,0,43,1,33.14,155,92,178.0,1,0,0,47.85,12.82,7.57,-0.6699999999999999,0.908,-0.04400000000000004,7583.89,-366.2300000000005,69.54,2.009999999999991,-12.82,0.6699999999999999,366.2300000000005,2.009999999999991
50,10,52.35,69.65,70.65,8.34,0.898,9399.89,100.0,0,43,1,33.14,155,92,178.0,1,0,0,47.85,4.5,7.57,0.7699999999999996,0.908,-0.010000000000000009,7583.89,1815.999999999999,69.54,0.10999999999999943,-4.5,-0.7699999999999996,-1815.999999999999,0.10999999999999943
51,1,44.7,70.76,81.19,7.48,0.914,9183.69,100.0,0,54,1,25.83,121,96,198.5,1,0,0,44.7,0.0,7.48,0.0,0.914,0.0,9183.69,0.0,70.76,0.0,0.0,0.0,0.0,0.0
51,2,48.85,73.35,80.65,6.94,0.828,6220.54,77.05,0,54,1,25.83,121,96,198.5,1,0,0,44.7,4.149999999999999,7.48,-0.54,0.914,-0.08600000000000008,9183.69,-2963.1500000000005,70.76,2.589999999999989,-4.149999999999999,0.54,2963.1500000000005,2.589999999999989
51,3,37.21,83.23,94.96,6.28,0.714,5586.99,67.99,0,54,1,25.83,121,96,198.5,1,0,0,44.7,-7.490000000000002,7.48,-1.2000000000000002,0.914,-0.20000000000000007,9183.69,-3596.7000000000007,70.76,12.469999999999999,7.490000000000002,1.2000000000000002,3596.7000000000007,12.469999999999999
51,4,28.34,80.17,86.23,5.48,0.644,4789.46,59.58,0,54,1,25.83,121,96,198.5,1,0,0,44.7,-16.360000000000003,7.48,-2.0,0.914,-0.27,9183.69,-4394.2300000000005,70.76,9.409999999999997,16.360000000000003,2.0,4394.2300000000005,9.409999999999997
51,5,26.06,88.14,91.82,5.06,0.641,2829.36,45.61,0,54,1,25.83,121,96,198.5,1,0,0,44.7,-18.640000000000004,7.48,-2.420000000000001,0.914,-0.273,9183.69,-6354.33,70.76,17.379999999999995,18.640000000000004,2.420000000000001,6354.33,17.379999999999995
51,6,21.11,92.26,101.05,4.17,0.575,1990.5,37.03,1,54,1,25.83,121,96,198.5,1,0,0,44.7,-23.590000000000003,7.48,-3.3100000000000005,0.914,-0.3390000000000001,9183.69,-7193.1900000000005,70.76,21.5,23.590000000000003,3.3100000000000005,7193.1900000000005,21.5
51,7,33.32,82.93,90.47,6.65,0.733,5630.57,69.07,1,54,1,25.83,121,96,198.5,1,0,0,44.7,-11.380000000000003,7.48,-0.8300000000000001,0.914,-0.18100000000000005,9183.69,-3553.120000000001,70.76,12.170000000000002,11.380000000000003,0.8300000000000001,3553.120000000001,12.170000000000002
51,8,55.07,70.79,78.83,8.08,0.929,6634.49,83.99,0,54,1,25.83,121,96,198.5,1,0,0,44.7,10.369999999999997,7.48,0.5999999999999996,0.914,0.015000000000000013,9183.69,-2549.2000000000007,70.76,0.030000000000001137,-10.369999999999997,-0.5999999999999996,2549.2000000000007,0.030000000000001137
51,9,50.2,66.45,70.71,8.16,0.895,7788.2,90.77,0,54,1,25.83,121,96,198.5,1,0,0,44.7,5.5,7.48,0.6799999999999997,0.914,-0.019000000000000017,9183.69,-1395.4900000000007,70.76,-4.310000000000002,-5.5,-0.6799999999999997,1395.4900000000007,-4.310000000000002
51,10,51.2,66.58,73.19,8.03,0.932,8127.04,94.64,0,54,1,25.83,121,96,198.5,1,0,0,44.7,6.5,7.48,0.5499999999999989,0.914,0.018000000000000016,9183.69,-1056.6500000000005,70.76,-4.180000000000007,-6.5,-0.5499999999999989,1056.6500000000005,-4.180000000000007
52,1,40.99,69.98,72.37,7.43,0.9,8951.98,99.18,0,45,1,22.05,131,82,136.2,1,1,1,40.99,0.0,7.43,0.0,0.9,0.0,8951.98,0.0,69.98,0.0,0.0,0.0,0.0,0.0
52,2,40.41,80.49,84.63,7.65,0.879,5325.83,72.76,0,45,1,22.05,131,82,136.2,1,1,1,40.99,-0.5800000000000054,7.43,0.22000000000000064,0.9,-0.02100000000000002,8951.98,-3626.1499999999996,69.98,10.509999999999991,0.5800000000000054,-0.22000000000000064,3626.1499999999996,10.509999999999991
52,3,36.59,81.41,90.84,6.18,0.775,6846.25,79.33,0,45,1,22.05,131,82,136.2,1,1,1,40.99,-4.399999999999999,7.43,-1.25,0.9,-0.125,8951.98,-2105.7299999999996,69.98,11.429999999999993,4.399999999999999,1.25,2105.7299999999996,11.429999999999993
52,4,43.54,84.64,94.69,6.29,0.742,4463.65,61.2,0,45,1,22.05,131,82,136.2,1,1,1,40.99,2.549999999999997,7.43,-1.1399999999999997,0.9,-0.15800000000000003,8951.98,-4488.33,69.98,14.659999999999997,-2.549999999999997,1.1399999999999997,4488.33,14.659999999999997
52,5,30.5,83.63,88.47,5.12,0.74,3961.12,57.58,0,45,1,22.05,131,82,136.2,1,1,1,40.99,-10.490000000000002,7.43,-2.3099999999999996,0.9,-0.16000000000000003,8951.98,-4990.86,69.98,13.649999999999991,10.490000000000002,2.3099999999999996,4990.86,13.649999999999991
52,6,17.4,87.87,97.37,4.85,0.644,4592.04,58.19,0,45,1,22.05,131,82,136.2,1,1,1,40.99,-23.590000000000003,7.43,-2.58,0.9,-0.256,8951.98,-4359.94,69.98,17.89,23.590000000000003,2.58,4359.94,17.89
52,7,25.11,93.63,107.9,3.47,0.614,3215.3,47.24,0,45,1,22.05,131,82,136.2,1,1,1,40.99,-15.880000000000003,7.43,-3.9599999999999995,0.9,-0.28600000000000003,8951.98,-5736.679999999999,69.98,23.64999999999999,15.880000000000003,3.9599999999999995,5736.679999999999,23.64999999999999
52,8,21.38,99.17,106.26,4.1,0.593,3723.71,50.02,1,45,1,22.05,131,82,136.2,1,1,1,40.99,-19.610000000000003,7.43,-3.33,0.9,-0.30700000000000005,8951.98,-5228.2699999999995,69.98,29.189999999999998,19.610000000000003,3.33,5228.2699999999995,29.189999999999998
52,9,28.43,82.73,93.23,5.88,0.728,5283.42,66.4,1,45,1,22.05,131,82,136.2,1,1,1,40.99,-12.560000000000002,7.43,-1.5499999999999998,0.9,-0.17200000000000004,8951.98,-3668.5599999999995,69.98,12.75,12.560000000000002,1.5499999999999998,3668.5599999999995,12.75
52,10,51.36,71.3,83.36,7.35,0.856,8756.42,96.03,0,45,1,22.05,131,82,136.2,1,1,1,40.99,10.369999999999997,7.43,-0.08000000000000007,0.9,-0.04400000000000004,8951.98,-195.5599999999995,69.98,1.3199999999999932,-10.369999999999997,0.08000000000000007,195.5599999999995,1.3199999999999932
53,1,52.52,73.53,82.42,7.39,0.92,9060.06,100.0,0,47,1,31.47,143,65,120.0,1,0,1,52.52,0.0,7.39,0.0,0.92,0.0,9060.06,0.0,73.53,0.0,0.0,0.0,0.0,0.0
53,2,51.72,73.5,82.65,6.02,0.802,5113.34,68.17,0,47,1,31.47,143,65,120.0,1,0,1,52.52,-0.8000000000000043,7.39,-1.37,0.92,-0.118,9060.06,-3946.7199999999993,73.53,-0.030000000000001137,0.8000000000000043,1.37,3946.7199999999993,-0.030000000000001137
53,3,40.72,80.8,88.36,6.97,0.81,5976.03,74.59,0,47,1,31.47,143,65,120.0,1,0,1,52.52,-11.800000000000004,7.39,-0.41999999999999993,0.92,-0.10999999999999999,9060.06,-3084.0299999999997,73.53,7.269999999999996,11.800000000000004,0.41999999999999993,3084.0299999999997,7.269999999999996
53,4,35.57,85.03,93.4,6.13,0.737,5525.79,68.47,0,47,1,31.47,143,65,120.0,1,0,1,52.52,-16.950000000000003,7.39,-1.2599999999999998,0.92,-0.18300000000000005,9060.06,-3534.2699999999995,73.53,11.5,16.950000000000003,1.2599999999999998,3534.2699999999995,11.5
53,5,32.63,88.91,89.44,5.72,0.637,2131.47,40.51,0,47,1,31.47,143,65,120.0,1,0,1,52.52,-19.89,7.39,-1.67,0.92,-0.28300000000000003,9060.06,-6928.59,73.53,15.379999999999995,19.89,1.67,6928.59,15.379999999999995
53,6,27.95,96.33,102.38,4.59,0.633,2967.73,46.26,0,47,1,31.47,143,65,120.0,1,0,1,52.52,-24.570000000000004,7.39,-2.8,0.92,-0.28700000000000003,9060.06,-6092.33,73.53,22.799999999999997,24.570000000000004,2.8,6092.33,22.799999999999997
53,7,16.0,100.33,107.35,4.48,0.589,2846.82,43.65,1,47,1,31.47,143,65,120.0,1,0,1,52.52,-36.52,7.39,-2.9099999999999993,0.92,-0.33100000000000007,9060.06,-6213.24,73.53,26.799999999999997,36.52,2.9099999999999993,6213.24,26.799999999999997
53,8,37.3,85.99,94.1,6.09,0.762,1530.88,41.3,1,47,1,31.47,143,65,120.0,1,0,1,52.52,-15.220000000000006,7.39,-1.2999999999999998,0.92,-0.15800000000000003,9060.06,-7529.179999999999,73.53,12.459999999999994,15.220000000000006,1.2999999999999998,7529.179999999999,12.459999999999994
53,9,48.07,71.48,71.75,7.55,0.885,8318.89,94.12,0,47,1,31.47,143,65,120.0,1,0,1,52.52,-4.450000000000003,7.39,0.16000000000000014,0.92,-0.03500000000000003,9060.06,-741.1700000000001,73.53,-2.049999999999997,4.450000000000003,-0.16000000000000014,741.1700000000001,-2.049999999999997
53,10,51.24,75.17,86.69,8.34,0.873,7991.5,91.32,0,47,1,31.47,143,65,120.0,1,0,1,52.52,-1.2800000000000011,7.39,0.9500000000000002,0.92,-0.04700000000000004,9060.06,-1068.5599999999995,73.53,1.6400000000000006,1.2800000000000011,-0.9500000000000002,1068.5599999999995,1.6400000000000006
54,1,48.59,71.17,80.79,7.46,0.901,8604.53,96.76,0,78,1,20.94,152,98,180.6,1,0,0,48.59,0.0,7.46,0.0,0.901,0.0,8604.53,0.0,71.17,0.0,0.0,0.0,0.0,0.0
54,2,34.47,74.62,81.09,5.57,0.77,6624.22,77.55,0,78,1,20.94,152,98,180.6,1,0,0,48.59,-14.120000000000005,7.46,-1.8899999999999997,0.901,-0.131,8604.53,-1980.3100000000004,71.17,3.450000000000003,14.120000000000005,1.8899999999999997,1980.3100000000004,3.450000000000003
54,3,26.75,81.96,87.61,5.14,0.678,6884.16,75.73,0,78,1,20.94,152,98,180.6,1,0,0,48.59,-21.840000000000003,7.46,-2.3200000000000003,0.901,-0.22299999999999998,8604.53,-1720.3700000000008,71.17,10.789999999999992,21.840000000000003,2.3200000000000003,1720.3700000000008,10.789999999999992
54,4,16.71,92.48,102.13,4.23,0.549,1200.0,30.41,1,78,1,20.94,152,98,180.6,1,0,0,48.59,-31.880000000000003,7.46,-3.2299999999999995,0.901,-0.352,8604.53,-7404.530000000001,71.17,21.310000000000002,31.880000000000003,3.2299999999999995,7404.530000000001,21.310000000000002
54,5,28.05,83.08,92.78,6.47,0.714,3725.59,54.87,1,78,1,20.94,152,98,180.6,1,0,0,48.59,-20.540000000000003,7.46,-0.9900000000000002,0.901,-0.18700000000000006,8604.53,-4878.9400000000005,71.17,11.909999999999997,20.540000000000003,0.9900000000000002,4878.9400000000005,11.909999999999997
54,6,47.82,71.76,79.48,7.64,0.889,6405.58,80.8,0,78,1,20.94,152,98,180.6,1,0,0,48.59,-0.7700000000000031,7.46,0.17999999999999972,0.901,-0.01200000000000001,8604.53,-2198.9500000000007,71.17,0.5900000000000034,0.7700000000000031,-0.17999999999999972,2198.9500000000007,0.5900000000000034
54,7,49.77,70.88,77.01,7.57,0.932,9495.39,100.0,0,78,1,20.94,152,98,180.6,1,0,0,48.59,1.1799999999999997,7.46,0.11000000000000032,0.901,0.031000000000000028,8604.53,890.8599999999988,71.17,-0.29000000000000625,-1.1799999999999997,-0.11000000000000032,-890.8599999999988,-0.29000000000000625
54,8,44.83,66.32,80.5,8.08,0.852,9018.16,97.72,0,78,1,20.94,152,98,180.6,1,0,0,48.59,-3.760000000000005,7.46,0.6200000000000001,0.901,-0.049000000000000044,8604.53,413.6299999999992,71.17,-4.8500000000000085,3.760000000000005,-0.6200000000000001,-413.6299999999992,-4.8500000000000085
54,9,44.6,63.57,72.09,6.34,0.902,8324.79,94.83,0,78,1,20.94,152,98,180.6,1,0,0,48.59,-3.990000000000002,7.46,-1.12,0.901,0.0010000000000000009,8604.53,-279.7399999999998,71.17,-7.600000000000001,3.990000000000002,1.12,279.7399999999998,-7.600000000000001
54,10,49.9,68.11,75.82,7.22,0.923,8018.82,93.53,0,78,1,20.94,152,98,180.6,1,0,0,48.59,1.3099999999999952,7.46,-0.2400000000000002,0.901,0.02200000000000002,8604.53,-585.710000000001,71.17,-3.0600000000000023,-1.3099999999999952,0.2400000000000002,585.710000000001,-3.0600000000000023
55,1,54.14,70.36,80.43,8.01,0.899,7606.38,89.66,0,75,1,32.19,141,81,149.6,0,0,0,54.14,0.0,8.01,0.0,0.899,0.0,7606.38,0.0,70.36,0.0,0.0,0.0,0.0,0.0
55,2,46.72,81.01,91.37,6.99,0.819,7889.95,88.45,0,75,1,32.19,141,81,149.6,0,0,0,54.14,-7.420000000000002,8.01,-1.0199999999999996,0.899,-0.08000000000000007,7606.38,283.5699999999997,70.36,10.650000000000006,7.420000000000002,1.0199999999999996,-283.5699999999997,10.650000000000006
55,3,37.96,77.67,85.83,7.05,0.742,6525.65,75.75,0,75,1,32.19,141,81,149.6,0,0,0,54.14,-16.18,8.01,-0.96,0.899,-0.15700000000000003,7606.38,-1080.7300000000005,70.36,7.310000000000002,16.18,0.96,1080.7300000000005,7.310000000000002
55,4,34.33,79.15,88.84,6.26,0.746,5341.36,67.54,0,75,1,32.19,141,81,149.6,0,0,0,54.14,-19.810000000000002,8.01,-1.75,0.899,-0.15300000000000002,7606.38,-2265.0200000000004,70.36,8.790000000000006,19.810000000000002,1.75,2265.0200000000004,8.790000000000006
55,5,28.91,79.67,82.27,5.88,0.68,6011.05,69.63,0,75,1,32.19,141,81,149.6,0,0,0,54.14,-25.23,8.01,-2.13,0.899,-0.21899999999999997,7606.38,-1595.33,70.36,9.310000000000002,25.23,2.13,1595.33,9.310000000000002
55,6,22.01,86.56,93.55,4.86,0.669,4231.77,56.65,0,75,1,32.19,141,81,149.6,0,0,0,54.14,-32.129999999999995,8.01,-3.1499999999999995,0.899,-0.22999999999999998,7606.38,-3374.6099999999997,70.36,16.200000000000003,32.129999999999995,3.1499999999999995,3374.6099999999997,16.200000000000003
55,7,20.85,91.58,99.21,4.77,0.64,4733.84,59.02,0,75,1,32.19,141,81,149.6,0,0,0,54.14,-33.29,8.01,-3.24,0.899,-0.259,7606.38,-2872.54,70.36,21.22,33.29,3.24,2872.54,21.22
55,8,16.17,92.14,104.44,4.37,0.566,2714.69,41.81,1,75,1,32.19,141,81,149.6,0,0,0,54.14,-37.97,8.01,-3.6399999999999997,0.899,-0.3330000000000001,7606.38,-4891.6900000000005,70.36,21.78,37.97,3.6399999999999997,4891.6900000000005,21.78
55,9,31.34,82.71,91.74,5.25,0.68,4627.09,59.88,1,75,1,32.19,141,81,149.6,0,0,0,54.14,-22.8,8.01,-2.76,0.899,-0.21899999999999997,7606.38,-2979.29,70.36,12.349999999999994,22.8,2.76,2979.29,12.349999999999994
55,10,54.3,68.83,76.91,7.55,0.886,7781.76,90.36,0,75,1,32.19,141,81,149.6,0,0,0,54.14,0.1599999999999966,8.01,-0.45999999999999996,0.899,-0.013000000000000012,7606.38,175.3800000000001,70.36,-1.5300000000000011,-0.1599999999999966,0.45999999999999996,-175.3800000000001,-1.5300000000000011
56,1,52.67,67.16,73.24,7.48,0.948,8742.63,99.63,0,56,1,28.8,146,77,129.3,1,0,0,52.67,0.0,7.48,0.0,0.948,0.0,8742.63,0.0,67.16,0.0,0.0,0.0,0.0,0.0
56,2,39.49,80.87,87.46,6.58,0.761,6072.37,73.29,0,56,1,28.8,146,77,129.3,1,0,0,52.67,-13.18,7.48,-0.9000000000000004,0.948,-0.18699999999999994,8742.63,-2670.2599999999993,67.16,13.710000000000008,13.18,0.9000000000000004,2670.2599999999993,13.710000000000008
56,3,26.43,83.18,89.98,5.31,0.687,5362.28,65.32,0,56,1,28.8,146,77,129.3,1,0,0,52.67,-26.240000000000002,7.48,-2.170000000000001,0.948,-0.2609999999999999,8742.63,-3380.3499999999995,67.16,16.02000000000001,26.240000000000002,2.170000000000001,3380.3499999999995,16.02000000000001
56,4,16.0,96.06,105.55,4.34,0.557,1636.09,33.83,1,56,1,28.8,146,77,129.3,1,0,0,52.67,-36.67,7.48,-3.1400000000000006,0.948,-0.3909999999999999,8742.63,-7106.539999999999,67.16,28.900000000000006,36.67,3.1400000000000006,7106.539999999999,28.900000000000006
56,5,41.71,80.16,83.94,6.0,0.74,5169.66,66.08,1,56,1,28.8,146,77,129.3,1,0,0,52.67,-10.96,7.48,-1.4800000000000004,0.948,-0.20799999999999996,8742.63,-3572.9699999999993,67.16,13.0,10.96,1.4800000000000004,3572.9699999999993,13.0
56,6,56.77,68.64,75.08,6.73,0.901,6950.3,85.09,0,56,1,28.8,146,77,129.3,1,0,0,52.67,4.100000000000001,7.48,-0.75,0.948,-0.04699999999999993,8742.63,-1792.329999999999,67.16,1.480000000000004,-4.100000000000001,0.75,1792.329999999999,1.480000000000004
56,7,46.68,71.91,82.13,6.97,0.862,9700.1,100.0,0,56,1,28.8,146,77,129.3,1,0,0,52.67,-5.990000000000002,7.48,-0.5100000000000007,0.948,-0.08599999999999997,8742.63,957.4700000000012,67.16,4.75,5.990000000000002,0.5100000000000007,-957.4700000000012,4.75
56,8,47.3,62.46,70.05,7.07,0.871,8961.05,98.1,0,56,1,28.8,146,77,129.3,1,0,0,52.67,-5.3700000000000045,7.48,-0.41000000000000014,0.948,-0.07699999999999996,8742.63,218.42000000000007,67.16,-4.699999999999996,5.3700000000000045,0.41000000000000014,-218.42000000000007,-4.699999999999996
56,9,51.64,74.12,80.99,7.13,0.875,7796.76,90.05,0,56,1,28.8,146,77,129.3,1,0,0,52.67,-1.0300000000000011,7.48,-0.35000000000000053,0.948,-0.07299999999999995,8742.63,-945.869999999999,67.16,6.960000000000008,1.0300000000000011,0.35000000000000053,945.869999999999,6.960000000000008
56,10,50.76,70.66,71.95,6.34,0.862,8524.89,94.65,0,56,1,28.8,146,77,129.3,1,0,0,52.67,-1.9100000000000037,7.48,-1.1400000000000006,0.948,-0.08599999999999997,8742.63,-217.73999999999978,67.16,3.5,1.9100000000000037,1.1400000000000006,217.73999999999978,3.5
57,1,50.58,73.77,83.28,7.58,0.851,9352.96,100.0,0,52,0,26.47,113,75,120.0,0,0,1,50.58,0.0,7.58,0.0,0.851,0.0,9352.96,0.0,73.77,0.0,0.0,0.0,0.0,0.0
57,2,45.45,75.75,85.02,6.22,0.801,8033.78,88.74,0,52,0,26.47,113,75,120.0,0,0,1,50.58,-5.1299999999999955,7.58,-1.3600000000000003,0.851,-0.04999999999999993,9352.96,-1319.1799999999994,73.77,1.980000000000004,5.1299999999999955,1.3600000000000003,1319.1799999999994,1.980000000000004
57,3,43.05,81.16,88.95,6.38,0.722,7953.45,85.02,0,52,0,26.47,113,75,120.0,0,0,1,50.58,-7.530000000000001,7.58,-1.2000000000000002,0.851,-0.129,9352.96,-1399.5099999999993,73.77,7.390000000000001,7.530000000000001,1.2000000000000002,1399.5099999999993,7.390000000000001
57,4,34.15,87.22,96.21,5.41,0.691,4367.9,58.46,0,52,0,26.47,113,75,120.0,0,0,1,50.58,-16.43,7.58,-2.17,0.851,-0.16000000000000003,9352.96,-4985.0599999999995,73.77,13.450000000000003,16.43,2.17,4985.0599999999995,13.450000000000003
57,5,28.63,91.54,98.44,4.84,0.609,1242.01,33.14,0,52,0,26.47,113,75,120.0,0,0,1,50.58,-21.95,7.58,-2.74,0.851,-0.242,9352.96,-8110.949999999999,73.77,17.77000000000001,21.95,2.74,8110.949999999999,17.77000000000001
57,6,16.0,92.56,100.57,3.91,0.564,1200.0,31.02,1,52,0,26.47,113,75,120.0,0,0,1,50.58,-34.58,7.58,-3.67,0.851,-0.28700000000000003,9352.96,-8152.959999999999,73.77,18.790000000000006,34.58,3.67,8152.959999999999,18.790000000000006
57,7,33.83,79.51,85.67,5.02,0.718,6620.87,75.45,1,52,0,26.47,113,75,120.0,0,0,1,50.58,-16.75,7.58,-2.5600000000000005,0.851,-0.133,9352.96,-2732.0899999999992,73.77,5.740000000000009,16.75,2.5600000000000005,2732.0899999999992,5.740000000000009
57,8,52.47,72.94,79.49,7.03,0.861,8763.84,96.28,0,52,0,26.47,113,75,120.0,0,0,1,50.58,1.8900000000000006,7.58,-0.5499999999999998,0.851,0.010000000000000009,9352.96,-589.119999999999,73.77,-0.8299999999999983,-1.8900000000000006,0.5499999999999998,589.119999999999,-0.8299999999999983
57,9,48.27,70.73,78.3,6.87,0.876,8151.96,92.58,0,52,0,26.47,113,75,120.0,0,0,1,50.58,-2.309999999999995,7.58,-0.71,0.851,0.025000000000000022,9352.96,-1200.999999999999,73.77,-3.039999999999992,2.309999999999995,0.71,1200.999999999999,-3.039999999999992
57,10,48.72,70.98,77.95,7.41,0.965,7105.64,88.77,0,52,0,26.47,113,75,120.0,0,0,1,50.58,-1.8599999999999994,7.58,-0.16999999999999993,0.851,0.11399999999999999,9352.96,-2247.319999999999,73.77,-2.789999999999992,1.8599999999999994,0.16999999999999993,2247.319999999999,-2.789999999999992
58,1,48.8,69.9,79.39,7.3,0.887,8578.3,96.04,0,50,1,33.53,130,95,181.6,0,0,0,48.8,0.0,7.3,0.0,0.887,0.0,8578.3,0.0,69.9,0.0,0.0,0.0,0.0,0.0
58,2,46.26,75.05,85.1,7.54,0.815,5740.8,73.13,0,50,1,33.53,130,95,181.6,0,0,0,48.8,-2.539999999999999,7.3,0.2400000000000002,0.887,-0.07200000000000006,8578.3,-2837.499999999999,69.9,5.1499999999999915,2.539999999999999,-0.2400000000000002,2837.499999999999,5.1499999999999915
58,3,46.07,77.08,83.99,6.8,0.755,6529.24,76.27,0,50,1,33.53,130,95,181.6,0,0,0,48.8,-2.729999999999997,7.3,-0.5,0.887,-0.132,8578.3,-2049.0599999999995,69.9,7.179999999999993,2.729999999999997,0.5,2049.0599999999995,7.179999999999993
58,4,32.38,79.98,85.68,6.56,0.745,5719.26,70.16,0,50,1,33.53,130,95,181.6,0,0,0,48.8,-16.419999999999995,7.3,-0.7400000000000002,0.887,-0.14200000000000002,8578.3,-2859.039999999999,69.9,10.079999999999998,16.419999999999995,0.7400000000000002,2859.039999999999,10.079999999999998
58,5,32.98,84.29,90.74,5.74,0.696,4920.75,62.57,0,50,1,33.53,130,95,181.6,0,0,0,48.8,-15.82,7.3,-1.5599999999999996,0.887,-0.19100000000000006,8578.3,-3657.5499999999993,69.9,14.39,15.82,1.5599999999999996,3657.5499999999993,14.39
58,6,29.41,90.57,96.58,5.46,0.657,3195.63,48.85,0,50,1,33.53,130,95,181.6,0,0,0,48.8,-19.389999999999997,7.3,-1.8399999999999999,0.887,-0.22999999999999998,8578.3,-5382.669999999999,69.9,20.669999999999987,19.389999999999997,1.8399999999999999,5382.669999999999,20.669999999999987
58,7,24.5,93.16,98.71,4.33,0.601,5005.85,59.39,0,50,1,33.53,130,95,181.6,0,0,0,48.8,-24.299999999999997,7.3,-2.9699999999999998,0.887,-0.28600000000000003,8578.3,-3572.449999999999,69.9,23.25999999999999,24.299999999999997,2.9699999999999998,3572.449999999999,23.25999999999999
58,8,16.0,95.95,100.36,4.08,0.584,1200.0,31.84,1,50,1,33.53,130,95,181.6,0,0,0,48.8,-32.8,7.3,-3.2199999999999998,0.887,-0.30300000000000005,8578.3,-7378.299999999999,69.9,26.049999999999997,32.8,3.2199999999999998,7378.299999999999,26.049999999999997
58,9,37.85,84.68,92.74,6.15,0.714,4674.15,61.56,1,50,1,33.53,130,95,181.6,0,0,0,48.8,-10.949999999999996,7.3,-1.1499999999999995,0.887,-0.17300000000000004,8578.3,-3904.1499999999996,69.9,14.780000000000001,10.949999999999996,1.1499999999999995,3904.1499999999996,14.780000000000001
58,10,49.97,73.89,83.41,8.02,0.912,9977.48,100.0,0,50,1,33.53,130,95,181.6,0,0,0,48.8,1.1700000000000017,7.3,0.7199999999999998,0.887,0.025000000000000022,8578.3,1399.1800000000003,69.9,3.989999999999995,-1.1700000000000017,-0.7199999999999998,-1399.1800000000003,3.989999999999995
59,1,51.56,71.72,83.79,7.23,0.873,8052.19,91.77,0,58,0,33.98,127,87,155.8,0,0,0,51.56,0.0,7.23,0.0,0.873,0.0,8052.19,0.0,71.72,0.0,0.0,0.0,0.0,0.0
59,2,40.2,77.63,84.74,5.77,0.778,4946.55,66.04,0,58,0,33.98,127,87,155.8,0,0,0,51.56,-11.36,7.23,-1.4600000000000009,0.873,-0.09499999999999997,8052.19,-3105.6399999999994,71.72,5.909999999999997,11.36,1.4600000000000009,3105.6399999999994,5.909999999999997
59,3,34.47,88.88,94.74,5.21,0.671,4166.06,56.23,0,58,0,33.98,127,87,155.8,0,0,0,51.56,-17.090000000000003,7.23,-2.0200000000000005,0.873,-0.20199999999999996,8052.19,-3886.129999999999,71.72,17.159999999999997,17.090000000000003,2.0200000000000005,3886.129999999999,17.159999999999997
59,4,16.55,93.66,102.86,3.33,0.536,3450.09,45.78,1,58,0,33.98,127,87,155.8,0,0,0,51.56,-35.010000000000005,7.23,-3.9000000000000004,0.873,-0.33699999999999997,8052.19,-4602.099999999999,71.72,21.939999999999998,35.010000000000005,3.9000000000000004,4602.099999999999,21.939999999999998
59,5,38.81,82.99,91.48,5.38,0.759,5084.71,66.25,1,58,0,33.98,127,87,155.8,0,0,0,51.56,-12.75,7.23,-1.8500000000000005,0.873,-0.11399999999999999,8052.19,-2967.4799999999996,71.72,11.269999999999996,12.75,1.8500000000000005,2967.4799999999996,11.269999999999996
59,6,50.96,69.34,79.26,7.19,0.876,7692.26,89.33,0,58,0,33.98,127,87,155.8,0,0,0,51.56,-0.6000000000000014,7.23,-0.040000000000000036,0.873,0.0030000000000000027,8052.19,-359.9299999999994,71.72,-2.3799999999999955,0.6000000000000014,0.040000000000000036,359.9299999999994,-2.3799999999999955
59,7,57.99,72.0,81.3,7.36,0.879,8217.59,93.18,0,58,0,33.98,127,87,155.8,0,0,0,51.56,6.43,7.23,0.1299999999999999,0.873,0.006000000000000005,8052.19,165.40000000000055,71.72,0.28000000000000114,-6.43,-0.1299999999999999,-165.40000000000055,0.28000000000000114
59,8,56.64,70.97,77.22,7.54,0.899,9325.12,100.0,0,58,0,33.98,127,87,155.8,0,0,0,51.56,5.079999999999998,7.23,0.3099999999999996,0.873,0.026000000000000023,8052.19,1272.9300000000012,71.72,-0.75,-5.079999999999998,-0.3099999999999996,-1272.9300000000012,-0.75
59,9,50.65,68.47,78.27,7.81,0.88,8634.57,96.15,0,58,0,33.98,127,87,155.8,0,0,0,51.56,-0.9100000000000037,7.23,0.5799999999999992,0.873,0.007000000000000006,8052.19,582.3800000000001,71.72,-3.25,0.9100000000000037,-0.5799999999999992,-582.3800000000001,-3.25
59,10,49.25,76.89,85.17,7.69,0.905,8264.34,94.55,0,58,0,33.98,127,87,155.8,0,0,0,51.56,-2.3100000000000023,7.23,0.45999999999999996,0.873,0.03200000000000003,8052.19,212.15000000000055,71.72,5.170000000000002,2.3100000000000023,-0.45999999999999996,-212.15000000000055,5.170000000000002
60,1,48.88,70.56,78.35,6.67,0.907,7624.84,90.12,0,68,0,35.46,139,93,156.2,1,0,0,48.88,0.0,6.67,0.0,0.907,0.0,7624.84,0.0,70.56,0.0,0.0,0.0,0.0,0.0
60,2,44.99,74.02,81.56,6.44,0.831,8919.25,96.21,0,68,0,35.46,139,93,156.2,1,0,0,48.88,-3.8900000000000006,6.67,-0.22999999999999954,0.907,-0.07600000000000007,7624.84,1294.4099999999999,70.56,3.4599999999999937,3.8900000000000006,0.22999999999999954,-1294.4099999999999,3.4599999999999937
60,3,43.88,79.2,85.93,6.13,0.772,6307.25,75.42,0,68,0,35.46,139,93,156.2,1,0,0,48.88,-5.0,6.67,-0.54,0.907,-0.135,7624.84,-1317.5900000000001,70.56,8.64,5.0,0.54,1317.5900000000001,8.64
60,4,37.79,84.55,95.44,5.64,0.744,5153.26,66.14,0,68,0,35.46,139,93,156.2,1,0,0,48.88,-11.090000000000003,6.67,-1.0300000000000002,0.907,-0.16300000000000003,7624.84,-2471.58,70.56,13.989999999999995,11.090000000000003,1.0300000000000002,2471.58,13.989999999999995
60,5,22.86,87.56,93.03,5.77,0.662,5871.66,67.94,0,68,0,35.46,139,93,156.2,1,0,0,48.88,-26.020000000000003,6.67,-0.9000000000000004,0.907,-0.245,7624.84,-1753.1800000000003,70.56,17.0,26.020000000000003,0.9000000000000004,1753.1800000000003,17.0
60,6,24.36,91.85,99.65,4.39,0.618,4064.2,53.4,0,68,0,35.46,139,93,156.2,1,0,0,48.88,-24.520000000000003,6.67,-2.2800000000000002,0.907,-0.28900000000000003,7624.84,-3560.6400000000003,70.56,21.289999999999992,24.520000000000003,2.2800000000000002,3560.6400000000003,21.289999999999992
60,7,20.19,97.2,109.33,3.64,0.59,1541.45,34.46,1,68,0,35.46,139,93,156.2,1,0,0,48.88,-28.69,6.67,-3.03,0.907,-0.31700000000000006,7624.84,-6083.39,70.56,26.64,28.69,3.03,6083.39,26.64
60,8,28.3,81.06,85.49,5.72,0.713,4754.97,62.09,1,68,0,35.46,139,93,156.2,1,0,0,48.88,-20.580000000000002,6.67,-0.9500000000000002,0.907,-0.19400000000000006,7624.84,-2869.87,70.56,10.5,20.580000000000002,0.9500000000000002,2869.87,10.5
60,9,52.69,73.63,79.8,8.32,0.909,8968.82,99.66,0,68,0,35.46,139,93,156.2,1,0,0,48.88,3.809999999999995,6.67,1.6500000000000004,0.907,0.0020000000000000018,7624.84,1343.9799999999996,70.56,3.069999999999993,-3.809999999999995,-1.6500000000000004,-1343.9799999999996,3.069999999999993
60,10,49.96,71.31,81.14,7.13,0.905,8502.45,96.22,0,68,0,35.46,139,93,156.2,1,0,0,48.88,1.0799999999999983,6.67,0.45999999999999996,0.907,-0.0020000000000000018,7624.84,877.6100000000006,70.56,0.75,-1.0799999999999983,-0.45999999999999996,-877.6100000000006,0.75
61,1,54.56,65.59,75.81,7.53,0.877,8636.37,96.05,0,37,0,23.1,129,83,170.7,1,0,0,54.56,0.0,7.53,0.0,0.877,0.0,8636.37,0.0,65.59,0.0,0.0,0.0,0.0,0.0
61,2,42.22,76.68,84.91,6.13,0.78,6454.82,76.75,0,37,0,23.1,129,83,170.7,1,0,0,54.56,-12.340000000000003,7.53,-1.4000000000000004,0.877,-0.09699999999999998,8636.37,-2181.550000000001,65.59,11.090000000000003,12.340000000000003,1.4000000000000004,2181.550000000001,11.090000000000003
61,3,37.65,89.15,94.95,5.14,0.695,5259.66,64.92,0,37,0,23.1,129,83,170.7,1,0,0,54.56,-16.910000000000004,7.53,-2.3900000000000006,0.877,-0.18200000000000005,8636.37,-3376.710000000001,65.59,23.560000000000002,16.910000000000004,2.3900000000000006,3376.710000000001,23.560000000000002
61,4,21.22,89.97,100.76,4.23,0.603,3602.78,49.53,1,37,0,23.1,129,83,170.7,1,0,0,54.56,-33.34,7.53,-3.3,0.877,-0.274,8636.37,-5033.59,65.59,24.379999999999995,33.34,3.3,5033.59,24.379999999999995
61,5,41.68,83.33,95.54,5.44,0.702,5100.59,64.08,1,37,0,23.1,129,83,170.7,1,0,0,54.56,-12.880000000000003,7.53,-2.09,0.877,-0.17500000000000004,8636.37,-3535.7800000000007,65.59,17.739999999999995,12.880000000000003,2.09,3535.7800000000007,17.739999999999995
61,6,53.33,66.11,75.21,7.57,0.904,8660.08,97.3,0,37,0,23.1,129,83,170.7,1,0,0,54.56,-1.230000000000004,7.53,0.040000000000000036,0.877,0.027000000000000024,8636.37,23.709999999999127,65.59,0.519999999999996,1.230000000000004,-0.040000000000000036,-23.709999999999127,0.519999999999996
61,7,53.08,69.24,77.35,7.9,0.927,9359.99,100.0,0,37,0,23.1,129,83,170.7,1,0,0,54.56,-1.480000000000004,7.53,0.3700000000000001,0.877,0.050000000000000044,8636.37,723.619999999999,65.59,3.6499999999999915,1.480000000000004,-0.3700000000000001,-723.619999999999,3.6499999999999915
61,8,44.88,68.87,77.65,7.88,0.943,7026.86,87.34,0,37,0,23.1,129,83,170.7,1,0,0,54.56,-9.68,7.53,0.34999999999999964,0.877,0.06599999999999995,8636.37,-1609.5100000000011,65.59,3.280000000000001,9.68,-0.34999999999999964,1609.5100000000011,3.280000000000001
61,9,49.06,66.86,74.21,7.02,0.911,8851.16,98.93,0,37,0,23.1,129,83,170.7,1,0,0,54.56,-5.5,7.53,-0.5100000000000007,0.877,0.03400000000000003,8636.37,214.78999999999905,65.59,1.269999999999996,5.5,0.5100000000000007,-214.78999999999905,1.269999999999996
61,10,52.23,69.36,73.23,7.43,0.978,9261.96,100.0,0,37,0,23.1,129,83,170.7,1,0,0,54.56,-2.3300000000000054,7.53,-0.10000000000000053,0.877,0.10099999999999998,8636.37,625.5899999999983,65.59,3.769999999999996,2.3300000000000054,0.10000000000000053,-625.5899999999983,3.769999999999996
62,1,48.32,69.73,77.27,7.01,0.913,8527.59,96.73,0,44,1,26.65,146,86,191.0,0,1,0,48.32,0.0,7.01,0.0,0.913,0.0,8527.59,0.0,69.73,0.0,0.0,0.0,0.0,0.0
62,2,36.01,72.27,80.33,6.97,0.844,8183.84,91.54,0,44,1,26.65,146,86,191.0,0,1,0,48.32,-12.310000000000002,7.01,-0.040000000000000036,0.913,-0.06900000000000006,8527.59,-343.75,69.73,2.539999999999992,12.310000000000002,0.040000000000000036,343.75,2.539999999999992
62,3,42.75,74.37,85.5,6.13,0.768,6185.46,74.38,0,44,1,26.65,146,86,191.0,0,1,0,48.32,-5.57,7.01,-0.8799999999999999,0.913,-0.14500000000000002,8527.59,-2342.13,69.73,4.640000000000001,5.57,0.8799999999999999,2342.13,4.640000000000001
62,4,35.76,72.98,81.55,5.78,0.767,6044.61,73.33,0,44,1,26.65,146,86,191.0,0,1,0,48.32,-12.560000000000002,7.01,-1.2299999999999995,0.913,-0.14600000000000002,8527.59,-2482.9800000000005,69.73,3.25,12.560000000000002,1.2299999999999995,2482.9800000000005,3.25
62,5,30.42,85.78,90.91,5.17,0.719,4035.93,57.27,0,44,1,26.65,146,86,191.0,0,1,0,48.32,-17.9,7.01,-1.8399999999999999,0.913,-0.19400000000000006,8527.59,-4491.66,69.73,16.049999999999997,17.9,1.8399999999999999,4491.66,16.049999999999997
62,6,17.11,92.66,102.62,4.68,0.618,2809.71,44.54,0,44,1,26.65,146,86,191.0,0,1,0,48.32,-31.21,7.01,-2.33,0.913,-0.29500000000000004,8527.59,-5717.88,69.73,22.929999999999993,31.21,2.33,5717.88,22.929999999999993
62,7,16.0,94.3,99.5,3.53,0.595,2475.04,41.25,1,44,1,26.65,146,86,191.0,0,1,0,48.32,-32.32,7.01,-3.48,0.913,-0.31800000000000006,8527.59,-6052.55,69.73,24.569999999999993,32.32,3.48,6052.55,24.569999999999993
62,8,35.31,81.16,86.2,5.55,0.733,6387.71,74.4,1,44,1,26.65,146,86,191.0,0,1,0,48.32,-13.009999999999998,7.01,-1.46,0.913,-0.18000000000000005,8527.59,-2139.88,69.73,11.429999999999993,13.009999999999998,1.46,2139.88,11.429999999999993
62,9,53.12,70.85,75.16,6.75,0.917,8808.54,98.86,0,44,1,26.65,146,86,191.0,0,1,0,48.32,4.799999999999997,7.01,-0.2599999999999998,0.913,0.0040000000000000036,8527.59,280.9500000000007,69.73,1.1199999999999903,-4.799999999999997,0.2599999999999998,-280.9500000000007,1.1199999999999903
62,10,47.63,71.48,79.22,7.75,0.843,6890.92,82.38,0,44,1,26.65,146,86,191.0,0,1,0,48.32,-0.6899999999999977,7.01,0.7400000000000002,0.913,-0.07000000000000006,8527.59,-1636.67,69.73,1.75,0.6899999999999977,-0.7400000000000002,1636.67,1.75
63,1,46.62,69.5,80.17,6.55,0.905,8565.58,96.66,0,78,1,31.57,155,81,120.0,1,0,0,46.62,0.0,6.55,0.0,0.905,0.0,8565.58,0.0,69.5,0.0,0.0,0.0,0.0,0.0
63,2,39.09,70.83,74.44,6.61,0.784,8317.86,90.09,0,78,1,31.57,155,81,120.0,1,0,0,46.62,-7.529999999999994,6.55,0.0600000000000005,0.905,-0.121,8565.58,-247.71999999999935,69.5,1.3299999999999983,7.529999999999994,-0.0600000000000005,247.71999999999935,1.3299999999999983
63,3,34.8,82.59,89.37,6.54,0.739,6276.8,73.87,0,78,1,31.57,155,81,120.0,1,0,0,46.62,-11.82,6.55,-0.009999999999999787,0.905,-0.16600000000000004,8565.58,-2288.7799999999997,69.5,13.090000000000003,11.82,0.009999999999999787,2288.7799999999997,13.090000000000003
63,4,27.9,88.56,95.41,5.01,0.717,3348.84,52.33,0,78,1,31.57,155,81,120.0,1,0,0,46.62,-18.72,6.55,-1.54,0.905,-0.18800000000000006,8565.58,-5216.74,69.5,19.060000000000002,18.72,1.54,5216.74,19.060000000000002
63,5,20.59,94.06,102.67,5.3,0.66,4160.52,55.77,0,78,1,31.57,155,81,120.0,1,0,0,46.62,-26.029999999999998,6.55,-1.25,0.905,-0.245,8565.58,-4405.0599999999995,69.5,24.560000000000002,26.029999999999998,1.25,4405.0599999999995,24.560000000000002
63,6,20.8,91.59,96.8,4.08,0.561,2368.39,39.17,1,78,1,31.57,155,81,120.0,1,0,0,46.62,-25.819999999999997,6.55,-2.4699999999999998,0.905,-0.344,8565.58,-6197.1900000000005,69.5,22.090000000000003,25.819999999999997,2.4699999999999998,6197.1900000000005,22.090000000000003
63,7,33.63,79.88,87.76,5.85,0.733,4767.49,62.96,1,78,1,31.57,155,81,120.0,1,0,0,46.62,-12.989999999999995,6.55,-0.7000000000000002,0.905,-0.17200000000000004,8565.58,-3798.09,69.5,10.379999999999995,12.989999999999995,0.7000000000000002,3798.09,10.379999999999995
63,8,56.56,65.43,72.18,7.11,0.898,7314.99,87.57,0,78,1,31.57,155,81,120.0,1,0,0,46.62,9.940000000000005,6.55,0.5600000000000005,0.905,-0.007000000000000006,8565.58,-1250.5900000000001,69.5,-4.069999999999993,-9.940000000000005,-0.5600000000000005,1250.5900000000001,-4.069999999999993
63,9,40.89,66.95,74.51,7.29,0.915,7443.32,89.13,0,78,1,31.57,155,81,120.0,1,0,0,46.62,-5.729999999999997,6.55,0.7400000000000002,0.905,0.010000000000000009,8565.58,-1122.2600000000002,69.5,-2.549999999999997,5.729999999999997,-0.7400000000000002,1122.2600000000002,-2.549999999999997
63,10,49.93,69.87,73.88,6.86,0.876,9032.05,98.79,0,78,1,31.57,155,81,120.0,1,0,0,46.62,3.3100000000000023,6.55,0.3100000000000005,0.905,-0.029000000000000026,8565.58,466.46999999999935,69.5,0.37000000000000455,-3.3100000000000023,-0.3100000000000005,-466.46999999999935,0.37000000000000455
64,1,50.26,74.64,80.07,8.48,0.911,7879.63,92.05,0,69,0,34.72,148,69,172.1,0,0,0,50.26,0.0,8.48,0.0,0.911,0.0,7879.63,0.0,74.64,0.0,0.0,0.0,0.0,0.0
64,2,43.59,76.22,87.96,6.64,0.833,7353.78,85.23,0,69,0,34.72,148,69,172.1,0,0,0,50.26,-6.669999999999995,8.48,-1.8400000000000007,0.911,-0.07800000000000007,7879.63,-525.8500000000004,74.64,1.5799999999999983,6.669999999999995,1.8400000000000007,525.8500000000004,1.5799999999999983
64,3,39.13,79.43,81.85,6.6,0.79,7335.63,83.36,0,69,0,34.72,148,69,172.1,0,0,0,50.26,-11.129999999999995,8.48,-1.8800000000000008,0.911,-0.121,7879.63,-544.0,74.64,4.790000000000006,11.129999999999995,1.8800000000000008,544.0,4.790000000000006
64,4,35.09,83.09,86.57,6.4,0.756,5615.95,69.87,0,69,0,34.72,148,69,172.1,0,0,0,50.26,-15.169999999999995,8.48,-2.08,0.911,-0.15500000000000003,7879.63,-2263.6800000000003,74.64,8.450000000000003,15.169999999999995,2.08,2263.6800000000003,8.450000000000003
64,5,33.51,81.75,91.66,6.68,0.697,4408.94,58.99,0,69,0,34.72,148,69,172.1,0,0,0,50.26,-16.75,8.48,-1.8000000000000007,0.911,-0.21400000000000008,7879.63,-3470.6900000000005,74.64,7.109999999999999,16.75,1.8000000000000007,3470.6900000000005,7.109999999999999
64,6,30.76,90.01,96.06,5.16,0.664,3605.24,52.02,0,69,0,34.72,148,69,172.1,0,0,0,50.26,-19.499999999999996,8.48,-3.3200000000000003,0.911,-0.247,7879.63,-4274.39,74.64,15.370000000000005,19.499999999999996,3.3200000000000003,4274.39,15.370000000000005
64,7,24.0,95.48,101.68,4.82,0.644,3787.27,52.51,0,69,0,34.72,148,69,172.1,0,0,0,50.26,-26.259999999999998,8.48,-3.66,0.911,-0.267,7879.63,-4092.36,74.64,20.840000000000003,26.259999999999998,3.66,4092.36,20.840000000000003
64,8,19.24,90.47,99.32,3.81,0.553,2259.65,38.07,1,69,0,34.72,148,69,172.1,0,0,0,50.26,-31.02,8.48,-4.67,0.911,-0.358,7879.63,-5619.98,74.64,15.829999999999998,31.02,4.67,5619.98,15.829999999999998
64,9,33.81,85.06,90.09,6.2,0.707,5098.83,64.26,1,69,0,34.72,148,69,172.1,0,0,0,50.26,-16.449999999999996,8.48,-2.2800000000000002,0.911,-0.20400000000000007,7879.63,-2780.8,74.64,10.420000000000002,16.449999999999996,2.2800000000000002,2780.8,10.420000000000002
64,10,48.77,71.03,79.21,7.47,0.87,11153.2,100.0,0,69,0,34.72,148,69,172.1,0,0,0,50.26,-1.4899999999999949,8.48,-1.0100000000000007,0.911,-0.041000000000000036,7879.63,3273.5700000000006,74.64,-3.6099999999999994,1.4899999999999949,1.0100000000000007,-3273.5700000000006,-3.6099999999999994
65,1,49.23,69.38,78.05,7.35,0.888,8131.75,92.93,0,60,0,30.28,152,78,186.6,0,0,0,49.23,0.0,7.35,0.0,0.888,0.0,8131.75,0.0,69.38,0.0,0.0,0.0,0.0,0.0
65,2,41.84,76.25,82.31,6.42,0.807,7001.77,81.7,0,60,0,30.28,152,78,186.6,0,0,0,49.23,-7.3899999999999935,7.35,-0.9299999999999997,0.888,-0.08099999999999996,8131.75,-1129.9799999999996,69.38,6.8700000000000045,7.3899999999999935,0.9299999999999997,1129.9799999999996,6.8700000000000045
65,3,42.25,80.77,91.04,6.23,0.725,5101.52,65.0,0,60,0,30.28,152,78,186.6,0,0,0,49.23,-6.979999999999997,7.35,-1.1199999999999992,0.888,-0.16300000000000003,8131.75,-3030.2299999999996,69.38,11.39,6.979999999999997,1.1199999999999992,3030.2299999999996,11.39
65,4,21.93,90.16,92.8,4.71,0.633,5420.96,63.58,0,60,0,30.28,152,78,186.6,0,0,0,49.23,-27.299999999999997,7.35,-2.6399999999999997,0.888,-0.255,8131.75,-2710.79,69.38,20.78,27.299999999999997,2.6399999999999997,2710.79,20.78
65,5,18.48,98.83,104.0,4.66,0.603,1200.0,32.58,1,60,0,30.28,152,78,186.6,0,0,0,49.23,-30.749999999999996,7.35,-2.6899999999999995,0.888,-0.28500000000000003,8131.75,-6931.75,69.38,29.450000000000003,30.749999999999996,2.6899999999999995,6931.75,29.450000000000003
65,6,33.05,76.91,85.32,5.42,0.708,5656.95,68.25,1,60,0,30.28,152,78,186.6,0,0,0,49.23,-16.18,7.35,-1.9299999999999997,0.888,-0.18000000000000005,8131.75,-2474.8,69.38,7.530000000000001,16.18,1.9299999999999997,2474.8,7.530000000000001
65,7,51.67,69.32,79.58,7.27,0.936,9754.25,100.0,0,60,0,30.28,152,78,186.6,0,0,0,49.23,2.440000000000005,7.35,-0.08000000000000007,0.888,0.04800000000000004,8131.75,1622.5,69.38,-0.060000000000002274,-2.440000000000005,0.08000000000000007,-1622.5,-0.060000000000002274
65,8,49.02,69.47,75.35,7.5,0.899,8925.56,98.98,0,60,0,30.28,152,78,186.6,0,0,0,49.23,-0.20999999999999375,7.35,0.15000000000000036,0.888,0.01100000000000001,8131.75,793.8099999999995,69.38,0.09000000000000341,0.20999999999999375,-0.15000000000000036,-793.8099999999995,0.09000000000000341
65,9,48.71,73.8,77.32,7.58,0.86,7901.92,90.18,0,60,0,30.28,152,78,186.6,0,0,0,49.23,-0.519999999999996,7.35,0.23000000000000043,0.888,-0.028000000000000025,8131.75,-229.82999999999993,69.38,4.420000000000002,0.519999999999996,-0.23000000000000043,229.82999999999993,4.420000000000002
65,10,46.48,67.55,76.0,7.94,0.869,8494.5,94.71,0,60,0,30.28,152,78,186.6,0,0,0,49.23,-2.75,7.35,0.5900000000000007,0.888,-0.019000000000000017,8131.75,362.75,69.38,-1.8299999999999983,2.75,-0.5900000000000007,-362.75,-1.8299999999999983
66,1,51.25,69.88,78.55,6.9,0.921,9434.09,100.0,0,58,0,30.06,101,88,199.7,0,0,0,51.25,0.0,6.9,0.0,0.921,0.0,9434.09,0.0,69.88,0.0,0.0,0.0,0.0,0.0
66,2,35.61,81.3,87.92,6.58,0.786,7230.26,82.5,0,58,0,30.06,101,88,199.7,0,0,0,51.25,-15.64,6.9,-0.3200000000000003,0.921,-0.135,9434.09,-2203.83,69.88,11.420000000000002,15.64,0.3200000000000003,2203.83,11.420000000000002
66,3,35.48,84.93,93.42,5.64,0.647,3657.62,51.69,0,58,0,30.06,101,88,199.7,0,0,0,51.25,-15.770000000000003,6.9,-1.2600000000000007,0.921,-0.274,9434.09,-5776.47,69.88,15.050000000000011,15.770000000000003,1.2600000000000007,5776.47,15.050000000000011
66,4,16.0,100.4,107.35,4.48,0.57,3199.86,45.4,1,58,0,30.06,101,88,199.7,0,0,0,51.25,-35.25,6.9,-2.42,0.921,-0.3510000000000001,9434.09,-6234.23,69.88,30.52000000000001,35.25,2.42,6234.23,30.52000000000001
66,5,36.34,82.75,89.36,6.1,0.766,4967.95,65.71,1,58,0,30.06,101,88,199.7,0,0,0,51.25,-14.909999999999997,6.9,-0.8000000000000007,0.921,-0.15500000000000003,9434.09,-4466.14,69.88,12.870000000000005,14.909999999999997,0.8000000000000007,4466.14,12.870000000000005
66,6,52.1,70.97,78.03,7.56,0.9,8500.91,96.02,0,58,0,30.06,101,88,199.7,0,0,0,51.25,0.8500000000000014,6.9,0.6599999999999993,0.921,-0.02100000000000002,9434.09,-933.1800000000003,69.88,1.0900000000000034,-0.8500000000000014,-0.6599999999999993,933.1800000000003,1.0900000000000034
66,7,46.45,67.25,75.67,7.89,0.901,7475.69,88.82,0,58,0,30.06,101,88,199.7,0,0,0,51.25,-4.799999999999997,6.9,0.9899999999999993,0.921,-0.020000000000000018,9434.09,-1958.4000000000005,69.88,-2.6299999999999955,4.799999999999997,-0.9899999999999993,1958.4000000000005,-2.6299999999999955
66,8,51.73,70.87,79.35,7.21,0.909,7443.84,88.92,0,58,0,30.06,101,88,199.7,0,0,0,51.25,0.4799999999999969,6.9,0.3099999999999996,0.921,-0.01200000000000001,9434.09,-1990.25,69.88,0.9900000000000091,-0.4799999999999969,-0.3099999999999996,1990.25,0.9900000000000091
66,9,50.37,70.9,78.84,6.97,0.883,9868.12,100.0,0,58,0,30.06,101,88,199.7,0,0,0,51.25,-0.8800000000000026,6.9,0.0699999999999994,0.921,-0.038000000000000034,9434.09,434.03000000000065,69.88,1.0200000000000102,0.8800000000000026,-0.0699999999999994,-434.03000000000065,1.0200000000000102
66,10,53.16,68.92,75.88,7.61,0.874,6723.74,82.44,0,58,0,30.06,101,88,199.7,0,0,0,51.25,1.9099999999999966,6.9,0.71,0.921,-0.04700000000000004,9434.09,-2710.3500000000004,69.88,-0.9599999999999937,-1.9099999999999966,-0.71,2710.3500000000004,-0.9599999999999937
67,1,40.58,72.95,80.32,6.2,0.885,6651.32,82.35,0,59,1,21.1,132,101,161.6,0,1,1,40.58,0.0,6.2,0.0,0.885,0.0,6651.32,0.0,72.95,0.0,0.0,0.0,0.0,0.0
67,2,37.53,74.14,80.5,6.77,0.786,8862.93,94.0,0,59,1,21.1,132,101,161.6,0,1,1,40.58,-3.049999999999997,6.2,0.5699999999999994,0.885,-0.09899999999999998,6651.32,2211.6100000000006,72.95,1.1899999999999977,3.049999999999997,-0.5699999999999994,-2211.6100000000006,1.1899999999999977
67,3,32.55,79.77,85.06,6.74,0.768,6606.35,77.33,0,59,1,21.1,132,101,161.6,0,1,1,40.58,-8.030000000000001,6.2,0.54,0.885,-0.11699999999999999,6651.32,-44.969999999999345,72.95,6.819999999999993,8.030000000000001,-0.54,44.969999999999345,6.819999999999993
67,4,20.89,82.55,91.42,5.51,0.697,4565.87,60.12,0,59,1,21.1,132,101,161.6,0,1,1,40.58,-19.689999999999998,6.2,-0.6900000000000004,0.885,-0.18800000000000006,6651.32,-2085.45,72.95,9.599999999999994,19.689999999999998,0.6900000000000004,2085.45,9.599999999999994
67,5,16.8,88.27,95.6,4.78,0.665,3011.69,47.87,0,59,1,21.1,132,101,161.6,0,1,1,40.58,-23.779999999999998,6.2,-1.42,0.885,-0.21999999999999997,6651.32,-3639.6299999999997,72.95,15.319999999999993,23.779999999999998,1.42,3639.6299999999997,15.319999999999993
67,6,16.0,91.82,102.21,4.34,0.554,1831.01,35.07,1,59,1,21.1,132,101,161.6,0,1,1,40.58,-24.58,6.2,-1.8600000000000003,0.885,-0.33099999999999996,6651.32,-4820.3099999999995,72.95,18.86999999999999,24.58,1.8600000000000003,4820.3099999999995,18.86999999999999
67,7,26.53,83.72,90.55,5.44,0.699,4334.15,58.54,1,59,1,21.1,132,101,161.6,0,1,1,40.58,-14.049999999999997,6.2,-0.7599999999999998,0.885,-0.18600000000000005,6651.32,-2317.17,72.95,10.769999999999996,14.049999999999997,0.7599999999999998,2317.17,10.769999999999996
67,8,43.73,71.74,78.78,7.14,0.951,8801.44,100.0,0,59,1,21.1,132,101,161.6,0,1,1,40.58,3.1499999999999986,6.2,0.9399999999999995,0.885,0.06599999999999995,6651.32,2150.120000000001,72.95,-1.210000000000008,-3.1499999999999986,-0.9399999999999995,-2150.120000000001,-1.210000000000008
67,9,48.97,75.88,84.96,7.38,0.882,6815.3,83.37,0,59,1,21.1,132,101,161.6,0,1,1,40.58,8.39,6.2,1.1799999999999997,0.885,-0.0030000000000000027,6651.32,163.98000000000047,72.95,2.9299999999999926,-8.39,-1.1799999999999997,-163.98000000000047,2.9299999999999926
67,10,42.5,68.71,77.7,7.28,0.853,10134.5,100.0,0,59,1,21.1,132,101,161.6,0,1,1,40.58,1.9200000000000017,6.2,1.08,0.885,-0.03200000000000003,6651.32,3483.1800000000003,72.95,-4.240000000000009,-1.9200000000000017,-1.08,-3483.1800000000003,-4.240000000000009
68,1,53.96,68.78,75.09,7.15,0.862,9630.41,100.0,0,46,1,18.94,95,60,129.0,1,0,0,53.96,0.0,7.15,0.0,0.862,0.0,9630.41,0.0,68.78,0.0,0.0,0.0,0.0,0.0
68,2,48.1,68.87,78.45,7.62,0.795,7373.03,83.84,0,46,1,18.94,95,60,129.0,1,0,0,53.96,-5.859999999999999,7.15,0.46999999999999975,0.862,-0.06699999999999995,9630.41,-2257.38,68.78,0.09000000000000341,5.859999999999999,-0.46999999999999975,2257.38,0.09000000000000341
68,3,49.8,80.9,93.29,6.58,0.717,6193.26,72.41,0,46,1,18.94,95,60,129.0,1,0,0,53.96,-4.160000000000004,7.15,-0.5700000000000003,0.862,-0.14500000000000002,9630.41,-3437.1499999999996,68.78,12.120000000000005,4.160000000000004,0.5700000000000003,3437.1499999999996,12.120000000000005
68,4,32.37,83.41,89.14,5.59,0.709,5184.44,64.94,0,46,1,18.94,95,60,129.0,1,0,0,53.96,-21.590000000000003,7.15,-1.5600000000000005,0.862,-0.15300000000000002,9630.41,-4445.97,68.78,14.629999999999995,21.590000000000003,1.5600000000000005,4445.97,14.629999999999995
68,5,24.38,86.61,92.68,4.74,0.655,2351.24,42.78,0,46,1,18.94,95,60,129.0,1,0,0,53.96,-29.580000000000002,7.15,-2.41,0.862,-0.20699999999999996,9630.41,-7279.17,68.78,17.83,29.580000000000002,2.41,7279.17,17.83
68,6,23.41,90.72,103.72,4.59,0.566,2879.49,42.98,1,46,1,18.94,95,60,129.0,1,0,0,53.96,-30.55,7.15,-2.5600000000000005,0.862,-0.29600000000000004,9630.41,-6750.92,68.78,21.939999999999998,30.55,2.5600000000000005,6750.92,21.939999999999998
68,7,37.98,81.13,89.43,6.61,0.742,5783.69,70.51,1,46,1,18.94,95,60,129.0,1,0,0,53.96,-15.980000000000004,7.15,-0.54,0.862,-0.12,9630.41,-3846.7200000000003,68.78,12.349999999999994,15.980000000000004,0.54,3846.7200000000003,12.349999999999994
68,8,47.42,65.65,69.79,7.43,0.888,8465.26,95.26,0,46,1,18.94,95,60,129.0,1,0,0,53.96,-6.539999999999999,7.15,0.27999999999999936,0.862,0.026000000000000023,9630.41,-1165.1499999999996,68.78,-3.1299999999999955,6.539999999999999,-0.27999999999999936,1165.1499999999996,-3.1299999999999955
68,9,57.38,63.79,76.6,7.25,0.876,9472.61,100.0,0,46,1,18.94,95,60,129.0,1,0,0,53.96,3.4200000000000017,7.15,0.09999999999999964,0.862,0.014000000000000012,9630.41,-157.79999999999927,68.78,-4.990000000000002,-3.4200000000000017,-0.09999999999999964,157.79999999999927,-4.990000000000002
68,10,53.26,64.96,74.91,7.59,0.881,7720.06,89.75,0,46,1,18.94,95,60,129.0,1,0,0,53.96,-0.7000000000000028,7.15,0.4399999999999995,0.862,0.019000000000000017,9630.41,-1910.3499999999995,68.78,-3.8200000000000074,0.7000000000000028,-0.4399999999999995,1910.3499999999995,-3.8200000000000074
69,1,43.97,68.69,76.58,7.27,0.892,5934.62,77.55,0,59,0,22.12,127,60,149.2,0,0,1,43.97,0.0,7.27,0.0,0.892,0.0,5934.62,0.0,68.69,0.0,0.0,0.0,0.0,0.0
69,2,33.98,76.18,84.4,6.89,0.808,7399.55,84.55,0,59,0,22.12,127,60,149.2,0,0,1,43.97,-9.990000000000002,7.27,-0.3799999999999999,0.892,-0.08399999999999996,5934.62,1464.9300000000003,68.69,7.490000000000009,9.990000000000002,0.3799999999999999,-1464.9300000000003,7.490000000000009
69,3,26.9,84.85,92.59,5.9,0.734,5528.31,68.37,0,59,0,22.12,127,60,149.2,0,0,1,43.97,-17.07,7.27,-1.3699999999999992,0.892,-0.15800000000000003,5934.62,-406.3099999999995,68.69,16.159999999999997,17.07,1.3699999999999992,406.3099999999995,16.159999999999997
69,4,28.95,84.97,96.81,5.71,0.659,4698.48,59.51,0,59,0,22.12,127,60,149.2,0,0,1,43.97,-15.02,7.27,-1.5599999999999996,0.892,-0.23299999999999998,5934.62,-1236.1400000000003,68.69,16.28,15.02,1.5599999999999996,1236.1400000000003,16.28
69,5,21.54,92.96,97.12,5.23,0.612,1908.68,37.95,0,59,0,22.12,127,60,149.2,0,0,1,43.97,-22.43,7.27,-2.039999999999999,0.892,-0.28,5934.62,-4025.9399999999996,68.69,24.269999999999996,22.43,2.039999999999999,4025.9399999999996,24.269999999999996
69,6,16.0,97.3,104.03,4.0,0.579,1200.0,31.65,1,59,0,22.12,127,60,149.2,0,0,1,43.97,-27.97,7.27,-3.2699999999999996,0.892,-0.31300000000000006,5934.62,-4734.62,68.69,28.61,27.97,3.2699999999999996,4734.62,28.61
69,7,32.67,86.98,96.11,5.59,0.694,5967.93,69.88,1,59,0,22.12,127,60,149.2,0,0,1,43.97,-11.299999999999997,7.27,-1.6799999999999997,0.892,-0.19800000000000006,5934.62,33.3100000000004,68.69,18.290000000000006,11.299999999999997,1.6799999999999997,-33.3100000000004,18.290000000000006
69,8,51.09,73.49,76.11,7.28,0.88,7743.81,89.84,0,59,0,22.12,127,60,149.2,0,0,1,43.97,7.1200000000000045,7.27,0.010000000000000675,0.892,-0.01200000000000001,5934.62,1809.1900000000005,68.69,4.799999999999997,-7.1200000000000045,-0.010000000000000675,-1809.1900000000005,4.799999999999997
69,9,49.78,73.14,85.39,7.32,0.921,9887.3,100.0,0,59,0,22.12,127,60,149.2,0,0,1,43.97,5.810000000000002,7.27,0.05000000000000071,0.892,0.029000000000000026,5934.62,3952.6799999999994,68.69,4.450000000000003,-5.810000000000002,-0.05000000000000071,-3952.6799999999994,4.450000000000003
69,10,44.66,64.26,67.04,7.64,0.888,8479.72,95.37,0,59,0,22.12,127,60,149.2,0,0,1,43.97,0.6899999999999977,7.27,0.3700000000000001,0.892,-0.0040000000000000036,5934.62,2545.0999999999995,68.69,-4.429999999999993,-0.6899999999999977,-0.3700000000000001,-2545.0999999999995,-4.429999999999993
70,1,50.07,66.47,77.3,7.42,0.898,8462.92,95.68,0,66,1,25.8,117,97,191.1,1,0,0,50.07,0.0,7.42,0.0,0.898,0.0,8462.92,0.0,66.47,0.0,0.0,0.0,0.0,0.0
70,2,39.22,74.8,82.67,6.52,0.84,6774.91,81.43,0,66,1,25.8,117,97,191.1,1,0,0,50.07,-10.850000000000001,7.42,-0.9000000000000004,0.898,-0.05800000000000005,8462.92,-1688.0100000000002,66.47,8.329999999999998,10.850000000000001,0.9000000000000004,1688.0100000000002,8.329999999999998
70,3,27.71,79.04,84.67,5.7,0.699,6626.55,74.75,0,66,1,25.8,117,97,191.1,1,0,0,50.07,-22.36,7.42,-1.7199999999999998,0.898,-0.19900000000000007,8462.92,-1836.37,66.47,12.570000000000007,22.36,1.7199999999999998,1836.37,12.570000000000007
70,4,21.1,89.98,100.13,4.82,0.633,3826.59,52.34,0,66,1,25.8,117,97,191.1,1,0,0,50.07,-28.97,7.42,-2.5999999999999996,0.898,-0.265,8462.92,-4636.33,66.47,23.510000000000005,28.97,2.5999999999999996,4636.33,23.510000000000005
70,5,21.69,92.41,99.27,3.96,0.558,4823.87,56.37,1,66,1,25.8,117,97,191.1,1,0,0,50.07,-28.38,7.42,-3.46,0.898,-0.33999999999999997,8462.92,-3639.05,66.47,25.939999999999998,28.38,3.46,3639.05,25.939999999999998
70,6,30.95,84.6,92.8,5.73,0.735,5198.14,66.1,1,66,1,25.8,117,97,191.1,1,0,0,50.07,-19.12,7.42,-1.6899999999999995,0.898,-0.16300000000000003,8462.92,-3264.7799999999997,66.47,18.129999999999995,19.12,1.6899999999999995,3264.7799999999997,18.129999999999995
70,7,51.3,65.98,72.27,6.92,0.862,9490.7,100.0,0,66,1,25.8,117,97,191.1,1,0,0,50.07,1.2299999999999969,7.42,-0.5,0.898,-0.03600000000000003,8462.92,1027.7800000000007,66.47,-0.4899999999999949,-1.2299999999999969,0.5,-1027.7800000000007,-0.4899999999999949
70,8,46.8,71.68,83.82,7.51,0.89,7886.99,91.28,0,66,1,25.8,117,97,191.1,1,0,0,50.07,-3.270000000000003,7.42,0.08999999999999986,0.898,-0.008000000000000007,8462.92,-575.9300000000003,66.47,5.210000000000008,3.270000000000003,-0.08999999999999986,575.9300000000003,5.210000000000008
70,9,51.77,68.45,76.24,7.21,0.909,7971.72,92.61,0,66,1,25.8,117,97,191.1,1,0,0,50.07,1.7000000000000028,7.42,-0.20999999999999996,0.898,0.01100000000000001,8462.92,-491.1999999999998,66.47,1.980000000000004,-1.7000000000000028,0.20999999999999996,491.1999999999998,1.980000000000004
70,10,50.33,65.94,69.45,7.65,0.881,10417.7,100.0,0,66,1,25.8,117,97,191.1,1,0,0,50.07,0.259999999999998,7.42,0.23000000000000043,0.898,-0.017000000000000015,8462.92,1954.7800000000007,66.47,-0.5300000000000011,-0.259999999999998,-0.23000000000000043,-1954.7800000000007,-0.5300000000000011
71,1,46.82,74.5,76.45,7.51,0.878,7267.45,86.42,0,50,1,25.97,143,81,198.8,0,1,0,46.82,0.0,7.51,0.0,0.878,0.0,7267.45,0.0,74.5,0.0,0.0,0.0,0.0,0.0
71,2,42.54,71.82,79.2,7.26,0.842,8333.09,92.49,0,50,1,25.97,143,81,198.8,0,1,0,46.82,-4.280000000000001,7.51,-0.25,0.878,-0.03600000000000003,7267.45,1065.6400000000003,74.5,-2.680000000000007,4.280000000000001,0.25,-1065.6400000000003,-2.680000000000007
71,3,38.73,74.39,83.03,7.09,0.792,7576.81,85.18,0,50,1,25.97,143,81,198.8,0,1,0,46.82,-8.090000000000003,7.51,-0.41999999999999993,0.878,-0.08599999999999997,7267.45,309.3600000000006,74.5,-0.10999999999999943,8.090000000000003,0.41999999999999993,-309.3600000000006,-0.10999999999999943
71,4,35.31,80.78,88.38,6.61,0.759,3962.38,58.34,0,50,1,25.97,143,81,198.8,0,1,0,46.82,-11.509999999999998,7.51,-0.8999999999999995,0.878,-0.119,7267.45,-3305.0699999999997,74.5,6.280000000000001,11.509999999999998,0.8999999999999995,3305.0699999999997,6.280000000000001
71,5,28.34,84.23,90.4,5.74,0.648,3683.91,51.94,0,50,1,25.97,143,81,198.8,0,1,0,46.82,-18.48,7.51,-1.7699999999999996,0.878,-0.22999999999999998,7267.45,-3583.54,74.5,9.730000000000004,18.48,1.7699999999999996,3583.54,9.730000000000004
71,6,24.36,91.73,105.04,6.03,0.662,3582.29,51.76,0,50,1,25.97,143,81,198.8,0,1,0,46.82,-22.46,7.51,-1.4799999999999995,0.878,-0.21599999999999997,7267.45,-3685.16,74.5,17.230000000000004,22.46,1.4799999999999995,3685.16,17.230000000000004
71,7,16.56,89.96,95.92,5.48,0.61,4313.05,54.86,0,50,1,25.97,143,81,198.8,0,1,0,46.82,-30.26,7.51,-2.0299999999999994,0.878,-0.268,7267.45,-2954.3999999999996,74.5,15.459999999999994,30.26,2.0299999999999994,2954.3999999999996,15.459999999999994
71,8,16.0,89.48,96.72,3.66,0.602,4099.55,53.01,1,50,1,25.97,143,81,198.8,0,1,0,46.82,-30.82,7.51,-3.8499999999999996,0.878,-0.276,7267.45,-3167.8999999999996,74.5,14.980000000000004,30.82,3.8499999999999996,3167.8999999999996,14.980000000000004
71,9,37.49,82.88,84.37,4.72,0.668,3891.89,54.2,1,50,1,25.97,143,81,198.8,0,1,0,46.82,-9.329999999999998,7.51,-2.79,0.878,-0.20999999999999996,7267.45,-3375.56,74.5,8.379999999999995,9.329999999999998,2.79,3375.56,8.379999999999995
71,10,50.62,70.05,76.29,7.1,0.878,8615.67,95.94,0,50,1,25.97,143,81,198.8,0,1,0,46.82,3.799999999999997,7.51,-0.41000000000000014,0.878,0.0,7267.45,1348.2200000000003,74.5,-4.450000000000003,-3.799999999999997,0.41000000000000014,-1348.2200000000003,-4.450000000000003
72,1,53.48,77.56,88.74,7.63,0.868,7884.88,90.37,0,72,0,34.12,128,67,257.3,0,0,1,53.48,0.0,7.63,0.0,0.868,0.0,7884.88,0.0,77.56,0.0,0.0,0.0,0.0,0.0
72,2,39.25,77.48,78.32,7.24,0.816,7299.99,84.15,0,72,0,34.12,128,67,257.3,0,0,1,53.48,-14.229999999999997,7.63,-0.3899999999999997,0.868,-0.052000000000000046,7884.88,-584.8900000000003,77.56,-0.0799999999999983,14.229999999999997,0.3899999999999997,584.8900000000003,-0.0799999999999983
72,3,33.44,84.14,92.61,6.03,0.754,7107.33,80.33,0,72,0,34.12,128,67,257.3,0,0,1,53.48,-20.04,7.63,-1.5999999999999996,0.868,-0.11399999999999999,7884.88,-777.5500000000002,77.56,6.579999999999998,20.04,1.5999999999999996,777.5500000000002,6.579999999999998
72,4,24.05,93.57,105.73,4.8,0.653,4661.3,59.02,0,72,0,34.12,128,67,257.3,0,0,1,53.48,-29.429999999999996,7.63,-2.83,0.868,-0.21499999999999997,7884.88,-3223.58,77.56,16.00999999999999,29.429999999999996,2.83,3223.58,16.00999999999999
72,5,16.28,99.36,108.49,4.45,0.615,2766.55,44.14,1,72,0,34.12,128,67,257.3,0,0,1,53.48,-37.199999999999996,7.63,-3.1799999999999997,0.868,-0.253,7884.88,-5118.33,77.56,21.799999999999997,37.199999999999996,3.1799999999999997,5118.33,21.799999999999997
72,6,28.97,85.28,94.6,5.84,0.738,5878.81,71.0,1,72,0,34.12,128,67,257.3,0,0,1,53.48,-24.509999999999998,7.63,-1.79,0.868,-0.13,7884.88,-2006.0699999999997,77.56,7.719999999999999,24.509999999999998,1.79,2006.0699999999997,7.719999999999999
72,7,50.66,74.09,87.12,7.03,0.928,8045.4,93.9,0,72,0,34.12,128,67,257.3,0,0,1,53.48,-2.8200000000000003,7.63,-0.5999999999999996,0.868,0.06000000000000005,7884.88,160.51999999999953,77.56,-3.469999999999999,2.8200000000000003,0.5999999999999996,-160.51999999999953,-3.469999999999999
72,8,46.01,73.43,83.25,7.42,0.867,7615.6,88.42,0,72,0,34.12,128,67,257.3,0,0,1,53.48,-7.469999999999999,7.63,-0.20999999999999996,0.868,-0.0010000000000000009,7884.88,-269.27999999999975,77.56,-4.1299999999999955,7.469999999999999,0.20999999999999996,269.27999999999975,-4.1299999999999955
72,9,46.34,73.9,81.46,6.95,0.936,8607.12,98.19,0,72,0,34.12,128,67,257.3,0,0,1,53.48,-7.1399999999999935,7.63,-0.6799999999999997,0.868,0.06800000000000006,7884.88,722.2400000000007,77.56,-3.6599999999999966,7.1399999999999935,0.6799999999999997,-722.2400000000007,-3.6599999999999966
72,10,43.58,72.61,76.47,6.71,0.919,8375.06,95.89,0,72,0,34.12,128,67,257.3,0,0,1,53.48,-9.899999999999999,7.63,-0.9199999999999999,0.868,0.051000000000000045,7884.88,490.1799999999994,77.56,-4.950000000000003,9.899999999999999,0.9199999999999999,-490.1799999999994,-4.950000000000003
73,1,48.39,71.22,79.59,7.44,0.87,8606.3,95.57,0,72,0,29.18,153,63,203.5,0,0,0,48.39,0.0,7.44,0.0,0.87,0.0,8606.3,0.0,71.22,0.0,0.0,0.0,0.0,0.0
73,2,51.07,73.86,83.99,6.95,0.835,6847.2,81.72,0,72,0,29.18,153,63,203.5,0,0,0,48.39,2.6799999999999997,7.44,-0.4900000000000002,0.87,-0.03500000000000003,8606.3,-1759.0999999999995,71.22,2.6400000000000006,-2.6799999999999997,0.4900000000000002,1759.0999999999995,2.6400000000000006
73,3,45.84,73.74,79.83,7.17,0.803,7090.6,82.18,0,72,0,29.18,153,63,203.5,0,0,0,48.39,-2.549999999999997,7.44,-0.27000000000000046,0.87,-0.06699999999999995,8606.3,-1515.699999999999,71.22,2.519999999999996,2.549999999999997,0.27000000000000046,1515.699999999999,2.519999999999996
73,4,36.56,79.72,84.02,6.19,0.808,6419.62,77.62,0,72,0,29.18,153,63,203.5,0,0,0,48.39,-11.829999999999998,7.44,-1.25,0.87,-0.061999999999999944,8606.3,-2186.6799999999994,71.22,8.5,11.829999999999998,1.25,2186.6799999999994,8.5
73,5,28.0,87.54,93.14,6.3,0.709,4870.18,62.73,0,72,0,29.18,153,63,203.5,0,0,0,48.39,-20.39,7.44,-1.1400000000000006,0.87,-0.16100000000000003,8606.3,-3736.119999999999,71.22,16.320000000000007,20.39,1.1400000000000006,3736.119999999999,16.320000000000007
73,6,22.15,82.62,90.04,5.11,0.618,5119.55,60.84,0,72,0,29.18,153,63,203.5,0,0,0,48.39,-26.240000000000002,7.44,-2.33,0.87,-0.252,8606.3,-3486.749999999999,71.22,11.400000000000006,26.240000000000002,2.33,3486.749999999999,11.400000000000006
73,7,24.31,86.29,93.23,4.85,0.629,2932.29,45.85,0,72,0,29.18,153,63,203.5,0,0,0,48.39,-24.080000000000002,7.44,-2.5900000000000007,0.87,-0.241,8606.3,-5674.009999999999,71.22,15.070000000000007,24.080000000000002,2.5900000000000007,5674.009999999999,15.070000000000007
73,8,20.1,93.18,98.78,4.37,0.503,2888.4,40.5,1,72,0,29.18,153,63,203.5,0,0,0,48.39,-28.29,7.44,-3.0700000000000003,0.87,-0.367,8606.3,-5717.9,71.22,21.960000000000008,28.29,3.0700000000000003,5717.9,21.960000000000008
73,9,29.81,81.52,90.98,5.23,0.745,5009.99,65.15,1,72,0,29.18,153,63,203.5,0,0,0,48.39,-18.580000000000002,7.44,-2.21,0.87,-0.125,8606.3,-3596.3099999999995,71.22,10.299999999999997,18.580000000000002,2.21,3596.3099999999995,10.299999999999997
73,10,50.41,69.65,80.77,6.94,0.865,8172.02,92.29,0,72,0,29.18,153,63,203.5,0,0,0,48.39,2.019999999999996,7.44,-0.5,0.87,-0.0050000000000000044,8606.3,-434.27999999999884,71.22,-1.5699999999999932,-2.019999999999996,0.5,434.27999999999884,-1.5699999999999932
74,1,54.41,67.06,75.06,8.15,0.897,8965.76,99.16,0,28,0,27.04,125,94,229.1,0,0,0,54.41,0.0,8.15,0.0,0.897,0.0,8965.76,0.0,67.06,0.0,0.0,0.0,0.0,0.0
74,2,51.62,76.08,84.99,7.14,0.86,8097.97,91.54,0,28,0,27.04,125,94,229.1,0,0,0,54.41,-2.789999999999999,8.15,-1.0100000000000007,0.897,-0.03700000000000003,8965.76,-867.79,67.06,9.019999999999996,2.789999999999999,1.0100000000000007,867.79,9.019999999999996
74,3,42.41,77.9,88.68,7.01,0.799,6676.51,79.07,0,28,0,27.04,125,94,229.1,0,0,0,54.41,-12.0,8.15,-1.1400000000000006,0.897,-0.09799999999999998,8965.76,-2289.25,67.06,10.840000000000003,12.0,1.1400000000000006,2289.25,10.840000000000003
74,4,44.5,80.78,88.34,6.11,0.731,6515.41,75.23,0,28,0,27.04,125,94,229.1,0,0,0,54.41,-9.909999999999997,8.15,-2.04,0.897,-0.16600000000000004,8965.76,-2450.3500000000004,67.06,13.719999999999999,9.909999999999997,2.04,2450.3500000000004,13.719999999999999
74,5,33.77,84.95,92.63,5.72,0.688,5014.5,62.91,0,28,0,27.04,125,94,229.1,0,0,0,54.41,-20.639999999999993,8.15,-2.4300000000000006,0.897,-0.20900000000000007,8965.76,-3951.26,67.06,17.89,20.639999999999993,2.4300000000000006,3951.26,17.89
74,6,31.49,82.86,91.58,4.89,0.689,3725.93,53.85,0,28,0,27.04,125,94,229.1,0,0,0,54.41,-22.919999999999998,8.15,-3.2600000000000007,0.897,-0.20800000000000007,8965.76,-5239.83,67.06,15.799999999999997,22.919999999999998,3.2600000000000007,5239.83,15.799999999999997
74,7,22.5,90.04,95.85,5.17,0.649,5130.09,62.19,0,28,0,27.04,125,94,229.1,0,0,0,54.41,-31.909999999999997,8.15,-2.9800000000000004,0.897,-0.248,8965.76,-3835.67,67.06,22.980000000000004,31.909999999999997,2.9800000000000004,3835.67,22.980000000000004
74,8,18.81,96.12,103.6,5.09,0.566,1437.48,32.77,1,28,0,27.04,125,94,229.1,0,0,0,54.41,-35.599999999999994,8.15,-3.0600000000000005,0.897,-0.33100000000000007,8965.76,-7528.280000000001,67.06,29.060000000000002,35.599999999999994,3.0600000000000005,7528.280000000001,29.060000000000002
74,9,36.18,81.65,91.25,6.23,0.734,3249.92,52.31,1,28,0,27.04,125,94,229.1,0,0,0,54.41,-18.229999999999997,8.15,-1.92,0.897,-0.16300000000000003,8965.76,-5715.84,67.06,14.590000000000003,18.229999999999997,1.92,5715.84,14.590000000000003
74,10,52.22,66.09,72.91,7.42,0.86,6882.33,82.97,0,28,0,27.04,125,94,229.1,0,0,0,54.41,-2.1899999999999977,8.15,-0.7300000000000004,0.897,-0.03700000000000003,8965.76,-2083.4300000000003,67.06,-0.9699999999999989,2.1899999999999977,0.7300000000000004,2083.4300000000003,-0.9699999999999989
75,1,42.08,66.79,71.26,7.52,0.893,7449.24,88.32,0,77,0,25.39,129,63,182.1,0,1,0,42.08,0.0,7.52,0.0,0.893,0.0,7449.24,0.0,66.79,0.0,0.0,0.0,0.0,0.0
75,2,39.04,71.77,77.84,7.12,0.791,7687.12,85.9,0,77,0,25.39,129,63,182.1,0,1,0,42.08,-3.039999999999999,7.52,-0.39999999999999947,0.893,-0.10199999999999998,7449.24,237.8800000000001,66.79,4.97999999999999,3.039999999999999,0.39999999999999947,-237.8800000000001,4.97999999999999
75,3,31.92,77.63,84.69,5.95,0.734,5857.86,70.71,0,77,0,25.39,129,63,182.1,0,1,0,42.08,-10.159999999999997,7.52,-1.5699999999999994,0.893,-0.15900000000000003,7449.24,-1591.38,66.79,10.83999999999999,10.159999999999997,1.5699999999999994,1591.38,10.83999999999999
75,4,25.44,86.8,94.55,5.21,0.738,4888.42,64.03,0,77,0,25.39,129,63,182.1,0,1,0,42.08,-16.639999999999997,7.52,-2.3099999999999996,0.893,-0.15500000000000003,7449.24,-2560.8199999999997,66.79,20.00999999999999,16.639999999999997,2.3099999999999996,2560.8199999999997,20.00999999999999
75,5,18.38,86.92,100.0,4.99,0.621,4337.35,55.45,0,77,0,25.39,129,63,182.1,0,1,0,42.08,-23.7,7.52,-2.5299999999999994,0.893,-0.272,7449.24,-3111.8899999999994,66.79,20.129999999999995,23.7,2.5299999999999994,3111.8899999999994,20.129999999999995
75,6,16.0,89.17,97.71,3.74,0.61,1659.78,36.13,1,77,0,25.39,129,63,182.1,0,1,0,42.08,-26.08,7.52,-3.7799999999999994,0.893,-0.28300000000000003,7449.24,-5789.46,66.79,22.379999999999995,26.08,3.7799999999999994,5789.46,22.379999999999995
75,7,29.37,80.14,89.24,5.55,0.719,4579.31,61.07,1,77,0,25.39,129,63,182.1,0,1,0,42.08,-12.709999999999997,7.52,-1.9699999999999998,0.893,-0.17400000000000004,7449.24,-2869.9299999999994,66.79,13.349999999999994,12.709999999999997,1.9699999999999998,2869.9299999999994,13.349999999999994
75,8,43.79,69.67,80.06,8.38,0.879,8042.38,91.93,0,77,0,25.39,129,63,182.1,0,1,0,42.08,1.7100000000000009,7.52,0.8600000000000012,0.893,-0.014000000000000012,7449.24,593.1400000000003,66.79,2.8799999999999955,-1.7100000000000009,-0.8600000000000012,-593.1400000000003,2.8799999999999955
75,9,45.7,69.51,75.19,7.47,0.932,7880.8,92.89,0,77,0,25.39,129,63,182.1,0,1,0,42.08,3.6200000000000045,7.52,-0.04999999999999982,0.893,0.039000000000000035,7449.24,431.5600000000004,66.79,2.719999999999999,-3.6200000000000045,0.04999999999999982,-431.5600000000004,2.719999999999999
75,10,45.93,66.81,72.83,6.41,0.85,8811.99,96.22,0,77,0,25.39,129,63,182.1,0,1,0,42.08,3.8500000000000014,7.52,-1.1099999999999994,0.893,-0.04300000000000004,7449.24,1362.75,66.79,0.01999999999999602,-3.8500000000000014,1.1099999999999994,-1362.75,0.01999999999999602
76,1,51.18,70.46,75.28,7.16,0.878,10430.92,100.0,0,53,0,25.46,142,88,212.5,0,1,0,51.18,0.0,7.16,0.0,0.878,0.0,10430.92,0.0,70.46,0.0,0.0,0.0,0.0,0.0
76,2,46.13,71.13,79.72,6.72,0.814,7286.32,83.98,0,53,0,25.46,142,88,212.5,0,1,0,51.18,-5.049999999999997,7.16,-0.4400000000000004,0.878,-0.06400000000000006,10430.92,-3144.6000000000004,70.46,0.6700000000000017,5.049999999999997,0.4400000000000004,3144.6000000000004,0.6700000000000017
76,3,33.87,80.26,90.62,5.75,0.735,5895.66,71.01,0,53,0,25.46,142,88,212.5,0,1,0,51.18,-17.310000000000002,7.16,-1.4100000000000001,0.878,-0.14300000000000002,10430.92,-4535.26,70.46,9.800000000000011,17.310000000000002,1.4100000000000001,4535.26,9.800000000000011
76,4,24.3,86.38,94.24,5.45,0.628,4122.7,54.22,0,53,0,25.46,142,88,212.5,0,1,0,51.18,-26.88,7.16,-1.71,0.878,-0.25,10430.92,-6308.22,70.46,15.920000000000002,26.88,1.71,6308.22,15.920000000000002
76,5,24.55,85.52,92.45,5.18,0.627,3889.79,52.55,0,53,0,25.46,142,88,212.5,0,1,0,51.18,-26.63,7.16,-1.9800000000000004,0.878,-0.251,10430.92,-6541.13,70.46,15.060000000000002,26.63,1.9800000000000004,6541.13,15.060000000000002
76,6,18.98,95.97,103.62,4.13,0.575,2934.45,43.73,1,53,0,25.46,142,88,212.5,0,1,0,51.18,-32.2,7.16,-3.0300000000000002,0.878,-0.30300000000000005,10430.92,-7496.47,70.46,25.510000000000005,32.2,3.0300000000000002,7496.47,25.510000000000005
76,7,28.71,78.6,86.63,5.1,0.712,6255.84,72.66,1,53,0,25.46,142,88,212.5,0,1,0,51.18,-22.47,7.16,-2.0600000000000005,0.878,-0.16600000000000004,10430.92,-4175.08,70.46,8.14,22.47,2.0600000000000005,4175.08,8.14
76,8,48.44,67.96,71.19,6.93,0.911,9250.28,100.0,0,53,0,25.46,142,88,212.5,0,1,0,51.18,-2.740000000000002,7.16,-0.23000000000000043,0.878,0.03300000000000003,10430.92,-1180.6399999999994,70.46,-2.5,2.740000000000002,0.23000000000000043,1180.6399999999994,-2.5
76,9,54.68,68.53,80.73,6.92,0.876,10075.2,100.0,0,53,0,25.46,142,88,212.5,0,1,0,51.18,3.5,7.16,-0.2400000000000002,0.878,-0.0020000000000000018,10430.92,-355.71999999999935,70.46,-1.9299999999999926,-3.5,0.2400000000000002,355.71999999999935,-1.9299999999999926
76,10,54.24,67.6,80.08,8.01,0.885,8750.4,97.17,0,53,0,25.46,142,88,212.5,0,1,0,51.18,3.0600000000000023,7.16,0.8499999999999996,0.878,0.007000000000000006,10430.92,-1680.5200000000004,70.46,-2.8599999999999994,-3.0600000000000023,-0.8499999999999996,1680.5200000000004,-2.8599999999999994
77,1,42.13,72.68,82.35,7.61,0.877,7630.72,88.96,0,71,1,30.82,138,82,252.9,0,0,1,42.13,0.0,7.61,0.0,0.877,0.0,7630.72,0.0,72.68,0.0,0.0,0.0,0.0,0.0
77,2,44.01,77.48,83.8,6.41,0.798,7795.0,86.96,0,71,1,30.82,138,82,252.9,0,0,1,42.13,1.8799999999999955,7.61,-1.2000000000000002,0.877,-0.07899999999999996,7630.72,164.27999999999975,72.68,4.799999999999997,-1.8799999999999955,1.2000000000000002,-164.27999999999975,4.799999999999997
77,3,24.43,88.12,98.87,5.8,0.74,5040.65,65.17,0,71,1,30.82,138,82,252.9,0,0,1,42.13,-17.700000000000003,7.61,-1.8100000000000005,0.877,-0.137,7630.72,-2590.0700000000006,72.68,15.439999999999998,17.700000000000003,1.8100000000000005,2590.0700000000006,15.439999999999998
77,4,23.85,93.89,102.53,5.6,0.627,5125.93,61.25,0,71,1,30.82,138,82,252.9,0,0,1,42.13,-18.28,7.61,-2.0100000000000007,0.877,-0.25,7630.72,-2504.79,72.68,21.209999999999994,18.28,2.0100000000000007,2504.79,21.209999999999994
77,5,16.0,94.97,100.96,3.56,0.577,4299.7,53.42,1,71,1,30.82,138,82,252.9,0,0,1,42.13,-26.130000000000003,7.61,-4.050000000000001,0.877,-0.30000000000000004,7630.72,-3331.0200000000004,72.68,22.289999999999992,26.130000000000003,4.050000000000001,3331.0200000000004,22.289999999999992
77,6,32.33,80.54,90.77,5.67,0.702,5644.08,67.92,1,71,1,30.82,138,82,252.9,0,0,1,42.13,-9.800000000000004,7.61,-1.9400000000000004,0.877,-0.17500000000000004,7630.72,-1986.6400000000003,72.68,7.859999999999999,9.800000000000004,1.9400000000000004,1986.6400000000003,7.859999999999999
77,7,44.56,71.09,77.91,7.08,0.899,6962.66,85.11,0,71,1,30.82,138,82,252.9,0,0,1,42.13,2.4299999999999997,7.61,-0.5300000000000002,0.877,0.02200000000000002,7630.72,-668.0600000000004,72.68,-1.5900000000000034,-2.4299999999999997,0.5300000000000002,668.0600000000004,-1.5900000000000034
77,8,43.62,71.63,83.28,8.04,0.916,9665.4,100.0,0,71,1,30.82,138,82,252.9,0,0,1,42.13,1.4899999999999949,7.61,0.4299999999999988,0.877,0.039000000000000035,7630.72,2034.6799999999994,72.68,-1.0500000000000114,-1.4899999999999949,-0.4299999999999988,-2034.6799999999994,-1.0500000000000114
77,9,41.57,76.98,84.03,7.63,0.831,6692.03,80.48,0,71,1,30.82,138,82,252.9,0,0,1,42.13,-0.5600000000000023,7.61,0.019999999999999574,0.877,-0.04600000000000004,7630.72,-938.6900000000005,72.68,4.299999999999997,0.5600000000000023,-0.019999999999999574,938.6900000000005,4.299999999999997
77,10,49.23,71.29,79.17,7.19,0.915,9060.64,100.0,0,71,1,30.82,138,82,252.9,0,0,1,42.13,7.099999999999994,7.61,-0.41999999999999993,0.877,0.038000000000000034,7630.72,1429.9199999999992,72.68,-1.3900000000000006,-7.099999999999994,0.41999999999999993,-1429.9199999999992,-1.3900000000000006
78,1,38.71,68.41,71.93,7.69,0.917,8675.47,97.92,0,65,0,30.59,126,83,147.7,1,1,0,38.71,0.0,7.69,0.0,0.917,0.0,8675.47,0.0,68.41,0.0,0.0,0.0,0.0,0.0
78,2,47.22,78.7,79.89,6.62,0.788,7406.74,83.8,0,65,0,30.59,126,83,147.7,1,1,0,38.71,8.509999999999998,7.69,-1.0700000000000003,0.917,-0.129,8675.47,-1268.7299999999996,68.41,10.290000000000006,-8.509999999999998,1.0700000000000003,1268.7299999999996,10.290000000000006
78,3,31.97,83.32,88.22,5.55,0.717,5057.54,64.37,0,65,0,30.59,126,83,147.7,1,1,0,38.71,-6.740000000000002,7.69,-2.1400000000000006,0.917,-0.20000000000000007,8675.47,-3617.9299999999994,68.41,14.909999999999997,6.740000000000002,2.1400000000000006,3617.9299999999994,14.909999999999997
78,4,24.01,87.13,99.37,4.95,0.643,3724.05,52.01,0,65,0,30.59,126,83,147.7,1,1,0,38.71,-14.7,7.69,-2.74,0.917,-0.274,8675.47,-4951.419999999999,68.41,18.72,14.7,2.74,4951.419999999999,18.72
78,5,20.34,98.61,106.16,3.54,0.61,1641.26,35.97,1,65,0,30.59,126,83,147.7,1,1,0,38.71,-18.37,7.69,-4.15,0.917,-0.30700000000000005,8675.47,-7034.209999999999,68.41,30.200000000000003,18.37,4.15,7034.209999999999,30.200000000000003
78,6,29.94,84.69,93.14,5.68,0.759,5559.49,69.61,1,65,0,30.59,126,83,147.7,1,1,0,38.71,-8.77,7.69,-2.0100000000000007,0.917,-0.15800000000000003,8675.47,-3115.9799999999996,68.41,16.28,8.77,2.0100000000000007,3115.9799999999996,16.28
78,7,50.13,69.92,77.14,7.44,0.858,9471.62,100.0,0,65,0,30.59,126,83,147.7,1,1,0,38.71,11.420000000000002,7.69,-0.25,0.917,-0.05900000000000005,8675.47,796.1500000000015,68.41,1.5100000000000051,-11.420000000000002,0.25,-796.1500000000015,1.5100000000000051
78,8,49.75,69.42,76.3,7.31,0.883,8125.86,92.69,0,65,0,30.59,126,83,147.7,1,1,0,38.71,11.04,7.69,-0.3800000000000008,0.917,-0.03400000000000003,8675.47,-549.6099999999997,68.41,1.0100000000000051,-11.04,0.3800000000000008,549.6099999999997,1.0100000000000051
78,9,51.1,69.84,76.95,7.24,0.887,9121.03,99.87,0,65,0,30.59,126,83,147.7,1,1,0,38.71,12.39,7.69,-0.4500000000000002,0.917,-0.030000000000000027,8675.47,445.5600000000013,68.41,1.4300000000000068,-12.39,0.4500000000000002,-445.5600000000013,1.4300000000000068
78,10,49.46,70.4,78.82,7.05,0.876,10124.71,100.0,0,65,0,30.59,126,83,147.7,1,1,0,38.71,10.75,7.69,-0.6400000000000006,0.917,-0.041000000000000036,8675.47,1449.2399999999998,68.41,1.990000000000009,-10.75,0.6400000000000006,-1449.2399999999998,1.990000000000009
79,1,44.63,69.66,77.41,7.48,0.878,8111.1,92.39,0,49,0,27.16,124,97,209.3,1,0,1,44.63,0.0,7.48,0.0,0.878,0.0,8111.1,0.0,69.66,0.0,0.0,0.0,0.0,0.0
79,2,37.15,81.56,89.91,6.6,0.761,8633.44,91.39,0,49,0,27.16,124,97,209.3,1,0,1,44.63,-7.480000000000004,7.48,-0.8800000000000008,0.878,-0.11699999999999999,8111.1,522.3400000000001,69.66,11.900000000000006,7.480000000000004,0.8800000000000008,-522.3400000000001,11.900000000000006
79,3,31.29,82.45,89.3,6.02,0.805,6348.28,77.01,0,49,0,27.16,124,97,209.3,1,0,1,44.63,-13.340000000000003,7.48,-1.4600000000000009,0.878,-0.07299999999999995,8111.1,-1762.8200000000006,69.66,12.790000000000006,13.340000000000003,1.4600000000000009,1762.8200000000006,12.790000000000006
79,4,37.94,84.75,89.38,5.25,0.704,5235.51,65.12,0,49,0,27.16,124,97,209.3,1,0,1,44.63,-6.690000000000005,7.48,-2.2300000000000004,0.878,-0.17400000000000004,8111.1,-2875.59,69.66,15.090000000000003,6.690000000000005,2.2300000000000004,2875.59,15.090000000000003
79,5,27.1,93.68,96.25,5.45,0.654,4388.82,57.14,0,49,0,27.16,124,97,209.3,1,0,1,44.63,-17.53,7.48,-2.0300000000000002,0.878,-0.22399999999999998,8111.1,-3722.2800000000007,69.66,24.02000000000001,17.53,2.0300000000000002,3722.2800000000007,24.02000000000001
79,6,16.0,100.19,107.69,3.72,0.577,3314.42,46.48,1,49,0,27.16,124,97,209.3,1,0,1,44.63,-28.630000000000003,7.48,-3.7600000000000002,0.878,-0.30100000000000005,8111.1,-4796.68,69.66,30.53,28.630000000000003,3.7600000000000002,4796.68,30.53
79,7,28.44,81.69,88.08,5.7,0.788,6536.66,77.66,1,49,0,27.16,124,97,209.3,1,0,1,44.63,-16.19,7.48,-1.7800000000000002,0.878,-0.08999999999999997,8111.1,-1574.4400000000005,69.66,12.030000000000001,16.19,1.7800000000000002,1574.4400000000005,12.030000000000001
79,8,50.94,71.75,82.1,7.62,0.902,8383.47,95.24,0,49,0,27.16,124,97,209.3,1,0,1,44.63,6.309999999999995,7.48,0.13999999999999968,0.878,0.02400000000000002,8111.1,272.369999999999,69.66,2.0900000000000034,-6.309999999999995,-0.13999999999999968,-272.369999999999,2.0900000000000034
79,9,48.89,74.74,85.64,7.16,0.881,8669.43,96.42,0,49,0,27.16,124,97,209.3,1,0,1,44.63,4.259999999999998,7.48,-0.3200000000000003,0.878,0.0030000000000000027,8111.1,558.3299999999999,69.66,5.079999999999998,-4.259999999999998,0.3200000000000003,-558.3299999999999,5.079999999999998
79,10,47.51,72.79,78.55,8.32,0.875,7627.49,88.83,0,49,0,27.16,124,97,209.3,1,0,1,44.63,2.8799999999999955,7.48,0.8399999999999999,0.878,-0.0030000000000000027,8111.1,-483.6100000000006,69.66,3.1300000000000097,-2.8799999999999955,-0.8399999999999999,483.6100000000006,3.1300000000000097
80,1,52.14,75.71,81.98,6.91,0.934,9063.32,100.0,0,60,1,30.2,121,70,153.7,1,0,0,52.14,0.0,6.91,0.0,0.934,0.0,9063.32,0.0,75.71,0.0,0.0,0.0,0.0,0.0
80,2,44.2,72.82,76.42,7.29,0.858,5234.77,71.28,0,60,1,30.2,121,70,153.7,1,0,0,52.14,-7.939999999999998,6.91,0.3799999999999999,0.934,-0.07600000000000007,9063.32,-3828.5499999999993,75.71,-2.8900000000000006,7.939999999999998,-0.3799999999999999,3828.5499999999993,-2.8900000000000006
80,3,38.45,77.61,85.0,6.54,0.766,6961.83,79.79,0,60,1,30.2,121,70,153.7,1,0,0,52.14,-13.689999999999998,6.91,-0.3700000000000001,0.934,-0.16800000000000004,9063.32,-2101.49,75.71,1.9000000000000057,13.689999999999998,0.3700000000000001,2101.49,1.9000000000000057
80,4,33.28,83.37,90.17,5.97,0.731,5365.69,67.11,0,60,1,30.2,121,70,153.7,1,0,0,52.14,-18.86,6.91,-0.9400000000000004,0.934,-0.20300000000000007,9063.32,-3697.63,75.71,7.660000000000011,18.86,0.9400000000000004,3697.63,7.660000000000011
80,5,33.99,82.87,87.44,5.36,0.643,4767.28,59.35,0,60,1,30.2,121,70,153.7,1,0,0,52.14,-18.15,6.91,-1.5499999999999998,0.934,-0.29100000000000004,9063.32,-4296.04,75.71,7.160000000000011,18.15,1.5499999999999998,4296.04,7.160000000000011
80,6,26.72,86.32,94.16,4.46,0.609,3394.37,48.32,0,60,1,30.2,121,70,153.7,1,0,0,52.14,-25.42,6.91,-2.45,0.934,-0.32500000000000007,9063.32,-5668.95,75.71,10.61,25.42,2.45,5668.95,10.61
80,7,16.0,97.49,106.59,4.17,0.544,1200.0,30.24,1,60,1,30.2,121,70,153.7,1,0,0,52.14,-36.14,6.91,-2.74,0.934,-0.39,9063.32,-7863.32,75.71,21.78,36.14,2.74,7863.32,21.78
80,8,32.22,83.78,90.33,5.77,0.682,4473.05,58.85,1,60,1,30.2,121,70,153.7,1,0,0,52.14,-19.92,6.91,-1.1400000000000006,0.934,-0.252,9063.32,-4590.2699999999995,75.71,8.070000000000007,19.92,1.1400000000000006,4590.2699999999995,8.070000000000007
80,9,52.2,74.54,86.2,6.92,0.823,8198.94,90.8,0,60,1,30.2,121,70,153.7,1,0,0,52.14,0.060000000000002274,6.91,0.009999999999999787,0.934,-0.1110000000000001,9063.32,-864.3799999999992,75.71,-1.1699999999999875,-0.060000000000002274,-0.009999999999999787,864.3799999999992,-1.1699999999999875
80,10,52.86,73.6,81.26,7.8,0.946,8503.47,97.88,0,60,1,30.2,121,70,153.7,1,0,0,52.14,0.7199999999999989,6.91,0.8899999999999997,0.934,0.0119999999999999,9063.32,-559.8500000000004,75.71,-2.1099999999999994,-0.7199999999999989,-0.8899999999999997,559.8500000000004,-2.1099999999999994
81,1,54.39,71.36,81.92,7.59,0.878,8977.89,98.51,0,43,0,36.03,137,83,175.6,0,0,0,54.39,0.0,7.59,0.0,0.878,0.0,8977.89,0.0,71.36,0.0,0.0,0.0,0.0,0.0
81,2,42.36,80.13,84.93,6.32,0.8,7350.18,83.89,0,43,0,36.03,137,83,175.6,0,0,0,54.39,-12.030000000000001,7.59,-1.2699999999999996,0.878,-0.07799999999999996,8977.89,-1627.7099999999991,71.36,8.769999999999996,12.030000000000001,1.2699999999999996,1627.7099999999991,8.769999999999996
81,3,42.28,80.16,88.68,5.82,0.795,6774.0,79.63,0,43,0,36.03,137,83,175.6,0,0,0,54.39,-12.11,7.59,-1.7699999999999996,0.878,-0.08299999999999996,8977.89,-2203.8899999999994,71.36,8.799999999999997,12.11,1.7699999999999996,2203.8899999999994,8.799999999999997
81,4,32.76,84.88,94.36,5.3,0.663,4015.41,54.85,0,43,0,36.03,137,83,175.6,0,0,0,54.39,-21.630000000000003,7.59,-2.29,0.878,-0.21499999999999997,8977.89,-4962.48,71.36,13.519999999999996,21.630000000000003,2.29,4962.48,13.519999999999996
81,5,29.36,94.11,100.46,4.39,0.674,4437.08,58.3,0,43,0,36.03,137,83,175.6,0,0,0,54.39,-25.03,7.59,-3.2,0.878,-0.20399999999999996,8977.89,-4540.8099999999995,71.36,22.75,25.03,3.2,4540.8099999999995,22.75
81,6,18.68,98.39,107.89,4.61,0.548,3994.14,50.12,1,43,0,36.03,137,83,175.6,0,0,0,54.39,-35.71,7.59,-2.9799999999999995,0.878,-0.32999999999999996,8977.89,-4983.75,71.36,27.03,35.71,2.9799999999999995,4983.75,27.03
81,7,31.29,80.6,87.37,5.65,0.724,4763.66,62.59,1,43,0,36.03,137,83,175.6,0,0,0,54.39,-23.1,7.59,-1.9399999999999995,0.878,-0.15400000000000003,8977.89,-4214.23,71.36,9.239999999999995,23.1,1.9399999999999995,4214.23,9.239999999999995
81,8,55.74,74.61,84.44,7.59,0.913,8940.18,99.62,0,43,0,36.03,137,83,175.6,0,0,0,54.39,1.3500000000000014,7.59,0.0,0.878,0.03500000000000003,8977.89,-37.70999999999913,71.36,3.25,-1.3500000000000014,0.0,37.70999999999913,3.25
81,9,56.98,71.86,81.58,7.45,0.87,8769.3,96.69,0,43,0,36.03,137,83,175.6,0,0,0,54.39,2.5899999999999963,7.59,-0.13999999999999968,0.878,-0.008000000000000007,8977.89,-208.59000000000015,71.36,0.5,-2.5899999999999963,0.13999999999999968,208.59000000000015,0.5
81,10,55.44,71.16,75.51,7.58,0.886,8345.19,94.33,0,43,0,36.03,137,83,175.6,0,0,0,54.39,1.0499999999999972,7.59,-0.009999999999999787,0.878,0.008000000000000007,8977.89,-632.6999999999989,71.36,-0.20000000000000284,-1.0499999999999972,0.009999999999999787,632.6999999999989,-0.20000000000000284
82,1,44.86,72.9,80.07,7.32,0.815,8152.89,90.16,0,66,1,34.18,145,80,200.4,0,1,1,44.86,0.0,7.32,0.0,0.815,0.0,8152.89,0.0,72.9,0.0,0.0,0.0,0.0,0.0
82,2,35.72,75.92,82.18,7.01,0.863,8897.95,97.35,0,66,1,34.18,145,80,200.4,0,1,1,44.86,-9.14,7.32,-0.3100000000000005,0.815,0.04800000000000004,8152.89,745.0600000000004,72.9,3.019999999999996,9.14,0.3100000000000005,-745.0600000000004,3.019999999999996
82,3,36.6,84.64,88.06,6.4,0.807,7381.71,84.4,0,66,1,34.18,145,80,200.4,0,1,1,44.86,-8.259999999999998,7.32,-0.9199999999999999,0.815,-0.007999999999999896,8152.89,-771.1800000000003,72.9,11.739999999999995,8.259999999999998,0.9199999999999999,771.1800000000003,11.739999999999995
82,4,24.64,89.18,100.38,7.05,0.744,6151.67,73.2,0,66,1,34.18,145,80,200.4,0,1,1,44.86,-20.22,7.32,-0.27000000000000046,0.815,-0.07099999999999995,8152.89,-2001.2200000000003,72.9,16.28,20.22,0.27000000000000046,2001.2200000000003,16.28
82,5,25.28,85.67,90.85,6.07,0.681,5876.64,68.73,0,66,1,34.18,145,80,200.4,0,1,1,44.86,-19.58,7.32,-1.25,0.815,-0.1339999999999999,8152.89,-2276.25,72.9,12.769999999999996,19.58,1.25,2276.25,12.769999999999996
82,6,22.67,91.12,98.74,5.06,0.602,4132.13,53.24,0,66,1,34.18,145,80,200.4,0,1,1,44.86,-22.189999999999998,7.32,-2.2600000000000007,0.815,-0.21299999999999997,8152.89,-4020.76,72.9,18.22,22.189999999999998,2.2600000000000007,4020.76,18.22
82,7,16.63,95.62,108.64,5.65,0.568,4674.07,55.71,0,66,1,34.18,145,80,200.4,0,1,1,44.86,-28.23,7.32,-1.67,0.815,-0.247,8152.89,-3478.8200000000006,72.9,22.72,28.23,1.67,3478.8200000000006,22.72
82,8,16.0,99.24,106.18,4.33,0.565,3048.21,44.11,1,66,1,34.18,145,80,200.4,0,1,1,44.86,-28.86,7.32,-2.99,0.815,-0.25,8152.89,-5104.68,72.9,26.33999999999999,28.86,2.99,5104.68,26.33999999999999
82,9,32.25,87.05,99.47,5.98,0.715,6436.66,74.03,1,66,1,34.18,145,80,200.4,0,1,1,44.86,-12.61,7.32,-1.3399999999999999,0.815,-0.09999999999999998,8152.89,-1716.2300000000005,72.9,14.149999999999991,12.61,1.3399999999999999,1716.2300000000005,14.149999999999991
82,10,44.64,75.85,83.71,7.27,0.876,10006.08,100.0,0,66,1,34.18,145,80,200.4,0,1,1,44.86,-0.21999999999999886,7.32,-0.05000000000000071,0.815,0.061000000000000054,8152.89,1853.1899999999996,72.9,2.9499999999999886,0.21999999999999886,0.05000000000000071,-1853.1899999999996,2.9499999999999886
83,1,47.61,73.08,81.33,7.49,0.916,9774.19,100.0,0,57,1,32.41,172,61,205.8,0,1,0,47.61,0.0,7.49,0.0,0.916,0.0,9774.19,0.0,73.08,0.0,0.0,0.0,0.0,0.0
83,2,43.15,75.44,84.38,5.78,0.804,8708.28,93.62,0,57,1,32.41,172,61,205.8,0,1,0,47.61,-4.460000000000001,7.49,-1.71,0.916,-0.11199999999999999,9774.19,-1065.9099999999999,73.08,2.3599999999999994,4.460000000000001,1.71,1065.9099999999999,2.3599999999999994
83,3,39.37,83.8,86.64,6.41,0.792,5264.73,68.84,0,57,1,32.41,172,61,205.8,0,1,0,47.61,-8.240000000000002,7.49,-1.08,0.916,-0.124,9774.19,-4509.460000000001,73.08,10.719999999999999,8.240000000000002,1.08,4509.460000000001,10.719999999999999
83,4,33.19,85.69,94.14,5.67,0.747,3572.51,55.09,0,57,1,32.41,172,61,205.8,0,1,0,47.61,-14.420000000000002,7.49,-1.8200000000000003,0.916,-0.16900000000000004,9774.19,-6201.68,73.08,12.61,14.420000000000002,1.8200000000000003,6201.68,12.61
83,5,30.62,88.98,98.66,4.74,0.656,3267.07,49.32,0,57,1,32.41,172,61,205.8,0,1,0,47.61,-16.99,7.49,-2.75,0.916,-0.26,9774.19,-6507.120000000001,73.08,15.900000000000006,16.99,2.75,6507.120000000001,15.900000000000006
83,6,22.12,95.43,99.13,4.87,0.658,4056.0,54.95,0,57,1,32.41,172,61,205.8,0,1,0,47.61,-25.49,7.49,-2.62,0.916,-0.258,9774.19,-5718.1900000000005,73.08,22.35000000000001,25.49,2.62,5718.1900000000005,22.35000000000001
83,7,19.21,98.24,105.68,4.92,0.567,5262.24,59.84,1,57,1,32.41,172,61,205.8,0,1,0,47.61,-28.4,7.49,-2.5700000000000003,0.916,-0.3490000000000001,9774.19,-4511.950000000001,73.08,25.159999999999997,28.4,2.5700000000000003,4511.950000000001,25.159999999999997
83,8,28.29,83.75,95.79,5.45,0.753,4900.67,64.73,1,57,1,32.41,172,61,205.8,0,1,0,47.61,-19.32,7.49,-2.04,0.916,-0.16300000000000003,9774.19,-4873.52,73.08,10.670000000000002,19.32,2.04,4873.52,10.670000000000002
83,9,46.87,68.91,78.58,7.46,0.855,8269.65,92.59,0,57,1,32.41,172,61,205.8,0,1,0,47.61,-0.740000000000002,7.49,-0.03000000000000025,0.916,-0.061000000000000054,9774.19,-1504.5400000000009,73.08,-4.170000000000002,0.740000000000002,0.03000000000000025,1504.5400000000009,-4.170000000000002
83,10,49.56,68.65,79.46,6.92,0.856,7083.6,84.26,0,57,1,32.41,172,61,205.8,0,1,0,47.61,1.9500000000000028,7.49,-0.5700000000000003,0.916,-0.06000000000000005,9774.19,-2690.59,73.08,-4.429999999999993,-1.9500000000000028,0.5700000000000003,2690.59,-4.429999999999993
84,1,43.92,70.32,79.81,8.02,0.845,7285.61,85.23,0,60,1,26.9,144,83,191.7,1,0,1,43.92,0.0,8.02,0.0,0.845,0.0,7285.61,0.0,70.32,0.0,0.0,0.0,0.0,0.0
84,2,42.89,75.83,83.87,7.15,0.805,7207.06,83.07,0,60,1,26.9,144,83,191.7,1,0,1,43.92,-1.0300000000000011,8.02,-0.8699999999999992,0.845,-0.039999999999999925,7285.61,-78.54999999999927,70.32,5.510000000000005,1.0300000000000011,0.8699999999999992,78.54999999999927,5.510000000000005
84,3,38.0,86.32,91.33,6.43,0.837,5121.4,69.62,0,60,1,26.9,144,83,191.7,1,0,1,43.92,-5.920000000000002,8.02,-1.5899999999999999,0.845,-0.008000000000000007,7285.61,-2164.21,70.32,16.0,5.920000000000002,1.5899999999999999,2164.21,16.0
84,4,25.78,83.57,92.89,5.45,0.686,2927.31,48.1,0,60,1,26.9,144,83,191.7,1,0,1,43.92,-18.14,8.02,-2.5699999999999994,0.845,-0.15899999999999992,7285.61,-4358.299999999999,70.32,13.25,18.14,2.5699999999999994,4358.299999999999,13.25
84,5,25.83,95.36,103.0,4.58,0.609,2712.99,43.52,0,60,1,26.9,144,83,191.7,1,0,1,43.92,-18.090000000000003,8.02,-3.4399999999999995,0.845,-0.236,7285.61,-4572.62,70.32,25.040000000000006,18.090000000000003,3.4399999999999995,4572.62,25.040000000000006
84,6,16.0,93.8,111.9,4.2,0.549,3493.54,46.62,1,60,1,26.9,144,83,191.7,1,0,1,43.92,-27.92,8.02,-3.8199999999999994,0.845,-0.29599999999999993,7285.61,-3792.0699999999997,70.32,23.480000000000004,27.92,3.8199999999999994,3792.0699999999997,23.480000000000004
84,7,20.93,82.34,90.24,5.77,0.704,7374.76,80.21,1,60,1,26.9,144,83,191.7,1,0,1,43.92,-22.990000000000002,8.02,-2.25,0.845,-0.14100000000000001,7285.61,89.15000000000055,70.32,12.02000000000001,22.990000000000002,2.25,-89.15000000000055,12.02000000000001
84,8,50.76,72.84,82.38,8.05,0.932,6997.28,86.69,0,60,1,26.9,144,83,191.7,1,0,1,43.92,6.839999999999996,8.02,0.030000000000001137,0.845,0.08700000000000008,7285.61,-288.3299999999999,70.32,2.5200000000000102,-6.839999999999996,-0.030000000000001137,288.3299999999999,2.5200000000000102
84,9,47.64,73.18,81.42,7.28,0.924,8102.6,94.16,0,60,1,26.9,144,83,191.7,1,0,1,43.92,3.719999999999999,8.02,-0.7399999999999993,0.845,0.07900000000000007,7285.61,816.9900000000007,70.32,2.8600000000000136,-3.719999999999999,0.7399999999999993,-816.9900000000007,2.8600000000000136
84,10,47.2,73.16,83.99,6.64,0.886,8129.16,92.81,0,60,1,26.9,144,83,191.7,1,0,1,43.92,3.280000000000001,8.02,-1.38,0.845,0.041000000000000036,7285.61,843.5500000000002,70.32,2.8400000000000034,-3.280000000000001,1.38,-843.5500000000002,2.8400000000000034
85,1,42.36,71.34,81.59,7.7,0.87,9085.09,98.95,0,58,1,23.45,130,83,120.0,1,0,1,42.36,0.0,7.7,0.0,0.87,0.0,9085.09,0.0,71.34,0.0,0.0,0.0,0.0,0.0
85,2,45.8,74.71,84.31,7.08,0.887,9553.58,100.0,0,58,1,23.45,130,83,120.0,1,0,1,42.36,3.4399999999999977,7.7,-0.6200000000000001,0.87,0.017000000000000015,9085.09,468.4899999999998,71.34,3.3699999999999903,-3.4399999999999977,0.6200000000000001,-468.4899999999998,3.3699999999999903
85,3,37.99,77.04,84.7,6.43,0.765,7521.08,83.67,0,58,1,23.45,130,83,120.0,1,0,1,42.36,-4.369999999999997,7.7,-1.2700000000000005,0.87,-0.10499999999999998,9085.09,-1564.0100000000002,71.34,5.700000000000003,4.369999999999997,1.2700000000000005,1564.0100000000002,5.700000000000003
85,4,31.55,79.99,85.88,5.48,0.691,4637.82,60.39,0,58,1,23.45,130,83,120.0,1,0,1,42.36,-10.809999999999999,7.7,-2.2199999999999998,0.87,-0.17900000000000005,9085.09,-4447.27,71.34,8.649999999999991,10.809999999999999,2.2199999999999998,4447.27,8.649999999999991
85,5,24.49,90.4,97.7,4.83,0.718,3677.99,54.68,0,58,1,23.45,130,83,120.0,1,0,1,42.36,-17.87,7.7,-2.87,0.87,-0.15200000000000002,9085.09,-5407.1,71.34,19.060000000000002,17.87,2.87,5407.1,19.060000000000002
85,6,27.08,91.7,98.64,4.5,0.673,3813.35,53.85,0,58,1,23.45,130,83,120.0,1,0,1,42.36,-15.280000000000001,7.7,-3.2,0.87,-0.19699999999999995,9085.09,-5271.74,71.34,20.36,15.280000000000001,3.2,5271.74,20.36
85,7,16.0,99.13,108.49,4.43,0.542,2707.0,40.81,1,58,1,23.45,130,83,120.0,1,0,1,42.36,-26.36,7.7,-3.2700000000000005,0.87,-0.32799999999999996,9085.09,-6378.09,71.34,27.789999999999992,26.36,3.2700000000000005,6378.09,27.789999999999992
85,8,27.07,80.52,83.51,5.17,0.755,6787.82,78.1,1,58,1,23.45,130,83,120.0,1,0,1,42.36,-15.29,7.7,-2.5300000000000002,0.87,-0.11499999999999999,9085.09,-2297.2700000000004,71.34,9.179999999999993,15.29,2.5300000000000002,2297.2700000000004,9.179999999999993
85,9,50.65,70.29,74.62,7.19,0.889,7801.8,90.61,0,58,1,23.45,130,83,120.0,1,0,1,42.36,8.29,7.7,-0.5099999999999998,0.87,0.019000000000000017,9085.09,-1283.29,71.34,-1.0499999999999972,-8.29,0.5099999999999998,1283.29,-1.0499999999999972
85,10,47.04,68.28,74.93,7.71,0.922,7288.27,88.32,0,58,1,23.45,130,83,120.0,1,0,1,42.36,4.68,7.7,0.009999999999999787,0.87,0.052000000000000046,9085.09,-1796.8199999999997,71.34,-3.0600000000000023,-4.68,-0.009999999999999787,1796.8199999999997,-3.0600000000000023
86,1,51.36,74.1,82.8,7.46,0.916,8108.66,93.88,0,65,1,30.21,108,80,157.9,1,0,0,51.36,0.0,7.46,0.0,0.916,0.0,8108.66,0.0,74.1,0.0,0.0,0.0,0.0,0.0
86,2,38.93,74.65,84.39,7.13,0.848,7633.57,87.81,0,65,1,30.21,108,80,157.9,1,0,0,51.36,-12.43,7.46,-0.33000000000000007,0.916,-0.06800000000000006,8108.66,-475.09000000000015,74.1,0.5500000000000114,12.43,0.33000000000000007,475.09000000000015,0.5500000000000114
86,3,33.43,81.43,90.71,6.34,0.728,8080.49,86.17,0,65,1,30.21,108,80,157.9,1,0,0,51.36,-17.93,7.46,-1.12,0.916,-0.18800000000000006,8108.66,-28.170000000000073,74.1,7.3300000000000125,17.93,1.12,28.170000000000073,7.3300000000000125
86,4,28.08,85.46,92.72,5.2,0.713,5076.4,64.36,0,65,1,30.21,108,80,157.9,1,0,0,51.36,-23.28,7.46,-2.26,0.916,-0.20300000000000007,8108.66,-3032.26,74.1,11.36,23.28,2.26,3032.26,11.36
86,5,25.08,97.24,106.72,4.87,0.641,3920.79,53.3,0,65,1,30.21,108,80,157.9,1,0,0,51.36,-26.28,7.46,-2.59,0.916,-0.275,8108.66,-4187.87,74.1,23.14,26.28,2.59,4187.87,23.14
86,6,28.08,99.09,109.64,4.98,0.614,4540.86,56.61,1,65,1,30.21,108,80,157.9,1,0,0,51.36,-23.28,7.46,-2.4799999999999995,0.916,-0.30200000000000005,8108.66,-3567.8,74.1,24.99000000000001,23.28,2.4799999999999995,3567.8,24.99000000000001
86,7,41.59,84.84,90.76,5.98,0.702,5585.61,67.49,1,65,1,30.21,108,80,157.9,1,0,0,51.36,-9.769999999999996,7.46,-1.4799999999999995,0.916,-0.21400000000000008,8108.66,-2523.05,74.1,10.740000000000009,9.769999999999996,1.4799999999999995,2523.05,10.740000000000009
86,8,54.23,70.11,80.39,7.17,0.89,7028.86,85.21,0,65,1,30.21,108,80,157.9,1,0,0,51.36,2.8699999999999974,7.46,-0.29000000000000004,0.916,-0.026000000000000023,8108.66,-1079.8000000000002,74.1,-3.989999999999995,-2.8699999999999974,0.29000000000000004,1079.8000000000002,-3.989999999999995
86,9,52.02,71.62,80.94,7.99,0.899,8890.69,98.73,0,65,1,30.21,108,80,157.9,1,0,0,51.36,0.6600000000000037,7.46,0.5300000000000002,0.916,-0.017000000000000015,8108.66,782.0300000000007,74.1,-2.4799999999999898,-0.6600000000000037,-0.5300000000000002,-782.0300000000007,-2.4799999999999898
86,10,53.43,76.6,82.74,7.02,0.905,8213.69,94.19,0,65,1,30.21,108,80,157.9,1,0,0,51.36,2.0700000000000003,7.46,-0.4400000000000004,0.916,-0.01100000000000001,8108.66,105.03000000000065,74.1,2.5,-2.0700000000000003,0.4400000000000004,-105.03000000000065,2.5
87,1,53.91,67.63,75.37,7.38,0.903,6674.51,83.23,0,38,1,23.26,106,84,182.3,1,1,0,53.91,0.0,7.38,0.0,0.903,0.0,6674.51,0.0,67.63,0.0,0.0,0.0,0.0,0.0
87,2,47.83,73.78,83.79,6.4,0.867,8078.89,91.7,0,38,1,23.26,106,84,182.3,1,1,0,53.91,-6.079999999999998,7.38,-0.9799999999999995,0.903,-0.03600000000000003,6674.51,1404.38,67.63,6.150000000000006,6.079999999999998,0.9799999999999995,-1404.38,6.150000000000006
87,3,38.65,76.09,82.15,6.14,0.77,7160.53,81.35,0,38,1,23.26,106,84,182.3,1,1,0,53.91,-15.259999999999998,7.38,-1.2400000000000002,0.903,-0.133,6674.51,486.0199999999995,67.63,8.460000000000008,15.259999999999998,1.2400000000000002,-486.0199999999995,8.460000000000008
87,4,34.55,79.63,87.05,5.03,0.764,6166.88,74.1,0,38,1,23.26,106,84,182.3,1,1,0,53.91,-19.36,7.38,-2.3499999999999996,0.903,-0.139,6674.51,-507.6300000000001,67.63,12.0,19.36,2.3499999999999996,507.6300000000001,12.0
87,5,27.5,80.17,90.57,6.22,0.65,4916.3,60.72,0,38,1,23.26,106,84,182.3,1,1,0,53.91,-26.409999999999997,7.38,-1.1600000000000001,0.903,-0.253,6674.51,-1758.21,67.63,12.540000000000006,26.409999999999997,1.1600000000000001,1758.21,12.540000000000006
87,6,24.73,85.7,93.5,4.66,0.587,3173.95,45.87,0,38,1,23.26,106,84,182.3,1,1,0,53.91,-29.179999999999996,7.38,-2.7199999999999998,0.903,-0.31600000000000006,6674.51,-3500.5600000000004,67.63,18.070000000000007,29.179999999999996,2.7199999999999998,3500.5600000000004,18.070000000000007
87,7,18.51,93.43,104.34,3.82,0.623,2254.5,40.81,1,38,1,23.26,106,84,182.3,1,1,0,53.91,-35.39999999999999,7.38,-3.56,0.903,-0.28,6674.51,-4420.01,67.63,25.80000000000001,35.39999999999999,3.56,4420.01,25.80000000000001
87,8,34.04,80.44,90.37,5.51,0.735,6297.08,73.86,1,38,1,23.26,106,84,182.3,1,1,0,53.91,-19.869999999999997,7.38,-1.87,0.903,-0.16800000000000004,6674.51,-377.4300000000003,67.63,12.810000000000002,19.869999999999997,1.87,377.4300000000003,12.810000000000002
87,9,51.91,66.14,82.41,7.04,0.821,9392.09,99.12,0,38,1,23.26,106,84,182.3,1,1,0,53.91,-2.0,7.38,-0.33999999999999986,0.903,-0.08200000000000007,6674.51,2717.58,67.63,-1.4899999999999949,2.0,0.33999999999999986,-2717.58,-1.4899999999999949
87,10,49.22,65.96,79.74,7.78,0.857,8646.21,95.3,0,38,1,23.26,106,84,182.3,1,1,0,53.91,-4.689999999999998,7.38,0.40000000000000036,0.903,-0.04600000000000004,6674.51,1971.699999999999,67.63,-1.6700000000000017,4.689999999999998,-0.40000000000000036,-1971.699999999999,-1.6700000000000017
88,1,54.32,71.87,83.16,7.61,0.816,7896.58,88.38,0,50,1,24.8,147,83,177.8,1,0,0,54.32,0.0,7.61,0.0,0.816,0.0,7896.58,0.0,71.87,0.0,0.0,0.0,0.0,0.0
88,2,48.48,70.5,81.56,6.78,0.876,8782.42,97.05,0,50,1,24.8,147,83,177.8,1,0,0,54.32,-5.840000000000003,7.61,-0.8300000000000001,0.816,0.06000000000000005,7896.58,885.8400000000001,71.87,-1.3700000000000045,5.840000000000003,0.8300000000000001,-885.8400000000001,-1.3700000000000045
88,3,42.33,79.25,90.31,5.92,0.729,5830.14,70.33,0,50,1,24.8,147,83,177.8,1,0,0,54.32,-11.990000000000002,7.61,-1.6900000000000004,0.816,-0.08699999999999997,7896.58,-2066.4399999999996,71.87,7.3799999999999955,11.990000000000002,1.6900000000000004,2066.4399999999996,7.3799999999999955
88,4,35.47,78.44,87.95,5.54,0.783,6087.28,74.3,0,50,1,24.8,147,83,177.8,1,0,0,54.32,-18.85,7.61,-2.0700000000000003,0.816,-0.03299999999999992,7896.58,-1809.3000000000002,71.87,6.569999999999993,18.85,2.0700000000000003,1809.3000000000002,6.569999999999993
88,5,38.23,85.0,92.64,5.22,0.705,4770.69,61.89,0,50,1,24.8,147,83,177.8,1,0,0,54.32,-16.090000000000003,7.61,-2.3900000000000006,0.816,-0.11099999999999999,7896.58,-3125.8900000000003,71.87,13.129999999999995,16.090000000000003,2.3900000000000006,3125.8900000000003,13.129999999999995
88,6,28.98,85.84,93.93,5.76,0.697,4866.88,62.23,0,50,1,24.8,147,83,177.8,1,0,0,54.32,-25.34,7.61,-1.8500000000000005,0.816,-0.119,7896.58,-3029.7,71.87,13.969999999999999,25.34,1.8500000000000005,3029.7,13.969999999999999
88,7,23.73,90.16,101.35,4.66,0.585,3902.65,50.93,0,50,1,24.8,147,83,177.8,1,0,0,54.32,-30.59,7.61,-2.95,0.816,-0.23099999999999998,7896.58,-3993.93,71.87,18.289999999999992,30.59,2.95,3993.93,18.289999999999992
88,8,16.74,94.44,103.01,4.35,0.599,1200.0,32.43,1,50,1,24.8,147,83,177.8,1,0,0,54.32,-37.58,7.61,-3.2600000000000007,0.816,-0.21699999999999997,7896.58,-6696.58,71.87,22.569999999999993,37.58,3.2600000000000007,6696.58,22.569999999999993
88,9,38.56,76.22,81.26,5.76,0.746,5439.92,68.24,1,50,1,24.8,147,83,177.8,1,0,0,54.32,-15.759999999999998,7.61,-1.8500000000000005,0.816,-0.06999999999999995,7896.58,-2456.66,71.87,4.349999999999994,15.759999999999998,1.8500000000000005,2456.66,4.349999999999994
88,10,51.54,66.81,77.91,7.11,0.901,10993.51,100.0,0,50,1,24.8,147,83,177.8,1,0,0,54.32,-2.780000000000001,7.61,-0.5,0.816,0.08500000000000008,7896.58,3096.9300000000003,71.87,-5.060000000000002,2.780000000000001,0.5,-3096.9300000000003,-5.060000000000002
89,1,40.73,74.05,82.83,7.52,0.877,7181.1,85.75,0,62,0,28.95,135,72,150.1,0,1,1,40.73,0.0,7.52,0.0,0.877,0.0,7181.1,0.0,74.05,0.0,0.0,0.0,0.0,0.0
89,2,40.86,80.24,86.47,7.12,0.835,8678.56,94.66,0,62,0,28.95,135,72,150.1,0,1,1,40.73,0.13000000000000256,7.52,-0.39999999999999947,0.877,-0.04200000000000004,7181.1,1497.4599999999991,74.05,6.189999999999998,-0.13000000000000256,0.39999999999999947,-1497.4599999999991,6.189999999999998
89,3,32.25,77.15,86.66,6.86,0.774,5023.92,66.42,0,62,0,28.95,135,72,150.1,0,1,1,40.73,-8.479999999999997,7.52,-0.6599999999999993,0.877,-0.10299999999999998,7181.1,-2157.1800000000003,74.05,3.1000000000000085,8.479999999999997,0.6599999999999993,2157.1800000000003,3.1000000000000085
89,4,29.76,82.58,91.55,6.37,0.72,6901.8,77.51,0,62,0,28.95,135,72,150.1,0,1,1,40.73,-10.969999999999995,7.52,-1.1499999999999995,0.877,-0.15700000000000003,7181.1,-279.3000000000002,74.05,8.530000000000001,10.969999999999995,1.1499999999999995,279.3000000000002,8.530000000000001
89,5,21.75,90.87,99.4,5.15,0.722,3669.54,54.79,0,62,0,28.95,135,72,150.1,0,1,1,40.73,-18.979999999999997,7.52,-2.369999999999999,0.877,-0.15500000000000003,7181.1,-3511.5600000000004,74.05,16.820000000000007,18.979999999999997,2.369999999999999,3511.5600000000004,16.820000000000007
89,6,17.92,93.41,100.11,3.73,0.572,3958.08,50.84,0,62,0,28.95,135,72,150.1,0,1,1,40.73,-22.809999999999995,7.52,-3.7899999999999996,0.877,-0.30500000000000005,7181.1,-3223.0200000000004,74.05,19.36,22.809999999999995,3.7899999999999996,3223.0200000000004,19.36
89,7,16.0,97.88,106.68,3.92,0.569,3570.97,47.95,1,62,0,28.95,135,72,150.1,0,1,1,40.73,-24.729999999999997,7.52,-3.5999999999999996,0.877,-0.30800000000000005,7181.1,-3610.1300000000006,74.05,23.83,24.729999999999997,3.5999999999999996,3610.1300000000006,23.83
89,8,27.88,84.4,94.08,5.89,0.719,6466.79,74.4,1,62,0,28.95,135,72,150.1,0,1,1,40.73,-12.849999999999998,7.52,-1.63,0.877,-0.15800000000000003,7181.1,-714.3100000000004,74.05,10.350000000000009,12.849999999999998,1.63,714.3100000000004,10.350000000000009
89,9,45.53,69.98,76.4,7.1,0.885,8419.81,94.82,0,62,0,28.95,135,72,150.1,0,1,1,40.73,4.800000000000004,7.52,-0.41999999999999993,0.877,0.008000000000000007,7181.1,1238.7099999999991,74.05,-4.069999999999993,-4.800000000000004,0.41999999999999993,-1238.7099999999991,-4.069999999999993
89,10,43.85,71.62,80.42,6.98,0.915,7842.56,91.95,0,62,0,28.95,135,72,150.1,0,1,1,40.73,3.1200000000000045,7.52,-0.5399999999999991,0.877,0.038000000000000034,7181.1,661.46,74.05,-2.4299999999999926,-3.1200000000000045,0.5399999999999991,-661.46,-2.4299999999999926
90,1,38.07,74.25,83.05,7.57,0.885,8500.61,95.39,0,70,1,36.67,143,77,192.9,1,1,1,38.07,0.0,7.57,0.0,0.885,0.0,8500.61,0.0,74.25,0.0,0.0,0.0,0.0,0.0
90,2,32.95,77.76,89.78,7.0,0.863,9061.86,98.49,0,70,1,36.67,143,77,192.9,1,1,1,38.07,-5.119999999999997,7.57,-0.5700000000000003,0.885,-0.02200000000000002,8500.61,561.25,74.25,3.510000000000005,5.119999999999997,0.5700000000000003,-561.25,3.510000000000005
90,3,33.57,83.77,92.55,5.65,0.815,5419.01,70.84,0,70,1,36.67,143,77,192.9,1,1,1,38.07,-4.5,7.57,-1.92,0.885,-0.07000000000000006,8500.61,-3081.6000000000004,74.25,9.519999999999996,4.5,1.92,3081.6000000000004,9.519999999999996
90,4,20.91,88.32,98.44,6.03,0.701,5263.69,65.21,0,70,1,36.67,143,77,192.9,1,1,1,38.07,-17.16,7.57,-1.54,0.885,-0.18400000000000005,8500.61,-3236.920000000001,74.25,14.069999999999993,17.16,1.54,3236.920000000001,14.069999999999993
90,5,16.0,98.11,108.19,5.17,0.628,3450.03,49.46,0,70,1,36.67,143,77,192.9,1,1,1,38.07,-22.07,7.57,-2.4000000000000004,0.885,-0.257,8500.61,-5050.58,74.25,23.86,22.07,2.4000000000000004,5050.58,23.86
90,6,16.0,96.67,103.56,4.48,0.54,2347.01,38.16,1,70,1,36.67,143,77,192.9,1,1,1,38.07,-22.07,7.57,-3.09,0.885,-0.345,8500.61,-6153.6,74.25,22.42,22.07,3.09,6153.6,22.42
90,7,29.15,85.47,91.84,5.99,0.737,5363.04,67.32,1,70,1,36.67,143,77,192.9,1,1,1,38.07,-8.920000000000002,7.57,-1.58,0.885,-0.14800000000000002,8500.61,-3137.5700000000006,74.25,11.219999999999999,8.920000000000002,1.58,3137.5700000000006,11.219999999999999
90,8,44.87,72.97,86.65,7.17,0.919,9438.97,100.0,0,70,1,36.67,143,77,192.9,1,1,1,38.07,6.799999999999997,7.57,-0.40000000000000036,0.885,0.03400000000000003,8500.61,938.3599999999988,74.25,-1.2800000000000011,-6.799999999999997,0.40000000000000036,-938.3599999999988,-1.2800000000000011
90,9,40.5,75.14,82.9,7.88,0.902,7970.28,92.34,0,70,1,36.67,143,77,192.9,1,1,1,38.07,2.4299999999999997,7.57,0.3099999999999996,0.885,0.017000000000000015,8500.61,-530.3300000000008,74.25,0.8900000000000006,-2.4299999999999997,-0.3099999999999996,530.3300000000008,0.8900000000000006
90,10,41.58,75.44,86.4,7.53,0.921,7636.23,90.73,0,70,1,36.67,143,77,192.9,1,1,1,38.07,3.509999999999998,7.57,-0.040000000000000036,0.885,0.03600000000000003,8500.61,-864.380000000001,74.25,1.1899999999999977,-3.509999999999998,0.040000000000000036,864.380000000001,1.1899999999999977
91,1,44.11,74.16,85.26,7.32,0.906,7737.9,90.86,0,70,1,29.3,123,80,150.2,1,0,0,44.11,0.0,7.32,0.0,0.906,0.0,7737.9,0.0,74.16,0.0,0.0,0.0,0.0,0.0
91,2,46.13,71.55,80.15,7.26,0.867,6541.07,80.85,0,70,1,29.3,123,80,150.2,1,0,0,44.11,2.020000000000003,7.32,-0.0600000000000005,0.906,-0.039000000000000035,7737.9,-1196.83,74.16,-2.6099999999999994,-2.020000000000003,0.0600000000000005,1196.83,-2.6099999999999994
91,3,41.14,77.12,82.48,5.79,0.752,7974.24,86.36,0,70,1,29.3,123,80,150.2,1,0,0,44.11,-2.969999999999999,7.32,-1.5300000000000002,0.906,-0.15400000000000003,7737.9,236.34000000000015,74.16,2.960000000000008,2.969999999999999,1.5300000000000002,-236.34000000000015,2.960000000000008
91,4,35.47,85.09,89.51,6.41,0.737,4411.76,60.63,0,70,1,29.3,123,80,150.2,1,0,0,44.11,-8.64,7.32,-0.9100000000000001,0.906,-0.16900000000000004,7737.9,-3326.1399999999994,74.16,10.930000000000007,8.64,0.9100000000000001,3326.1399999999994,10.930000000000007
91,5,28.55,82.11,88.44,6.13,0.704,4292.05,58.44,0,70,1,29.3,123,80,150.2,1,0,0,44.11,-15.559999999999999,7.32,-1.1900000000000004,0.906,-0.20200000000000007,7737.9,-3445.8499999999995,74.16,7.950000000000003,15.559999999999999,1.1900000000000004,3445.8499999999995,7.950000000000003
91,6,28.36,89.93,97.14,4.91,0.749,5362.13,67.83,0,70,1,29.3,123,80,150.2,1,0,0,44.11,-15.75,7.32,-2.41,0.906,-0.15700000000000003,7737.9,-2375.7699999999995,74.16,15.77000000000001,15.75,2.41,2375.7699999999995,15.77000000000001
91,7,25.58,90.36,97.33,5.11,0.673,1210.52,35.45,0,70,1,29.3,123,80,150.2,1,0,0,44.11,-18.53,7.32,-2.21,0.906,-0.23299999999999998,7737.9,-6527.379999999999,74.16,16.200000000000003,18.53,2.21,6527.379999999999,16.200000000000003
91,8,19.29,93.96,103.05,4.39,0.49,2925.88,40.25,1,70,1,29.3,123,80,150.2,1,0,0,44.11,-24.82,7.32,-2.9300000000000006,0.906,-0.41600000000000004,7737.9,-4812.0199999999995,74.16,19.799999999999997,24.82,2.9300000000000006,4812.0199999999995,19.799999999999997
91,9,29.86,82.23,93.63,6.36,0.749,5088.95,65.89,1,70,1,29.3,123,80,150.2,1,0,0,44.11,-14.25,7.32,-0.96,0.906,-0.15700000000000003,7737.9,-2648.95,74.16,8.070000000000007,14.25,0.96,2648.95,8.070000000000007
91,10,44.98,66.2,72.42,6.87,0.896,10882.7,100.0,0,70,1,29.3,123,80,150.2,1,0,0,44.11,0.8699999999999974,7.32,-0.4500000000000002,0.906,-0.010000000000000009,7737.9,3144.800000000001,74.16,-7.959999999999994,-0.8699999999999974,0.4500000000000002,-3144.800000000001,-7.959999999999994
92,1,58.57,75.24,84.88,7.23,0.915,8943.72,99.74,0,52,1,33.88,121,102,214.1,0,0,0,58.57,0.0,7.23,0.0,0.915,0.0,8943.72,0.0,75.24,0.0,0.0,0.0,0.0,0.0
92,2,43.89,75.61,85.52,7.62,0.86,6785.64,82.31,0,52,1,33.88,121,102,214.1,0,0,0,58.57,-14.68,7.23,0.3899999999999997,0.915,-0.05500000000000005,8943.72,-2158.079999999999,75.24,0.37000000000000455,14.68,-0.3899999999999997,2158.079999999999,0.37000000000000455
92,3,43.13,77.89,84.18,6.66,0.799,3799.04,58.77,0,52,1,33.88,121,102,214.1,0,0,0,58.57,-15.439999999999998,7.23,-0.5700000000000003,0.915,-0.11599999999999999,8943.72,-5144.679999999999,75.24,2.6500000000000057,15.439999999999998,0.5700000000000003,5144.679999999999,2.6500000000000057
92,4,32.95,85.4,95.29,5.93,0.729,5481.03,67.86,0,52,1,33.88,121,102,214.1,0,0,0,58.57,-25.619999999999997,7.23,-1.3000000000000007,0.915,-0.18600000000000005,8943.72,-3462.6899999999996,75.24,10.16000000000001,25.619999999999997,1.3000000000000007,3462.6899999999996,10.16000000000001
92,5,26.62,85.55,89.8,4.92,0.642,5641.9,65.51,0,52,1,33.88,121,102,214.1,0,0,0,58.57,-31.95,7.23,-2.3100000000000005,0.915,-0.273,8943.72,-3301.8199999999997,75.24,10.310000000000002,31.95,2.3100000000000005,3301.8199999999997,10.310000000000002
92,6,22.96,95.74,105.24,4.91,0.607,3037.15,45.74,0,52,1,33.88,121,102,214.1,0,0,0,58.57,-35.61,7.23,-2.3200000000000003,0.915,-0.30800000000000005,8943.72,-5906.57,75.24,20.5,35.61,2.3200000000000003,5906.57,20.5
92,7,16.48,93.71,102.75,3.94,0.614,2337.12,41.06,1,52,1,33.88,121,102,214.1,0,0,0,58.57,-42.09,7.23,-3.2900000000000005,0.915,-0.30100000000000005,8943.72,-6606.599999999999,75.24,18.47,42.09,3.2900000000000005,6606.599999999999,18.47
92,8,45.61,81.81,88.83,5.69,0.709,6078.54,71.27,1,52,1,33.88,121,102,214.1,0,0,0,58.57,-12.96,7.23,-1.54,0.915,-0.20600000000000007,8943.72,-2865.1799999999994,75.24,6.570000000000007,12.96,1.54,2865.1799999999994,6.570000000000007
92,9,50.81,70.62,81.27,7.43,0.894,8449.4,95.41,0,52,1,33.88,121,102,214.1,0,0,0,58.57,-7.759999999999998,7.23,0.1999999999999993,0.915,-0.02100000000000002,8943.72,-494.3199999999997,75.24,-4.61999999999999,7.759999999999998,-0.1999999999999993,494.3199999999997,-4.61999999999999
92,10,52.7,73.43,86.83,7.03,0.869,7257.55,85.98,0,52,1,33.88,121,102,214.1,0,0,0,58.57,-5.869999999999997,7.23,-0.20000000000000018,0.915,-0.04600000000000004,8943.72,-1686.1699999999992,75.24,-1.809999999999988,5.869999999999997,0.20000000000000018,1686.1699999999992,-1.809999999999988
93,1,47.65,71.41,79.95,7.42,0.882,8232.11,93.4,0,71,0,20.86,147,90,224.2,0,1,0,47.65,0.0,7.42,0.0,0.882,0.0,8232.11,0.0,71.41,0.0,0.0,0.0,0.0,0.0
93,2,37.43,71.31,84.6,6.73,0.838,7774.93,88.4,0,71,0,20.86,147,90,224.2,0,1,0,47.65,-10.219999999999999,7.42,-0.6899999999999995,0.882,-0.04400000000000004,8232.11,-457.1800000000003,71.41,-0.09999999999999432,10.219999999999999,0.6899999999999995,457.1800000000003,-0.09999999999999432
93,3,43.22,79.02,88.2,6.34,0.719,6772.37,76.56,0,71,0,20.86,147,90,224.2,0,1,0,47.65,-4.43,7.42,-1.08,0.882,-0.16300000000000003,8232.11,-1459.7400000000007,71.41,7.609999999999999,4.43,1.08,1459.7400000000007,7.609999999999999
93,4,34.8,77.87,90.17,5.77,0.804,6360.02,77.06,0,71,0,20.86,147,90,224.2,0,1,0,47.65,-12.850000000000001,7.42,-1.6500000000000004,0.882,-0.07799999999999996,8232.11,-1872.0900000000001,71.41,6.460000000000008,12.850000000000001,1.6500000000000004,1872.0900000000001,6.460000000000008
93,5,21.0,88.07,95.15,4.97,0.649,4895.3,60.52,0,71,0,20.86,147,90,224.2,0,1,0,47.65,-26.65,7.42,-2.45,0.882,-0.23299999999999998,8232.11,-3336.8100000000004,71.41,16.659999999999997,26.65,2.45,3336.8100000000004,16.659999999999997
93,6,21.91,91.23,94.78,4.93,0.618,4989.09,59.94,0,71,0,20.86,147,90,224.2,0,1,0,47.65,-25.74,7.42,-2.49,0.882,-0.264,8232.11,-3243.0200000000004,71.41,19.820000000000007,25.74,2.49,3243.0200000000004,19.820000000000007
93,7,16.0,89.86,96.72,5.11,0.58,1365.76,32.84,1,71,0,20.86,147,90,224.2,0,1,0,47.65,-31.65,7.42,-2.3099999999999996,0.882,-0.30200000000000005,8232.11,-6866.35,71.41,18.450000000000003,31.65,2.3099999999999996,6866.35,18.450000000000003
93,8,26.99,79.11,85.38,5.46,0.691,4317.01,58.11,1,71,0,20.86,147,90,224.2,0,1,0,47.65,-20.66,7.42,-1.96,0.882,-0.19100000000000006,8232.11,-3915.1000000000004,71.41,7.700000000000003,20.66,1.96,3915.1000000000004,7.700000000000003
93,9,44.15,66.48,76.23,6.73,0.922,9532.56,100.0,0,71,0,20.86,147,90,224.2,0,1,0,47.65,-3.5,7.42,-0.6899999999999995,0.882,0.040000000000000036,8232.11,1300.449999999999,71.41,-4.929999999999993,3.5,0.6899999999999995,-1300.449999999999,-4.929999999999993
93,10,45.47,67.51,80.55,6.79,0.864,10205.95,100.0,0,71,0,20.86,147,90,224.2,0,1,0,47.65,-2.1799999999999997,7.42,-0.6299999999999999,0.882,-0.018000000000000016,8232.11,1973.8400000000001,71.41,-3.8999999999999915,2.1799999999999997,0.6299999999999999,-1973.8400000000001,-3.8999999999999915
94,1,52.98,69.27,80.48,7.91,0.875,6513.7,80.98,0,62,0,26.95,144,83,183.1,0,0,0,52.98,0.0,7.91,0.0,0.875,0.0,6513.7,0.0,69.27,0.0,0.0,0.0,0.0,0.0
94,2,42.37,75.25,83.42,6.81,0.829,7658.31,87.22,0,62,0,26.95,144,83,183.1,0,0,0,52.98,-10.61,7.91,-1.1000000000000005,0.875,-0.04600000000000004,6513.7,1144.6100000000006,69.27,5.980000000000004,10.61,1.1000000000000005,-1144.6100000000006,5.980000000000004
94,3,40.22,85.45,91.58,6.26,0.735,7564.78,82.81,0,62,0,26.95,144,83,183.1,0,0,0,52.98,-12.759999999999998,7.91,-1.6500000000000004,0.875,-0.14,6513.7,1051.08,69.27,16.180000000000007,12.759999999999998,1.6500000000000004,-1051.08,16.180000000000007
94,4,28.19,86.07,95.81,6.37,0.689,5278.05,64.8,0,62,0,26.95,144,83,183.1,0,0,0,52.98,-24.789999999999996,7.91,-1.54,0.875,-0.18600000000000005,6513.7,-1235.6499999999996,69.27,16.799999999999997,24.789999999999996,1.54,1235.6499999999996,16.799999999999997
94,5,22.73,84.5,95.95,5.36,0.644,2924.34,46.42,0,62,0,26.95,144,83,183.1,0,0,0,52.98,-30.249999999999996,7.91,-2.55,0.875,-0.23099999999999998,6513.7,-3589.3599999999997,69.27,15.230000000000004,30.249999999999996,2.55,3589.3599999999997,15.230000000000004
94,6,18.52,92.7,104.84,4.29,0.589,3950.45,51.43,1,62,0,26.95,144,83,183.1,0,0,0,52.98,-34.459999999999994,7.91,-3.62,0.875,-0.28600000000000003,6513.7,-2563.25,69.27,23.430000000000007,34.459999999999994,3.62,2563.25,23.430000000000007
94,7,34.28,82.77,90.39,5.68,0.751,5619.92,69.72,1,62,0,26.95,144,83,183.1,0,0,0,52.98,-18.699999999999996,7.91,-2.2300000000000004,0.875,-0.124,6513.7,-893.7799999999997,69.27,13.5,18.699999999999996,2.2300000000000004,893.7799999999997,13.5
94,8,50.86,62.84,68.51,7.27,0.844,8714.89,95.29,0,62,0,26.95,144,83,183.1,0,0,0,52.98,-2.1199999999999974,7.91,-0.6400000000000006,0.875,-0.031000000000000028,6513.7,2201.1899999999996,69.27,-6.429999999999993,2.1199999999999974,0.6400000000000006,-2201.1899999999996,-6.429999999999993
94,9,56.05,67.54,73.92,7.28,0.878,9986.84,100.0,0,62,0,26.95,144,83,183.1,0,0,0,52.98,3.0700000000000003,7.91,-0.6299999999999999,0.875,0.0030000000000000027,6513.7,3473.1400000000003,69.27,-1.7299999999999898,-3.0700000000000003,0.6299999999999999,-3473.1400000000003,-1.7299999999999898
94,10,47.8,68.94,81.35,7.16,0.833,8146.41,90.83,0,62,0,26.95,144,83,183.1,0,0,0,52.98,-5.18,7.91,-0.75,0.875,-0.04200000000000004,6513.7,1632.71,69.27,-0.3299999999999983,5.18,0.75,-1632.71,-0.3299999999999983
95,1,52.5,64.83,74.24,7.89,0.889,7880.4,91.19,0,72,1,28.68,141,78,228.3,0,1,0,52.5,0.0,7.89,0.0,0.889,0.0,7880.4,0.0,64.83,0.0,0.0,0.0,0.0,0.0
95,2,38.71,81.46,89.44,7.39,0.801,7237.97,83.13,0,72,1,28.68,141,78,228.3,0,1,0,52.5,-13.79,7.89,-0.5,0.889,-0.08799999999999997,7880.4,-642.4299999999994,64.83,16.629999999999995,13.79,0.5,642.4299999999994,16.629999999999995
95,3,33.47,75.87,86.08,6.35,0.754,5760.85,70.84,0,72,1,28.68,141,78,228.3,0,1,0,52.5,-19.03,7.89,-1.54,0.889,-0.135,7880.4,-2119.5499999999993,64.83,11.040000000000006,19.03,1.54,2119.5499999999993,11.040000000000006
95,4,24.64,80.88,89.5,5.11,0.718,5295.36,66.09,0,72,1,28.68,141,78,228.3,0,1,0,52.5,-27.86,7.89,-2.7799999999999994,0.889,-0.17100000000000004,7880.4,-2585.04,64.83,16.049999999999997,27.86,2.7799999999999994,2585.04,16.049999999999997
95,5,23.58,90.59,101.94,4.99,0.589,3836.5,50.63,0,72,1,28.68,141,78,228.3,0,1,0,52.5,-28.92,7.89,-2.8999999999999995,0.889,-0.30000000000000004,7880.4,-4043.8999999999996,64.83,25.760000000000005,28.92,2.8999999999999995,4043.8999999999996,25.760000000000005
95,6,16.0,96.13,101.73,4.42,0.553,3381.59,45.99,1,72,1,28.68,141,78,228.3,0,1,0,52.5,-36.5,7.89,-3.4699999999999998,0.889,-0.33599999999999997,7880.4,-4498.8099999999995,64.83,31.299999999999997,36.5,3.4699999999999998,4498.8099999999995,31.299999999999997
95,7,24.43,83.66,89.35,6.52,0.745,4096.79,58.7,1,72,1,28.68,141,78,228.3,0,1,0,52.5,-28.07,7.89,-1.37,0.889,-0.14400000000000002,7880.4,-3783.6099999999997,64.83,18.83,28.07,1.37,3783.6099999999997,18.83
95,8,42.54,72.53,81.32,7.85,0.903,8043.15,92.88,0,72,1,28.68,141,78,228.3,0,1,0,52.5,-9.96,7.89,-0.040000000000000036,0.889,0.014000000000000012,7880.4,162.75,64.83,7.700000000000003,9.96,0.040000000000000036,-162.75,7.700000000000003
95,9,46.69,68.79,77.31,7.45,0.944,8167.84,95.43,0,72,1,28.68,141,78,228.3,0,1,0,52.5,-5.810000000000002,7.89,-0.4399999999999995,0.889,0.05499999999999994,7880.4,287.4400000000005,64.83,3.960000000000008,5.810000000000002,0.4399999999999995,-287.4400000000005,3.960000000000008
95,10,40.4,70.54,73.27,7.14,0.89,9656.88,100.0,0,72,1,28.68,141,78,228.3,0,1,0,52.5,-12.100000000000001,7.89,-0.75,0.889,0.0010000000000000009,7880.4,1776.4799999999996,64.83,5.710000000000008,12.100000000000001,0.75,-1776.4799999999996,5.710000000000008
96,1,43.91,67.78,74.78,6.95,0.907,8799.96,98.4,0,78,0,32.07,128,85,169.9,0,0,0,43.91,0.0,6.95,0.0,0.907,0.0,8799.96,0.0,67.78,0.0,0.0,0.0,0.0,0.0
96,2,38.82,83.01,93.31,6.18,0.796,4075.86,60.62,0,78,0,32.07,128,85,169.9,0,0,0,43.91,-5.089999999999996,6.95,-0.7700000000000005,0.907,-0.11099999999999999,8799.96,-4724.0999999999985,67.78,15.230000000000004,5.089999999999996,0.7700000000000005,4724.0999999999985,15.230000000000004
96,3,28.19,82.94,89.64,5.44,0.709,5360.71,66.22,0,78,0,32.07,128,85,169.9,0,0,0,43.91,-15.719999999999995,6.95,-1.5099999999999998,0.907,-0.19800000000000006,8799.96,-3439.249999999999,67.78,15.159999999999997,15.719999999999995,1.5099999999999998,3439.249999999999,15.159999999999997
96,4,16.71,90.48,92.67,4.96,0.547,1347.47,31.37,1,78,0,32.07,128,85,169.9,0,0,0,43.91,-27.199999999999996,6.95,-1.9900000000000002,0.907,-0.36,8799.96,-7452.489999999999,67.78,22.700000000000003,27.199999999999996,1.9900000000000002,7452.489999999999,22.700000000000003
96,5,36.65,82.64,92.53,5.83,0.743,4789.28,63.54,1,78,0,32.07,128,85,169.9,0,0,0,43.91,-7.259999999999998,6.95,-1.12,0.907,-0.16400000000000003,8799.96,-4010.6799999999994,67.78,14.86,7.259999999999998,1.12,4010.6799999999994,14.86
96,6,48.19,73.72,80.24,6.68,0.867,9882.92,100.0,0,78,0,32.07,128,85,169.9,0,0,0,43.91,4.280000000000001,6.95,-0.27000000000000046,0.907,-0.040000000000000036,8799.96,1082.960000000001,67.78,5.939999999999998,-4.280000000000001,0.27000000000000046,-1082.960000000001,5.939999999999998
96,7,43.81,73.88,78.68,6.99,0.849,7974.32,90.26,0,78,0,32.07,128,85,169.9,0,0,0,43.91,-0.09999999999999432,6.95,0.040000000000000036,0.907,-0.05800000000000005,8799.96,-825.6399999999994,67.78,6.099999999999994,0.09999999999999432,-0.040000000000000036,825.6399999999994,6.099999999999994
96,8,45.28,75.8,81.76,7.37,0.91,9993.22,100.0,0,78,0,32.07,128,85,169.9,0,0,0,43.91,1.3700000000000045,6.95,0.41999999999999993,0.907,0.0030000000000000027,8799.96,1193.2600000000002,67.78,8.019999999999996,-1.3700000000000045,-0.41999999999999993,-1193.2600000000002,8.019999999999996
96,9,53.5,71.27,76.33,7.29,0.852,9403.01,100.0,0,78,0,32.07,128,85,169.9,0,0,0,43.91,9.590000000000003,6.95,0.33999999999999986,0.907,-0.05500000000000005,8799.96,603.0500000000011,67.78,3.489999999999995,-9.590000000000003,-0.33999999999999986,-603.0500000000011,3.489999999999995
96,10,57.05,72.26,74.08,7.43,0.84,8097.97,90.75,0,78,0,32.07,128,85,169.9,0,0,0,43.91,13.14,6.95,0.47999999999999954,0.907,-0.06700000000000006,8799.96,-701.9899999999989,67.78,4.480000000000004,-13.14,-0.47999999999999954,701.9899999999989,4.480000000000004
97,1,50.07,69.66,78.36,8.03,0.91,7561.87,89.78,0,80,1,29.04,133,70,204.7,1,0,0,50.07,0.0,8.03,0.0,0.91,0.0,7561.87,0.0,69.66,0.0,0.0,0.0,0.0,0.0
97,2,38.02,83.87,90.48,6.78,0.777,5866.29,72.48,0,80,1,29.04,133,70,204.7,1,0,0,50.07,-12.049999999999997,8.03,-1.2499999999999991,0.91,-0.133,7561.87,-1695.58,69.66,14.210000000000008,12.049999999999997,1.2499999999999991,1695.58,14.210000000000008
97,3,32.97,79.57,89.58,5.76,0.758,7441.31,82.85,0,80,1,29.04,133,70,204.7,1,0,0,50.07,-17.1,8.03,-2.2699999999999996,0.91,-0.15200000000000002,7561.87,-120.55999999999949,69.66,9.909999999999997,17.1,2.2699999999999996,120.55999999999949,9.909999999999997
97,4,32.27,88.97,93.71,5.19,0.705,2688.62,47.17,0,80,1,29.04,133,70,204.7,1,0,0,50.07,-17.799999999999997,8.03,-2.839999999999999,0.91,-0.20500000000000007,7561.87,-4873.25,69.66,19.310000000000002,17.799999999999997,2.839999999999999,4873.25,19.310000000000002
97,5,22.54,89.55,99.65,4.18,0.615,1527.49,35.37,0,80,1,29.04,133,70,204.7,1,0,0,50.07,-27.53,8.03,-3.8499999999999996,0.91,-0.29500000000000004,7561.87,-6034.38,69.66,19.89,27.53,3.8499999999999996,6034.38,19.89
97,6,19.15,98.28,105.79,3.95,0.546,3210.66,44.51,1,80,1,29.04,133,70,204.7,1,0,0,50.07,-30.92,8.03,-4.079999999999999,0.91,-0.364,7561.87,-4351.21,69.66,28.620000000000005,30.92,4.079999999999999,4351.21,28.620000000000005
97,7,36.14,79.87,91.85,6.04,0.75,5869.19,71.45,1,80,1,29.04,133,70,204.7,1,0,0,50.07,-13.93,8.03,-1.9899999999999993,0.91,-0.16000000000000003,7561.87,-1692.6800000000003,69.66,10.210000000000008,13.93,1.9899999999999993,1692.6800000000003,10.210000000000008
97,8,44.8,68.68,74.95,7.2,0.85,8723.52,95.59,0,80,1,29.04,133,70,204.7,1,0,0,50.07,-5.270000000000003,8.03,-0.8299999999999992,0.91,-0.06000000000000005,7561.87,1161.6500000000005,69.66,-0.9799999999999898,5.270000000000003,0.8299999999999992,-1161.6500000000005,-0.9799999999999898
97,9,45.17,73.97,85.77,7.33,0.907,8360.98,95.29,0,80,1,29.04,133,70,204.7,1,0,0,50.07,-4.899999999999999,8.03,-0.6999999999999993,0.91,-0.0030000000000000027,7561.87,799.1099999999997,69.66,4.310000000000002,4.899999999999999,0.6999999999999993,-799.1099999999997,4.310000000000002
97,10,47.57,68.48,75.71,7.11,0.898,9546.58,100.0,0,80,1,29.04,133,70,204.7,1,0,0,50.07,-2.5,8.03,-0.919999999999999,0.91,-0.01200000000000001,7561.87,1984.71,69.66,-1.1799999999999926,2.5,0.919999999999999,-1984.71,-1.1799999999999926
98,1,42.7,68.63,76.91,7.24,0.88,8532.38,95.43,0,81,1,25.3,139,85,231.2,1,0,0,42.7,0.0,7.24,0.0,0.88,0.0,8532.38,0.0,68.63,0.0,0.0,0.0,0.0,0.0
98,2,42.92,75.35,83.28,6.82,0.867,9679.09,100.0,0,81,1,25.3,139,85,231.2,1,0,0,42.7,0.21999999999999886,7.24,-0.41999999999999993,0.88,-0.013000000000000012,8532.38,1146.710000000001,68.63,6.719999999999999,-0.21999999999999886,0.41999999999999993,-1146.710000000001,6.719999999999999
98,3,44.91,74.84,85.14,6.17,0.806,8286.36,90.74,0,81,1,25.3,139,85,231.2,1,0,0,42.7,2.2099999999999937,7.24,-1.0700000000000003,0.88,-0.07399999999999995,8532.38,-246.01999999999862,68.63,6.210000000000008,-2.2099999999999937,1.0700000000000003,246.01999999999862,6.210000000000008
98,4,27.54,82.75,88.41,6.63,0.726,6336.82,73.78,0,81,1,25.3,139,85,231.2,1,0,0,42.7,-15.160000000000004,7.24,-0.6100000000000003,0.88,-0.15400000000000003,8532.38,-2195.5599999999995,68.63,14.120000000000005,15.160000000000004,0.6100000000000003,2195.5599999999995,14.120000000000005
98,5,26.44,84.05,89.78,5.64,0.698,3940.91,55.74,0,81,1,25.3,139,85,231.2,1,0,0,42.7,-16.26,7.24,-1.6000000000000005,0.88,-0.18200000000000005,8532.38,-4591.469999999999,68.63,15.420000000000002,16.26,1.6000000000000005,4591.469999999999,15.420000000000002
98,6,26.01,86.89,98.17,4.47,0.627,3451.4,49.43,0,81,1,25.3,139,85,231.2,1,0,0,42.7,-16.69,7.24,-2.7700000000000005,0.88,-0.253,8532.38,-5080.98,68.63,18.260000000000005,16.69,2.7700000000000005,5080.98,18.260000000000005
98,7,16.38,90.77,99.2,5.15,0.647,1210.3,34.42,0,81,1,25.3,139,85,231.2,1,0,0,42.7,-26.320000000000004,7.24,-2.09,0.88,-0.23299999999999998,8532.38,-7322.079999999999,68.63,22.14,26.320000000000004,2.09,7322.079999999999,22.14
98,8,22.2,93.54,99.19,3.75,0.57,4173.78,52.27,1,81,1,25.3,139,85,231.2,1,0,0,42.7,-20.500000000000004,7.24,-3.49,0.88,-0.31000000000000005,8532.38,-4358.599999999999,68.63,24.91000000000001,20.500000000000004,3.49,4358.599999999999,24.91000000000001
98,9,37.44,79.84,85.14,5.61,0.76,4656.01,63.28,1,81,1,25.3,139,85,231.2,1,0,0,42.7,-5.260000000000005,7.24,-1.63,0.88,-0.12,8532.38,-3876.369999999999,68.63,11.210000000000008,5.260000000000005,1.63,3876.369999999999,11.210000000000008
98,10,40.9,72.02,83.2,7.91,0.882,8320.33,94.01,0,81,1,25.3,139,85,231.2,1,0,0,42.7,-1.8000000000000043,7.24,0.6699999999999999,0.88,0.0020000000000000018,8532.38,-212.04999999999927,68.63,3.3900000000000006,1.8000000000000043,-0.6699999999999999,212.04999999999927,3.3900000000000006
99,1,41.59,65.81,73.82,7.36,0.919,9149.6,100.0,0,61,0,26.8,155,110,197.3,0,1,0,41.59,0.0,7.36,0.0,0.919,0.0,9149.6,0.0,65.81,0.0,0.0,0.0,0.0,0.0
99,2,37.98,73.7,80.53,6.75,0.812,6574.68,78.89,0,61,0,26.8,155,110,197.3,0,1,0,41.59,-3.6100000000000065,7.36,-0.6100000000000003,0.919,-0.10699999999999998,9149.6,-2574.92,65.81,7.890000000000001,3.6100000000000065,0.6100000000000003,2574.92,7.890000000000001
99,3,36.66,75.29,76.64,6.28,0.799,6097.68,75.0,0,61,0,26.8,155,110,197.3,0,1,0,41.59,-4.930000000000007,7.36,-1.08,0.919,-0.12,9149.6,-3051.92,65.81,9.480000000000004,4.930000000000007,1.08,3051.92,9.480000000000004
99,4,37.86,79.19,85.04,5.81,0.784,6552.76,77.62,0,61,0,26.8,155,110,197.3,0,1,0,41.59,-3.730000000000004,7.36,-1.5500000000000007,0.919,-0.135,9149.6,-2596.84,65.81,13.379999999999995,3.730000000000004,1.5500000000000007,2596.84,13.379999999999995
99,5,28.38,86.54,88.13,5.95,0.712,2195.59,43.99,0,61,0,26.8,155,110,197.3,0,1,0,41.59,-13.210000000000004,7.36,-1.4100000000000001,0.919,-0.20700000000000007,9149.6,-6954.01,65.81,20.730000000000004,13.210000000000004,1.4100000000000001,6954.01,20.730000000000004
99,6,22.11,81.07,84.12,4.94,0.712,4078.58,57.27,0,61,0,26.8,155,110,197.3,0,1,0,41.59,-19.480000000000004,7.36,-2.42,0.919,-0.20700000000000007,9149.6,-5071.02,65.81,15.259999999999991,19.480000000000004,2.42,5071.02,15.259999999999991
99,7,21.01,92.42,101.03,4.22,0.585,1200.0,31.89,0,61,0,26.8,155,110,197.3,0,1,0,41.59,-20.580000000000002,7.36,-3.1400000000000006,0.919,-0.3340000000000001,9149.6,-7949.6,65.81,26.61,20.580000000000002,3.1400000000000006,7949.6,26.61
99,8,16.0,93.5,99.73,4.56,0.57,1309.5,32.05,1,61,0,26.8,155,110,197.3,0,1,0,41.59,-25.590000000000003,7.36,-2.8000000000000007,0.919,-0.3490000000000001,9149.6,-7840.1,65.81,27.689999999999998,25.590000000000003,2.8000000000000007,7840.1,27.689999999999998
99,9,31.76,86.21,95.26,5.35,0.738,4389.72,60.5,1,61,0,26.8,155,110,197.3,0,1,0,41.59,-9.830000000000002,7.36,-2.0100000000000007,0.919,-0.18100000000000005,9149.6,-4759.88,65.81,20.39999999999999,9.830000000000002,2.0100000000000007,4759.88,20.39999999999999
99,10,48.81,69.27,78.23,7.22,0.901,10928.35,100.0,0,61,0,26.8,155,110,197.3,0,1,0,41.59,7.219999999999999,7.36,-0.14000000000000057,0.919,-0.018000000000000016,9149.6,1778.75,65.81,3.4599999999999937,-7.219999999999999,0.14000000000000057,-1778.75,3.4599999999999937
100,1,45.62,79.31,87.03,8.17,0.899,8530.03,96.18,0,54,1,34.35,124,89,214.8,0,0,1,45.62,0.0,8.17,0.0,0.899,0.0,8530.03,0.0,79.31,0.0,0.0,0.0,0.0,0.0
100,2,43.09,79.05,87.59,6.55,0.85,6261.27,78.2,0,54,1,34.35,124,89,214.8,0,0,1,45.62,-2.529999999999994,8.17,-1.62,0.899,-0.049000000000000044,8530.03,-2268.76,79.31,-0.2600000000000051,2.529999999999994,1.62,2268.76,-0.2600000000000051
100,3,39.41,81.16,92.19,6.03,0.796,4897.15,66.4,0,54,1,34.35,124,89,214.8,0,0,1,45.62,-6.210000000000001,8.17,-2.1399999999999997,0.899,-0.10299999999999998,8530.03,-3632.880000000001,79.31,1.8499999999999943,6.210000000000001,2.1399999999999997,3632.880000000001,1.8499999999999943
100,4,34.32,91.16,99.79,5.4,0.701,3285.62,51.25,0,54,1,34.35,124,89,214.8,0,0,1,45.62,-11.299999999999997,8.17,-2.7699999999999996,0.899,-0.19800000000000006,8530.03,-5244.410000000001,79.31,11.849999999999994,11.299999999999997,2.7699999999999996,5244.410000000001,11.849999999999994
100,5,22.34,96.46,107.21,4.73,0.64,4012.97,53.92,0,54,1,34.35,124,89,214.8,0,0,1,45.62,-23.279999999999998,8.17,-3.4399999999999995,0.899,-0.259,8530.03,-4517.060000000001,79.31,17.14999999999999,23.279999999999998,3.4399999999999995,4517.060000000001,17.14999999999999
100,6,16.0,97.94,104.97,3.64,0.578,3193.4,45.67,1,54,1,34.35,124,89,214.8,0,0,1,45.62,-29.619999999999997,8.17,-4.529999999999999,0.899,-0.32100000000000006,8530.03,-5336.630000000001,79.31,18.629999999999995,29.619999999999997,4.529999999999999,5336.630000000001,18.629999999999995
100,7,32.37,85.99,91.38,5.26,0.763,5962.54,72.6,1,54,1,34.35,124,89,214.8,0,0,1,45.62,-13.25,8.17,-2.91,0.899,-0.136,8530.03,-2567.4900000000007,79.31,6.679999999999993,13.25,2.91,2567.4900000000007,6.679999999999993
100,8,48.59,73.39,81.63,7.11,0.895,9106.94,100.0,0,54,1,34.35,124,89,214.8,0,0,1,45.62,2.970000000000006,8.17,-1.0599999999999996,0.899,-0.0040000000000000036,8530.03,576.9099999999999,79.31,-5.920000000000002,-2.970000000000006,1.0599999999999996,-576.9099999999999,-5.920000000000002
100,9,43.48,74.44,80.37,7.0,0.903,7161.28,86.67,0,54,1,34.35,124,89,214.8,0,0,1,45.62,-2.1400000000000006,8.17,-1.17,0.899,0.0040000000000000036,8530.03,-1368.750000000001,79.31,-4.8700000000000045,2.1400000000000006,1.17,1368.750000000001,-4.8700000000000045
100,10,47.06,74.58,78.12,7.31,0.876,7752.22,89.76,0,54,1,34.35,124,89,214.8,0,0,1,45.62,1.4400000000000048,8.17,-0.8600000000000003,0.899,-0.02300000000000002,8530.03,-777.8100000000004,79.31,-4.730000000000004,-1.4400000000000048,0.8600000000000003,777.8100000000004,-4.730000000000004
101,1,42.29,66.16,71.81,7.49,0.921,9371.53,100.0,0,73,1,23.09,137,60,197.1,1,1,0,42.29,0.0,7.49,0.0,0.921,0.0,9371.53,0.0,66.16,0.0,0.0,0.0,0.0,0.0
101,2,43.98,74.74,80.85,7.49,0.826,7327.57,84.75,0,73,1,23.09,137,60,197.1,1,1,0,42.29,1.6899999999999977,7.49,0.0,0.921,-0.09500000000000008,9371.53,-2043.960000000001,66.16,8.579999999999998,-1.6899999999999977,0.0,2043.960000000001,8.579999999999998
101,3,28.75,77.9,82.46,5.86,0.777,7129.64,81.41,0,73,1,23.09,137,60,197.1,1,1,0,42.29,-13.54,7.49,-1.63,0.921,-0.14400000000000002,9371.53,-2241.8900000000003,66.16,11.740000000000009,13.54,1.63,2241.8900000000003,11.740000000000009
101,4,29.2,81.9,91.33,4.74,0.645,5411.14,63.98,0,73,1,23.09,137,60,197.1,1,1,0,42.29,-13.09,7.49,-2.75,0.921,-0.276,9371.53,-3960.3900000000003,66.16,15.740000000000009,13.09,2.75,3960.3900000000003,15.740000000000009
101,5,16.21,90.18,96.25,5.14,0.645,3649.89,51.56,0,73,1,23.09,137,60,197.1,1,1,0,42.29,-26.08,7.49,-2.3500000000000005,0.921,-0.276,9371.53,-5721.640000000001,66.16,24.02000000000001,26.08,2.3500000000000005,5721.640000000001,24.02000000000001
101,6,16.0,98.94,110.1,4.37,0.551,3931.66,49.78,1,73,1,23.09,137,60,197.1,1,1,0,42.29,-26.29,7.49,-3.12,0.921,-0.37,9371.53,-5439.870000000001,66.16,32.78,26.29,3.12,5439.870000000001,32.78
101,7,28.38,81.69,91.12,5.62,0.751,5206.55,66.78,1,73,1,23.09,137,60,197.1,1,1,0,42.29,-13.91,7.49,-1.87,0.921,-0.17000000000000004,9371.53,-4164.9800000000005,66.16,15.530000000000001,13.91,1.87,4164.9800000000005,15.530000000000001
101,8,50.6,69.4,75.14,7.83,0.898,8309.31,94.58,0,73,1,23.09,137,60,197.1,1,1,0,42.29,8.310000000000002,7.49,0.33999999999999986,0.921,-0.02300000000000002,9371.53,-1062.2200000000012,66.16,3.240000000000009,-8.310000000000002,-0.33999999999999986,1062.2200000000012,3.240000000000009
101,9,38.7,63.74,75.55,6.65,0.853,9032.73,97.88,0,73,1,23.09,137,60,197.1,1,1,0,42.29,-3.5899999999999963,7.49,-0.8399999999999999,0.921,-0.06800000000000006,9371.53,-338.8000000000011,66.16,-2.4199999999999946,3.5899999999999963,0.8399999999999999,338.8000000000011,-2.4199999999999946
101,10,46.28,66.74,74.73,7.28,0.828,7685.24,87.37,0,73,1,23.09,137,60,197.1,1,1,0,42.29,3.990000000000002,7.49,-0.20999999999999996,0.921,-0.09300000000000008,9371.53,-1686.2900000000009,66.16,0.5799999999999983,-3.990000000000002,0.20999999999999996,1686.2900000000009,0.5799999999999983
102,1,47.15,65.86,69.44,6.82,0.835,7426.82,85.82,0,50,0,29.45,136,71,243.1,1,1,0,47.15,0.0,6.82,0.0,0.835,0.0,7426.82,0.0,65.86,0.0,0.0,0.0,0.0,0.0
102,2,46.42,71.98,76.48,6.34,0.804,8514.25,92.25,0,50,0,29.45,136,71,243.1,1,1,0,47.15,-0.7299999999999969,6.82,-0.4800000000000004,0.835,-0.030999999999999917,7426.82,1087.4300000000003,65.86,6.1200000000000045,0.7299999999999969,0.4800000000000004,-1087.4300000000003,6.1200000000000045
102,3,30.34,85.22,91.61,5.97,0.758,5206.94,67.08,0,50,0,29.45,136,71,243.1,1,1,0,47.15,-16.81,6.82,-0.8500000000000005,0.835,-0.07699999999999996,7426.82,-2219.88,65.86,19.36,16.81,0.8500000000000005,2219.88,19.36
102,4,23.16,89.68,94.83,5.09,0.637,5741.05,66.02,0,50,0,29.45,136,71,243.1,1,1,0,47.15,-23.99,6.82,-1.7300000000000004,0.835,-0.19799999999999995,7426.82,-1685.7699999999995,65.86,23.820000000000007,23.99,1.7300000000000004,1685.7699999999995,23.820000000000007
102,5,22.76,92.22,103.36,4.36,0.56,3117.84,44.42,1,50,0,29.45,136,71,243.1,1,1,0,47.15,-24.389999999999997,6.82,-2.46,0.835,-0.2749999999999999,7426.82,-4308.98,65.86,26.36,24.389999999999997,2.46,4308.98,26.36
102,6,36.05,84.75,92.56,6.86,0.723,6164.28,72.44,1,50,0,29.45,136,71,243.1,1,1,0,47.15,-11.100000000000001,6.82,0.040000000000000036,0.835,-0.11199999999999999,7426.82,-1262.54,65.86,18.89,11.100000000000001,-0.040000000000000036,1262.54,18.89
102,7,48.92,69.81,81.24,8.18,0.902,7765.92,90.88,0,50,0,29.45,136,71,243.1,1,1,0,47.15,1.7700000000000031,6.82,1.3599999999999994,0.835,0.06700000000000006,7426.82,339.10000000000036,65.86,3.950000000000003,-1.7700000000000031,-1.3599999999999994,-339.10000000000036,3.950000000000003
102,8,51.81,72.29,76.8,7.56,0.887,9078.45,99.56,0,50,0,29.45,136,71,243.1,1,1,0,47.15,4.660000000000004,6.82,0.7399999999999993,0.835,0.052000000000000046,7426.82,1651.630000000001,65.86,6.430000000000007,-4.660000000000004,-0.7399999999999993,-1651.630000000001,6.430000000000007
102,9,48.98,69.63,77.29,7.37,0.863,9141.01,99.05,0,50,0,29.45,136,71,243.1,1,1,0,47.15,1.8299999999999983,6.82,0.5499999999999998,0.835,0.028000000000000025,7426.82,1714.1900000000005,65.86,3.769999999999996,-1.8299999999999983,-0.5499999999999998,-1714.1900000000005,3.769999999999996
102,10,56.11,72.04,79.43,7.42,0.873,7115.4,85.16,0,50,0,29.45,136,71,243.1,1,1,0,47.15,8.96,6.82,0.5999999999999996,0.835,0.038000000000000034,7426.82,-311.4200000000001,65.86,6.180000000000007,-8.96,-0.5999999999999996,311.4200000000001,6.180000000000007
103,1,52.3,71.66,82.39,7.36,0.834,7673.96,87.54,0,69,0,26.38,147,71,183.4,1,0,1,52.3,0.0,7.36,0.0,0.834,0.0,7673.96,0.0,71.66,0.0,0.0,0.0,0.0,0.0
103,2,33.66,76.45,88.0,6.98,0.812,5435.79,70.84,0,69,0,26.38,147,71,183.4,1,0,1,52.3,-18.64,7.36,-0.3799999999999999,0.834,-0.02199999999999991,7673.96,-2238.17,71.66,4.790000000000006,18.64,0.3799999999999999,2238.17,4.790000000000006
103,3,28.79,82.19,91.39,5.89,0.74,5176.1,66.13,0,69,0,26.38,147,71,183.4,1,0,1,52.3,-23.509999999999998,7.36,-1.4700000000000006,0.834,-0.09399999999999997,7673.96,-2497.8599999999997,71.66,10.530000000000001,23.509999999999998,1.4700000000000006,2497.8599999999997,10.530000000000001
103,4,21.07,89.4,98.51,4.98,0.613,3866.65,51.82,0,69,0,26.38,147,71,183.4,1,0,1,52.3,-31.229999999999997,7.36,-2.38,0.834,-0.22099999999999997,7673.96,-3807.31,71.66,17.74000000000001,31.229999999999997,2.38,3807.31,17.74000000000001
103,5,16.0,95.12,103.57,4.48,0.641,2005.5,39.81,1,69,0,26.38,147,71,183.4,1,0,1,52.3,-36.3,7.36,-2.88,0.834,-0.19299999999999995,7673.96,-5668.46,71.66,23.460000000000008,36.3,2.88,5668.46,23.460000000000008
103,6,32.79,81.36,87.55,5.54,0.686,4441.62,58.81,1,69,0,26.38,147,71,183.4,1,0,1,52.3,-19.509999999999998,7.36,-1.8200000000000003,0.834,-0.1479999999999999,7673.96,-3232.34,71.66,9.700000000000003,19.509999999999998,1.8200000000000003,3232.34,9.700000000000003
103,7,42.85,73.39,80.24,7.36,0.863,7841.52,89.85,0,69,0,26.38,147,71,183.4,1,0,1,52.3,-9.449999999999996,7.36,0.0,0.834,0.029000000000000026,7673.96,167.5600000000004,71.66,1.730000000000004,9.449999999999996,0.0,-167.5600000000004,1.730000000000004
103,8,40.09,73.31,83.62,7.32,0.936,8696.62,98.83,0,69,0,26.38,147,71,183.4,1,0,1,52.3,-12.209999999999994,7.36,-0.040000000000000036,0.834,0.10200000000000009,7673.96,1022.6600000000008,71.66,1.6500000000000057,12.209999999999994,0.040000000000000036,-1022.6600000000008,1.6500000000000057
103,9,51.44,72.09,83.45,7.37,0.867,7520.12,87.76,0,69,0,26.38,147,71,183.4,1,0,1,52.3,-0.8599999999999994,7.36,0.009999999999999787,0.834,0.03300000000000003,7673.96,-153.84000000000015,71.66,0.4300000000000068,0.8599999999999994,-0.009999999999999787,153.84000000000015,0.4300000000000068
103,10,47.75,72.02,81.48,7.14,0.896,7884.84,91.51,0,69,0,26.38,147,71,183.4,1,0,1,52.3,-4.549999999999997,7.36,-0.22000000000000064,0.834,0.062000000000000055,7673.96,210.8800000000001,71.66,0.35999999999999943,4.549999999999997,0.22000000000000064,-210.8800000000001,0.35999999999999943
104,1,47.9,72.92,83.94,7.35,0.864,7694.95,88.88,0,28,0,32.35,140,91,169.2,1,0,1,47.9,0.0,7.35,0.0,0.864,0.0,7694.95,0.0,72.92,0.0,0.0,0.0,0.0,0.0
104,2,44.65,83.24,94.17,6.93,0.855,6994.8,83.58,0,28,0,32.35,140,91,169.2,1,0,1,47.9,-3.25,7.35,-0.41999999999999993,0.864,-0.009000000000000008,7694.95,-700.1499999999996,72.92,10.319999999999993,3.25,0.41999999999999993,700.1499999999996,10.319999999999993
104,3,37.2,79.78,88.93,6.9,0.82,5444.31,71.24,0,28,0,32.35,140,91,169.2,1,0,1,47.9,-10.699999999999996,7.35,-0.4499999999999993,0.864,-0.04400000000000004,7694.95,-2250.6399999999994,72.92,6.859999999999999,10.699999999999996,0.4499999999999993,2250.6399999999994,6.859999999999999
104,4,34.9,88.45,94.18,5.62,0.764,5334.07,68.22,0,28,0,32.35,140,91,169.2,1,0,1,47.9,-13.0,7.35,-1.7299999999999995,0.864,-0.09999999999999998,7694.95,-2360.88,72.92,15.530000000000001,13.0,1.7299999999999995,2360.88,15.530000000000001
104,5,29.27,87.91,95.86,5.04,0.714,4615.87,61.16,0,28,0,32.35,140,91,169.2,1,0,1,47.9,-18.63,7.35,-2.3099999999999996,0.864,-0.15000000000000002,7694.95,-3079.08,72.92,14.989999999999995,18.63,2.3099999999999996,3079.08,14.989999999999995
104,6,20.95,96.52,103.76,5.02,0.625,4178.72,54.51,0,28,0,32.35,140,91,169.2,1,0,1,47.9,-26.95,7.35,-2.33,0.864,-0.239,7694.95,-3516.2299999999996,72.92,23.599999999999994,26.95,2.33,3516.2299999999996,23.599999999999994
104,7,16.0,92.95,104.21,3.94,0.58,1200.0,31.69,1,28,0,32.35,140,91,169.2,1,0,1,47.9,-31.9,7.35,-3.4099999999999997,0.864,-0.28400000000000003,7694.95,-6494.95,72.92,20.03,31.9,3.4099999999999997,6494.95,20.03
104,8,35.83,82.21,92.26,5.85,0.736,5733.04,69.9,1,28,0,32.35,140,91,169.2,1,0,1,47.9,-12.07,7.35,-1.5,0.864,-0.128,7694.95,-1961.9099999999999,72.92,9.289999999999992,12.07,1.5,1961.9099999999999,9.289999999999992
104,9,47.49,76.45,86.24,7.17,0.867,10020.03,100.0,0,28,0,32.35,140,91,169.2,1,0,1,47.9,-0.4099999999999966,7.35,-0.17999999999999972,0.864,0.0030000000000000027,7694.95,2325.080000000001,72.92,3.530000000000001,0.4099999999999966,0.17999999999999972,-2325.080000000001,3.530000000000001
104,10,47.85,72.78,76.63,7.82,0.913,9462.38,100.0,0,28,0,32.35,140,91,169.2,1,0,1,47.9,-0.04999999999999716,7.35,0.47000000000000064,0.864,0.049000000000000044,7694.95,1767.4299999999994,72.92,-0.14000000000000057,0.04999999999999716,-0.47000000000000064,-1767.4299999999994,-0.14000000000000057
105,1,47.47,71.19,77.72,6.83,0.87,9048.46,98.67,0,58,1,27.59,127,74,222.7,1,1,0,47.47,0.0,6.83,0.0,0.87,0.0,9048.46,0.0,71.19,0.0,0.0,0.0,0.0,0.0
105,2,40.38,71.7,76.79,7.26,0.835,7269.5,84.7,0,58,1,27.59,127,74,222.7,1,1,0,47.47,-7.089999999999996,6.83,0.4299999999999997,0.87,-0.03500000000000003,9048.46,-1778.9599999999991,71.19,0.5100000000000051,7.089999999999996,-0.4299999999999997,1778.9599999999991,0.5100000000000051
105,3,36.48,77.37,82.13,6.51,0.761,6957.88,79.55,0,58,1,27.59,127,74,222.7,1,1,0,47.47,-10.990000000000002,6.83,-0.3200000000000003,0.87,-0.10899999999999999,9048.46,-2090.579999999999,71.19,6.180000000000007,10.990000000000002,0.3200000000000003,2090.579999999999,6.180000000000007
105,4,31.45,79.16,88.27,5.37,0.747,4662.24,62.8,0,58,1,27.59,127,74,222.7,1,1,0,47.47,-16.02,6.83,-1.46,0.87,-0.123,9048.46,-4386.219999999999,71.19,7.969999999999999,16.02,1.46,4386.219999999999,7.969999999999999
105,5,28.2,86.73,99.76,5.38,0.679,5265.8,64.33,0,58,1,27.59,127,74,222.7,1,1,0,47.47,-19.27,6.83,-1.4500000000000002,0.87,-0.19099999999999995,9048.46,-3782.659999999999,71.19,15.540000000000006,19.27,1.4500000000000002,3782.659999999999,15.540000000000006
105,6,23.48,91.73,101.81,5.18,0.621,3349.17,48.48,0,58,1,27.59,127,74,222.7,1,1,0,47.47,-23.99,6.83,-1.6500000000000004,0.87,-0.249,9048.46,-5699.289999999999,71.19,20.540000000000006,23.99,1.6500000000000004,5699.289999999999,20.540000000000006
105,7,19.7,95.66,101.02,3.9,0.559,1200.0,30.82,1,58,1,27.59,127,74,222.7,1,1,0,47.47,-27.77,6.83,-2.93,0.87,-0.31099999999999994,9048.46,-7848.459999999999,71.19,24.47,27.77,2.93,7848.459999999999,24.47
105,8,28.21,78.94,86.94,5.88,0.734,6355.12,74.22,1,58,1,27.59,127,74,222.7,1,1,0,47.47,-19.259999999999998,6.83,-0.9500000000000002,0.87,-0.136,9048.46,-2693.3399999999992,71.19,7.75,19.259999999999998,0.9500000000000002,2693.3399999999992,7.75
105,9,46.66,69.55,76.32,7.66,0.877,6487.73,80.87,0,58,1,27.59,127,74,222.7,1,1,0,47.47,-0.8100000000000023,6.83,0.8300000000000001,0.87,0.007000000000000006,9048.46,-2560.7299999999996,71.19,-1.6400000000000006,0.8100000000000023,-0.8300000000000001,2560.7299999999996,-1.6400000000000006
105,10,47.37,69.3,71.95,7.69,0.869,6983.66,84.07,0,58,1,27.59,127,74,222.7,1,1,0,47.47,-0.10000000000000142,6.83,0.8600000000000003,0.87,-0.0010000000000000009,9048.46,-2064.7999999999993,71.19,-1.8900000000000006,0.10000000000000142,-0.8600000000000003,2064.7999999999993,-1.8900000000000006
106,1,47.77,67.24,77.02,7.37,0.878,7797.55,90.16,0,62,1,30.5,131,69,168.2,0,1,0,47.77,0.0,7.37,0.0,0.878,0.0,7797.55,0.0,67.24,0.0,0.0,0.0,0.0,0.0
106,2,42.99,76.76,85.5,7.07,0.869,8689.62,96.11,0,62,1,30.5,131,69,168.2,0,1,0,47.77,-4.780000000000001,7.37,-0.2999999999999998,0.878,-0.009000000000000008,7797.55,892.0700000000006,67.24,9.52000000000001,4.780000000000001,0.2999999999999998,-892.0700000000006,9.52000000000001
106,3,40.71,76.93,86.39,5.98,0.853,8501.95,94.13,0,62,1,30.5,131,69,168.2,0,1,0,47.77,-7.060000000000002,7.37,-1.3899999999999997,0.878,-0.025000000000000022,7797.55,704.4000000000005,67.24,9.690000000000012,7.060000000000002,1.3899999999999997,-704.4000000000005,9.690000000000012
106,4,32.91,91.67,97.65,5.94,0.727,5715.43,69.42,0,62,1,30.5,131,69,168.2,0,1,0,47.77,-14.860000000000007,7.37,-1.4299999999999997,0.878,-0.15100000000000002,7797.55,-2082.12,67.24,24.430000000000007,14.860000000000007,1.4299999999999997,2082.12,24.430000000000007
106,5,24.72,81.99,94.79,5.55,0.726,3535.66,53.99,0,62,1,30.5,131,69,168.2,0,1,0,47.77,-23.050000000000004,7.37,-1.8200000000000003,0.878,-0.15200000000000002,7797.55,-4261.89,67.24,14.75,23.050000000000004,1.8200000000000003,4261.89,14.75
106,6,22.91,87.56,98.47,5.69,0.686,3897.94,54.96,0,62,1,30.5,131,69,168.2,0,1,0,47.77,-24.860000000000003,7.37,-1.6799999999999997,0.878,-0.19199999999999995,7797.55,-3899.61,67.24,20.320000000000007,24.860000000000003,1.6799999999999997,3899.61,20.320000000000007
106,7,18.65,90.8,95.29,4.64,0.59,2930.01,44.29,0,62,1,30.5,131,69,168.2,0,1,0,47.77,-29.120000000000005,7.37,-2.7300000000000004,0.878,-0.28800000000000003,7797.55,-4867.54,67.24,23.560000000000002,29.120000000000005,2.7300000000000004,4867.54,23.560000000000002
106,8,16.0,93.78,101.07,3.84,0.535,3376.88,45.26,1,62,1,30.5,131,69,168.2,0,1,0,47.77,-31.770000000000003,7.37,-3.5300000000000002,0.878,-0.34299999999999997,7797.55,-4420.67,67.24,26.540000000000006,31.770000000000003,3.5300000000000002,4420.67,26.540000000000006
106,9,32.33,82.04,90.79,5.77,0.739,6029.97,72.12,1,62,1,30.5,131,69,168.2,0,1,0,47.77,-15.440000000000005,7.37,-1.6000000000000005,0.878,-0.139,7797.55,-1767.58,67.24,14.800000000000011,15.440000000000005,1.6000000000000005,1767.58,14.800000000000011
106,10,47.2,73.78,83.79,7.56,0.893,9521.72,100.0,0,62,1,30.5,131,69,168.2,0,1,0,47.77,-0.5700000000000003,7.37,0.1899999999999995,0.878,0.015000000000000013,7797.55,1724.1699999999992,67.24,6.540000000000006,0.5700000000000003,-0.1899999999999995,-1724.1699999999992,6.540000000000006
107,1,54.37,68.69,75.29,7.04,0.913,6995.64,85.89,0,52,1,27.04,157,86,241.6,1,0,0,54.37,0.0,7.04,0.0,0.913,0.0,6995.64,0.0,68.69,0.0,0.0,0.0,0.0,0.0
107,2,49.92,66.83,73.5,7.17,0.862,5777.84,75.28,0,52,1,27.04,157,86,241.6,1,0,0,54.37,-4.449999999999996,7.04,0.1299999999999999,0.913,-0.051000000000000045,6995.64,-1217.8000000000002,68.69,-1.8599999999999994,4.449999999999996,-0.1299999999999999,1217.8000000000002,-1.8599999999999994
107,3,41.72,74.13,80.68,6.46,0.838,6175.57,77.13,0,52,1,27.04,157,86,241.6,1,0,0,54.37,-12.649999999999999,7.04,-0.5800000000000001,0.913,-0.07500000000000007,6995.64,-820.0700000000006,68.69,5.439999999999998,12.649999999999999,0.5800000000000001,820.0700000000006,5.439999999999998
107,4,37.44,78.53,81.74,6.65,0.788,4617.52,64.11,0,52,1,27.04,157,86,241.6,1,0,0,54.37,-16.93,7.04,-0.3899999999999997,0.913,-0.125,6995.64,-2378.12,68.69,9.840000000000003,16.93,0.3899999999999997,2378.12,9.840000000000003
107,5,34.62,84.53,90.82,5.85,0.683,4563.78,59.53,0,52,1,27.04,157,86,241.6,1,0,0,54.37,-19.75,7.04,-1.1900000000000004,0.913,-0.22999999999999998,6995.64,-2431.8600000000006,68.69,15.840000000000003,19.75,1.1900000000000004,2431.8600000000006,15.840000000000003
107,6,33.18,88.91,94.76,5.34,0.685,2263.73,43.37,0,52,1,27.04,157,86,241.6,1,0,0,54.37,-21.189999999999998,7.04,-1.7000000000000002,0.913,-0.22799999999999998,6995.64,-4731.91,68.69,20.22,21.189999999999998,1.7000000000000002,4731.91,20.22
107,7,20.16,90.71,100.68,5.13,0.614,3780.21,51.24,0,52,1,27.04,157,86,241.6,1,0,0,54.37,-34.209999999999994,7.04,-1.9100000000000001,0.913,-0.29900000000000004,6995.64,-3215.4300000000003,68.69,22.019999999999996,34.209999999999994,1.9100000000000001,3215.4300000000003,22.019999999999996
107,8,24.71,93.75,100.64,4.36,0.576,2462.69,40.42,1,52,1,27.04,157,86,241.6,1,0,0,54.37,-29.659999999999997,7.04,-2.6799999999999997,0.913,-0.3370000000000001,6995.64,-4532.950000000001,68.69,25.060000000000002,29.659999999999997,2.6799999999999997,4532.950000000001,25.060000000000002
107,9,41.67,80.03,85.67,5.54,0.768,5419.59,68.96,1,52,1,27.04,157,86,241.6,1,0,0,54.37,-12.699999999999996,7.04,-1.5,0.913,-0.14500000000000002,6995.64,-1576.0500000000002,68.69,11.340000000000003,12.699999999999996,1.5,1576.0500000000002,11.340000000000003
107,10,47.91,68.52,76.82,7.22,0.842,6608.59,80.32,0,52,1,27.04,157,86,241.6,1,0,0,54.37,-6.460000000000001,7.04,0.17999999999999972,0.913,-0.07100000000000006,6995.64,-387.0500000000002,68.69,-0.1700000000000017,6.460000000000001,-0.17999999999999972,387.0500000000002,-0.1700000000000017
108,1,53.81,73.37,77.45,7.56,0.869,8829.79,97.07,0,42,1,33.33,150,79,184.4,1,1,0,53.81,0.0,7.56,0.0,0.869,0.0,8829.79,0.0,73.37,0.0,0.0,0.0,0.0,0.0
108,2,45.31,72.09,81.6,7.57,0.854,6743.26,81.74,0,42,1,33.33,150,79,184.4,1,1,0,53.81,-8.5,7.56,0.010000000000000675,0.869,-0.015000000000000013,8829.79,-2086.5300000000007,73.37,-1.2800000000000011,8.5,-0.010000000000000675,2086.5300000000007,-1.2800000000000011
108,3,42.65,79.57,85.92,6.35,0.775,7709.57,85.42,0,42,1,33.33,150,79,184.4,1,1,0,53.81,-11.160000000000004,7.56,-1.21,0.869,-0.09399999999999997,8829.79,-1120.2200000000012,73.37,6.199999999999989,11.160000000000004,1.21,1120.2200000000012,6.199999999999989
108,4,36.28,78.71,86.96,6.06,0.754,6204.82,73.96,0,42,1,33.33,150,79,184.4,1,1,0,53.81,-17.53,7.56,-1.5,0.869,-0.11499999999999999,8829.79,-2624.970000000001,73.37,5.339999999999989,17.53,1.5,2624.970000000001,5.339999999999989
108,5,33.91,87.83,97.16,5.27,0.732,5291.19,66.65,0,42,1,33.33,150,79,184.4,1,1,0,53.81,-19.900000000000006,7.56,-2.29,0.869,-0.137,8829.79,-3538.6000000000013,73.37,14.459999999999994,19.900000000000006,2.29,3538.6000000000013,14.459999999999994
108,6,26.33,91.76,100.28,4.95,0.638,3145.23,47.73,0,42,1,33.33,150,79,184.4,1,1,0,53.81,-27.480000000000004,7.56,-2.6099999999999994,0.869,-0.23099999999999998,8829.79,-5684.560000000001,73.37,18.39,27.480000000000004,2.6099999999999994,5684.560000000001,18.39
108,7,27.81,89.74,96.33,4.43,0.621,2953.0,45.68,0,42,1,33.33,150,79,184.4,1,1,0,53.81,-26.000000000000004,7.56,-3.13,0.869,-0.248,8829.79,-5876.790000000001,73.37,16.36999999999999,26.000000000000004,3.13,5876.790000000001,16.36999999999999
108,8,16.4,98.05,108.12,3.89,0.585,3651.19,49.16,1,42,1,33.33,150,79,184.4,1,1,0,53.81,-37.410000000000004,7.56,-3.6699999999999995,0.869,-0.28400000000000003,8829.79,-5178.6,73.37,24.679999999999993,37.410000000000004,3.6699999999999995,5178.6,24.679999999999993
108,9,37.12,84.62,89.78,5.84,0.662,4509.84,58.32,1,42,1,33.33,150,79,184.4,1,1,0,53.81,-16.690000000000005,7.56,-1.7199999999999998,0.869,-0.20699999999999996,8829.79,-4319.950000000001,73.37,11.25,16.690000000000005,1.7199999999999998,4319.950000000001,11.25
108,10,48.49,74.0,81.53,7.25,0.914,10098.94,100.0,0,42,1,33.33,150,79,184.4,1,1,0,53.81,-5.32,7.56,-0.3099999999999996,0.869,0.04500000000000004,8829.79,1269.1499999999996,73.37,0.6299999999999955,5.32,0.3099999999999996,-1269.1499999999996,0.6299999999999955
109,1,45.74,76.7,80.41,7.6,0.859,9536.47,100.0,0,56,0,28.27,116,84,131.0,0,0,1,45.74,0.0,7.6,0.0,0.859,0.0,9536.47,0.0,76.7,0.0,0.0,0.0,0.0,0.0
109,2,45.61,73.6,83.63,6.53,0.799,7240.98,83.07,0,56,0,28.27,116,84,131.0,0,0,1,45.74,-0.13000000000000256,7.6,-1.0699999999999994,0.859,-0.05999999999999994,9536.47,-2295.49,76.7,-3.1000000000000085,0.13000000000000256,1.0699999999999994,2295.49,-3.1000000000000085
109,3,41.2,84.36,96.4,6.1,0.771,6086.3,73.79,0,56,0,28.27,116,84,131.0,0,0,1,45.74,-4.539999999999999,7.6,-1.5,0.859,-0.08799999999999997,9536.47,-3450.169999999999,76.7,7.659999999999997,4.539999999999999,1.5,3450.169999999999,7.659999999999997
109,4,32.36,89.3,95.6,5.92,0.742,3568.59,54.85,0,56,0,28.27,116,84,131.0,0,0,1,45.74,-13.380000000000003,7.6,-1.6799999999999997,0.859,-0.11699999999999999,9536.47,-5967.879999999999,76.7,12.599999999999994,13.380000000000003,1.6799999999999997,5967.879999999999,12.599999999999994
109,5,29.54,84.88,93.3,5.73,0.712,3236.57,51.35,0,56,0,28.27,116,84,131.0,0,0,1,45.74,-16.200000000000003,7.6,-1.8699999999999992,0.859,-0.14700000000000002,9536.47,-6299.9,76.7,8.179999999999993,16.200000000000003,1.8699999999999992,6299.9,8.179999999999993
109,6,21.44,93.36,104.12,4.55,0.578,2886.26,43.48,0,56,0,28.27,116,84,131.0,0,0,1,45.74,-24.3,7.6,-3.05,0.859,-0.281,9536.47,-6650.209999999999,76.7,16.659999999999997,24.3,3.05,6650.209999999999,16.659999999999997
109,7,22.94,97.08,105.38,4.18,0.54,3340.32,45.19,1,56,0,28.27,116,84,131.0,0,0,1,45.74,-22.8,7.6,-3.42,0.859,-0.31899999999999995,9536.47,-6196.15,76.7,20.379999999999995,22.8,3.42,6196.15,20.379999999999995
109,8,33.66,86.86,96.95,5.5,0.726,6966.6,78.21,1,56,0,28.27,116,84,131.0,0,0,1,45.74,-12.080000000000005,7.6,-2.0999999999999996,0.859,-0.133,9536.47,-2569.869999999999,76.7,10.159999999999997,12.080000000000005,2.0999999999999996,2569.869999999999,10.159999999999997
109,9,49.73,74.42,82.57,7.24,0.927,8140.13,94.55,0,56,0,28.27,116,84,131.0,0,0,1,45.74,3.989999999999995,7.6,-0.35999999999999943,0.859,0.06800000000000006,9536.47,-1396.3399999999992,76.7,-2.280000000000001,-3.989999999999995,0.35999999999999943,1396.3399999999992,-2.280000000000001
109,10,48.56,74.61,79.51,7.2,0.926,8564.98,97.5,0,56,0,28.27,116,84,131.0,0,0,1,45.74,2.8200000000000003,7.6,-0.39999999999999947,0.859,0.06700000000000006,9536.47,-971.4899999999998,76.7,-2.0900000000000034,-2.8200000000000003,0.39999999999999947,971.4899999999998,-2.0900000000000034
110,1,51.0,70.88,83.81,6.66,0.873,7575.67,88.39,0,46,1,26.37,112,73,176.8,0,1,0,51.0,0.0,6.66,0.0,0.873,0.0,7575.67,0.0,70.88,0.0,0.0,0.0,0.0,0.0
110,2,38.06,76.53,89.18,6.11,0.762,6722.51,77.94,0,46,1,26.37,112,73,176.8,0,1,0,51.0,-12.939999999999998,6.66,-0.5499999999999998,0.873,-0.11099999999999999,7575.67,-853.1599999999999,70.88,5.650000000000006,12.939999999999998,0.5499999999999998,853.1599999999999,5.650000000000006
110,3,30.12,88.0,97.6,4.92,0.659,5452.95,64.87,0,46,1,26.37,112,73,176.8,0,1,0,51.0,-20.88,6.66,-1.7400000000000002,0.873,-0.21399999999999997,7575.67,-2122.7200000000003,70.88,17.120000000000005,20.88,1.7400000000000002,2122.7200000000003,17.120000000000005
110,4,19.43,88.9,94.26,3.68,0.549,2898.41,42.4,1,46,1,26.37,112,73,176.8,0,1,0,51.0,-31.57,6.66,-2.98,0.873,-0.32399999999999995,7575.67,-4677.26,70.88,18.02000000000001,31.57,2.98,4677.26,18.02000000000001
110,5,35.85,84.52,91.09,6.42,0.702,5538.02,67.17,1,46,1,26.37,112,73,176.8,0,1,0,51.0,-15.149999999999999,6.66,-0.2400000000000002,0.873,-0.17100000000000004,7575.67,-2037.6499999999996,70.88,13.64,15.149999999999999,0.2400000000000002,2037.6499999999996,13.64
110,6,47.49,72.81,80.55,7.09,0.904,8156.53,93.75,0,46,1,26.37,112,73,176.8,0,1,0,51.0,-3.509999999999998,6.66,0.4299999999999997,0.873,0.031000000000000028,7575.67,580.8599999999997,70.88,1.9300000000000068,3.509999999999998,-0.4299999999999997,-580.8599999999997,1.9300000000000068
110,7,53.53,72.6,83.76,7.65,0.878,7806.65,90.23,0,46,1,26.37,112,73,176.8,0,1,0,51.0,2.530000000000001,6.66,0.9900000000000002,0.873,0.0050000000000000044,7575.67,230.97999999999956,70.88,1.7199999999999989,-2.530000000000001,-0.9900000000000002,-230.97999999999956,1.7199999999999989
110,8,52.18,71.43,79.99,7.34,0.907,7590.51,89.87,0,46,1,26.37,112,73,176.8,0,1,0,51.0,1.1799999999999997,6.66,0.6799999999999997,0.873,0.03400000000000003,7575.67,14.840000000000146,70.88,0.5500000000000114,-1.1799999999999997,-0.6799999999999997,-14.840000000000146,0.5500000000000114
110,9,50.37,70.98,75.65,6.86,0.922,9053.56,100.0,0,46,1,26.37,112,73,176.8,0,1,0,51.0,-0.6300000000000026,6.66,0.20000000000000018,0.873,0.049000000000000044,7575.67,1477.8899999999994,70.88,0.10000000000000853,0.6300000000000026,-0.20000000000000018,-1477.8899999999994,0.10000000000000853
110,10,52.08,71.13,73.88,7.61,0.874,8037.09,91.7,0,46,1,26.37,112,73,176.8,0,1,0,51.0,1.0799999999999983,6.66,0.9500000000000002,0.873,0.0010000000000000009,7575.67,461.4200000000001,70.88,0.25,-1.0799999999999983,-0.9500000000000002,-461.4200000000001,0.25
111,1,52.23,66.81,71.44,7.25,0.859,7591.97,87.94,0,60,1,18.95,148,68,180.2,0,0,1,52.23,0.0,7.25,0.0,0.859,0.0,7591.97,0.0,66.81,0.0,0.0,0.0,0.0,0.0
111,2,43.18,73.6,84.58,6.56,0.869,7328.93,86.51,0,60,1,18.95,148,68,180.2,0,0,1,52.23,-9.049999999999997,7.25,-0.6900000000000004,0.859,0.010000000000000009,7591.97,-263.03999999999996,66.81,6.789999999999992,9.049999999999997,0.6900000000000004,263.03999999999996,6.789999999999992
111,3,33.29,78.0,85.99,6.28,0.747,5450.56,68.35,0,60,1,18.95,148,68,180.2,0,0,1,52.23,-18.939999999999998,7.25,-0.9699999999999998,0.859,-0.11199999999999999,7591.97,-2141.41,66.81,11.189999999999998,18.939999999999998,0.9699999999999998,2141.41,11.189999999999998
111,4,29.72,83.21,87.84,5.09,0.699,4882.72,62.43,0,60,1,18.95,148,68,180.2,0,0,1,52.23,-22.509999999999998,7.25,-2.16,0.859,-0.16000000000000003,7591.97,-2709.25,66.81,16.39999999999999,22.509999999999998,2.16,2709.25,16.39999999999999
111,5,20.28,93.34,98.82,4.59,0.617,1787.23,37.3,0,60,1,18.95,148,68,180.2,0,0,1,52.23,-31.949999999999996,7.25,-2.66,0.859,-0.242,7591.97,-5804.74,66.81,26.53,31.949999999999996,2.66,5804.74,26.53
111,6,16.0,93.92,101.82,3.97,0.538,1586.81,32.73,1,60,1,18.95,148,68,180.2,0,0,1,52.23,-36.23,7.25,-3.28,0.859,-0.32099999999999995,7591.97,-6005.16,66.81,27.11,36.23,3.28,6005.16,27.11
111,7,33.83,78.51,87.65,7.06,0.75,2559.37,48.08,1,60,1,18.95,148,68,180.2,0,0,1,52.23,-18.4,7.25,-0.1900000000000004,0.859,-0.10899999999999999,7591.97,-5032.6,66.81,11.700000000000003,18.4,0.1900000000000004,5032.6,11.700000000000003
111,8,47.28,69.9,79.84,7.51,0.881,8467.38,95.0,0,60,1,18.95,148,68,180.2,0,0,1,52.23,-4.949999999999996,7.25,0.2599999999999998,0.859,0.02200000000000002,7591.97,875.409999999999,66.81,3.0900000000000034,4.949999999999996,-0.2599999999999998,-875.409999999999,3.0900000000000034
111,9,48.76,73.52,80.24,6.75,0.851,8432.7,93.57,0,60,1,18.95,148,68,180.2,0,0,1,52.23,-3.469999999999999,7.25,-0.5,0.859,-0.008000000000000007,7591.97,840.7300000000005,66.81,6.709999999999994,3.469999999999999,0.5,-840.7300000000005,6.709999999999994
111,10,54.76,73.18,81.78,7.01,0.891,7935.68,91.66,0,60,1,18.95,148,68,180.2,0,0,1,52.23,2.530000000000001,7.25,-0.2400000000000002,0.859,0.03200000000000003,7591.97,343.71000000000004,66.81,6.3700000000000045,-2.530000000000001,0.2400000000000002,-343.71000000000004,6.3700000000000045
112,1,48.35,68.02,73.8,7.49,0.89,8491.08,95.54,0,66,0,32.04,117,72,194.6,0,0,0,48.35,0.0,7.49,0.0,0.89,0.0,8491.08,0.0,68.02,0.0,0.0,0.0,0.0,0.0
112,2,47.08,72.74,82.32,7.06,0.855,7243.28,85.31,0,66,0,32.04,117,72,194.6,0,0,0,48.35,-1.2700000000000031,7.49,-0.4300000000000006,0.89,-0.03500000000000003,8491.08,-1247.8000000000002,68.02,4.719999999999999,1.2700000000000031,0.4300000000000006,1247.8000000000002,4.719999999999999
112,3,39.82,73.17,84.83,6.72,0.818,6171.35,76.26,0,66,0,32.04,117,72,194.6,0,0,0,48.35,-8.530000000000001,7.49,-0.7700000000000005,0.89,-0.07200000000000006,8491.08,-2319.7299999999996,68.02,5.150000000000006,8.530000000000001,0.7700000000000005,2319.7299999999996,5.150000000000006
112,4,38.16,78.05,83.15,5.36,0.719,5248.88,65.8,0,66,0,32.04,117,72,194.6,0,0,0,48.35,-10.190000000000005,7.49,-2.13,0.89,-0.17100000000000004,8491.08,-3242.2,68.02,10.030000000000001,10.190000000000005,2.13,3242.2,10.030000000000001
112,5,36.51,84.9,95.14,5.18,0.744,4619.68,62.37,0,66,0,32.04,117,72,194.6,0,0,0,48.35,-11.840000000000003,7.49,-2.3100000000000005,0.89,-0.14600000000000002,8491.08,-3871.3999999999996,68.02,16.88000000000001,11.840000000000003,2.3100000000000005,3871.3999999999996,16.88000000000001
112,6,23.2,91.15,98.73,4.91,0.655,4354.82,56.94,0,66,0,32.04,117,72,194.6,0,0,0,48.35,-25.150000000000002,7.49,-2.58,0.89,-0.235,8491.08,-4136.26,68.02,23.13000000000001,25.150000000000002,2.58,4136.26,23.13000000000001
112,7,18.23,90.06,96.87,4.8,0.571,3869.22,50.16,0,66,0,32.04,117,72,194.6,0,0,0,48.35,-30.12,7.49,-2.6900000000000004,0.89,-0.31900000000000006,8491.08,-4621.860000000001,68.02,22.040000000000006,30.12,2.6900000000000004,4621.860000000001,22.040000000000006
112,8,16.56,97.52,103.82,4.8,0.57,2038.59,37.19,1,66,0,32.04,117,72,194.6,0,0,0,48.35,-31.790000000000003,7.49,-2.6900000000000004,0.89,-0.32000000000000006,8491.08,-6452.49,68.02,29.5,31.790000000000003,2.6900000000000004,6452.49,29.5
112,9,34.54,85.88,95.02,5.64,0.746,6445.73,75.34,1,66,0,32.04,117,72,194.6,0,0,0,48.35,-13.810000000000002,7.49,-1.8500000000000005,0.89,-0.14400000000000002,8491.08,-2045.3500000000004,68.02,17.86,13.810000000000002,1.8500000000000005,2045.3500000000004,17.86
112,10,44.79,69.58,77.08,7.36,0.844,9146.13,98.32,0,66,0,32.04,117,72,194.6,0,0,0,48.35,-3.5600000000000023,7.49,-0.1299999999999999,0.89,-0.04600000000000004,8491.08,655.0499999999993,68.02,1.5600000000000023,3.5600000000000023,0.1299999999999999,-655.0499999999993,1.5600000000000023
113,1,54.36,71.31,73.29,7.61,0.907,9804.7,100.0,0,42,1,26.6,141,77,120.0,1,0,1,54.36,0.0,7.61,0.0,0.907,0.0,9804.7,0.0,71.31,0.0,0.0,0.0,0.0,0.0
113,2,48.07,77.8,86.54,6.96,0.826,6706.24,80.38,0,42,1,26.6,141,77,120.0,1,0,1,54.36,-6.289999999999999,7.61,-0.6500000000000004,0.907,-0.08100000000000007,9804.7,-3098.460000000001,71.31,6.489999999999995,6.289999999999999,0.6500000000000004,3098.460000000001,6.489999999999995
113,3,37.71,79.48,90.43,6.69,0.81,6466.22,78.05,0,42,1,26.6,141,77,120.0,1,0,1,54.36,-16.65,7.61,-0.9199999999999999,0.907,-0.09699999999999998,9804.7,-3338.4800000000005,71.31,8.170000000000002,16.65,0.9199999999999999,3338.4800000000005,8.170000000000002
113,4,41.04,83.15,92.38,6.44,0.738,6489.06,75.34,0,42,1,26.6,141,77,120.0,1,0,1,54.36,-13.32,7.61,-1.17,0.907,-0.16900000000000004,9804.7,-3315.6400000000003,71.31,11.840000000000003,13.32,1.17,3315.6400000000003,11.840000000000003
113,5,35.14,80.03,86.81,5.57,0.697,5034.53,63.43,0,42,1,26.6,141,77,120.0,1,0,1,54.36,-19.22,7.61,-2.04,0.907,-0.21000000000000008,9804.7,-4770.170000000001,71.31,8.719999999999999,19.22,2.04,4770.170000000001,8.719999999999999
113,6,31.29,87.99,94.86,5.13,0.667,4520.15,58.57,0,42,1,26.6,141,77,120.0,1,0,1,54.36,-23.07,7.61,-2.4800000000000004,0.907,-0.24,9804.7,-5284.550000000001,71.31,16.679999999999993,23.07,2.4800000000000004,5284.550000000001,16.679999999999993
113,7,20.87,94.75,103.13,5.24,0.599,1797.57,36.65,0,42,1,26.6,141,77,120.0,1,0,1,54.36,-33.489999999999995,7.61,-2.37,0.907,-0.30800000000000005,9804.7,-8007.130000000001,71.31,23.439999999999998,33.489999999999995,2.37,8007.130000000001,23.439999999999998
113,8,20.03,96.65,102.59,3.8,0.516,3514.57,45.43,1,42,1,26.6,141,77,120.0,1,0,1,54.36,-34.33,7.61,-3.8100000000000005,0.907,-0.391,9804.7,-6290.130000000001,71.31,25.340000000000003,34.33,3.8100000000000005,6290.130000000001,25.340000000000003
113,9,35.45,85.73,95.25,5.79,0.729,3865.58,56.45,1,42,1,26.6,141,77,120.0,1,0,1,54.36,-18.909999999999997,7.61,-1.8200000000000003,0.907,-0.17800000000000005,9804.7,-5939.120000000001,71.31,14.420000000000002,18.909999999999997,1.8200000000000003,5939.120000000001,14.420000000000002
113,10,52.08,71.06,71.4,7.17,0.884,7930.33,91.34,0,42,1,26.6,141,77,120.0,1,0,1,54.36,-2.280000000000001,7.61,-0.4400000000000004,0.907,-0.02300000000000002,9804.7,-1874.3700000000008,71.31,-0.25,2.280000000000001,0.4400000000000004,1874.3700000000008,-0.25
114,1,52.33,72.97,83.94,6.9,0.862,8341.75,93.38,0,31,0,21.59,136,86,171.0,0,0,0,52.33,0.0,6.9,0.0,0.862,0.0,8341.75,0.0,72.97,0.0,0.0,0.0,0.0,0.0
114,2,50.8,73.81,81.68,7.11,0.827,9004.54,96.65,0,31,0,21.59,136,86,171.0,0,0,0,52.33,-1.5300000000000011,6.9,0.20999999999999996,0.862,-0.03500000000000003,8341.75,662.7900000000009,72.97,0.8400000000000034,1.5300000000000011,-0.20999999999999996,-662.7900000000009,0.8400000000000034
114,3,42.02,78.85,89.54,5.93,0.694,5337.72,65.45,0,31,0,21.59,136,86,171.0,0,0,0,52.33,-10.309999999999995,6.9,-0.9700000000000006,0.862,-0.16800000000000004,8341.75,-3004.0299999999997,72.97,5.8799999999999955,10.309999999999995,0.9700000000000006,3004.0299999999997,5.8799999999999955
114,4,32.02,87.78,99.94,5.62,0.733,6199.6,73.08,0,31,0,21.59,136,86,171.0,0,0,0,52.33,-20.309999999999995,6.9,-1.2800000000000002,0.862,-0.129,8341.75,-2142.1499999999996,72.97,14.810000000000002,20.309999999999995,1.2800000000000002,2142.1499999999996,14.810000000000002
114,5,29.07,87.35,97.89,5.23,0.598,4598.81,56.38,0,31,0,21.59,136,86,171.0,0,0,0,52.33,-23.259999999999998,6.9,-1.67,0.862,-0.264,8341.75,-3742.9399999999996,72.97,14.379999999999995,23.259999999999998,1.67,3742.9399999999996,14.379999999999995
114,6,19.33,95.73,100.67,4.48,0.598,1578.56,35.06,1,31,0,21.59,136,86,171.0,0,0,0,52.33,-33.0,6.9,-2.42,0.862,-0.264,8341.75,-6763.1900000000005,72.97,22.760000000000005,33.0,2.42,6763.1900000000005,22.760000000000005
114,7,36.94,76.37,85.52,5.8,0.735,5246.43,66.41,1,31,0,21.59,136,86,171.0,0,0,0,52.33,-15.39,6.9,-1.1000000000000005,0.862,-0.127,8341.75,-3095.3199999999997,72.97,3.4000000000000057,15.39,1.1000000000000005,3095.3199999999997,3.4000000000000057
114,8,48.85,65.64,75.2,8.08,0.899,7859.48,91.42,0,31,0,21.59,136,86,171.0,0,0,0,52.33,-3.479999999999997,6.9,1.1799999999999997,0.862,0.03700000000000003,8341.75,-482.27000000000044,72.97,-7.329999999999998,3.479999999999997,-1.1799999999999997,482.27000000000044,-7.329999999999998
114,9,51.64,67.52,77.9,7.15,0.832,7198.58,84.09,0,31,0,21.59,136,86,171.0,0,0,0,52.33,-0.6899999999999977,6.9,0.25,0.862,-0.030000000000000027,8341.75,-1143.17,72.97,-5.450000000000003,0.6899999999999977,-0.25,1143.17,-5.450000000000003
114,10,53.79,72.27,82.8,6.95,0.881,8569.34,95.73,0,31,0,21.59,136,86,171.0,0,0,0,52.33,1.4600000000000009,6.9,0.04999999999999982,0.862,0.019000000000000017,8341.75,227.59000000000015,72.97,-0.7000000000000028,-1.4600000000000009,-0.04999999999999982,-227.59000000000015,-0.7000000000000028
115,1,56.29,72.11,79.89,7.81,0.94,9324.94,100.0,0,61,1,35.69,123,85,240.4,0,0,0,56.29,0.0,7.81,0.0,0.94,0.0,9324.94,0.0,72.11,0.0,0.0,0.0,0.0,0.0
115,2,43.47,76.28,86.28,7.09,0.843,6514.47,79.71,0,61,1,35.69,123,85,240.4,0,0,0,56.29,-12.82,7.81,-0.7199999999999998,0.94,-0.09699999999999998,9324.94,-2810.4700000000003,72.11,4.170000000000002,12.82,0.7199999999999998,2810.4700000000003,4.170000000000002
115,3,37.12,83.65,94.25,6.1,0.792,6325.71,76.34,0,61,1,35.69,123,85,240.4,0,0,0,56.29,-19.17,7.81,-1.71,0.94,-0.1479999999999999,9324.94,-2999.2300000000005,72.11,11.540000000000006,19.17,1.71,2999.2300000000005,11.540000000000006
115,4,38.55,82.75,88.41,5.7,0.76,4708.04,63.62,0,61,1,35.69,123,85,240.4,0,0,0,56.29,-17.740000000000002,7.81,-2.1099999999999994,0.94,-0.17999999999999994,9324.94,-4616.900000000001,72.11,10.64,17.740000000000002,2.1099999999999994,4616.900000000001,10.64
115,5,31.13,85.84,94.75,5.36,0.711,4604.54,60.95,0,61,1,35.69,123,85,240.4,0,0,0,56.29,-25.16,7.81,-2.4499999999999993,0.94,-0.22899999999999998,9324.94,-4720.400000000001,72.11,13.730000000000004,25.16,2.4499999999999993,4720.400000000001,13.730000000000004
115,6,29.53,85.07,98.28,5.11,0.619,3668.4,50.65,0,61,1,35.69,123,85,240.4,0,0,0,56.29,-26.759999999999998,7.81,-2.6999999999999993,0.94,-0.32099999999999995,9324.94,-5656.540000000001,72.11,12.959999999999994,26.759999999999998,2.6999999999999993,5656.540000000001,12.959999999999994
115,7,21.93,99.04,104.84,4.07,0.555,1635.41,33.74,1,61,1,35.69,123,85,240.4,0,0,0,56.29,-34.36,7.81,-3.7399999999999993,0.94,-0.3849999999999999,9324.94,-7689.530000000001,72.11,26.930000000000007,34.36,3.7399999999999993,7689.530000000001,26.930000000000007
115,8,31.59,83.76,92.62,6.17,0.719,5166.21,65.23,1,61,1,35.69,123,85,240.4,0,0,0,56.29,-24.7,7.81,-1.6399999999999997,0.94,-0.22099999999999997,9324.94,-4158.7300000000005,72.11,11.650000000000006,24.7,1.6399999999999997,4158.7300000000005,11.650000000000006
115,9,44.82,72.75,79.44,7.33,0.855,7080.74,84.17,0,61,1,35.69,123,85,240.4,0,0,0,56.29,-11.469999999999999,7.81,-0.47999999999999954,0.94,-0.08499999999999996,9324.94,-2244.2000000000007,72.11,0.6400000000000006,11.469999999999999,0.47999999999999954,2244.2000000000007,0.6400000000000006
115,10,48.55,73.47,83.86,6.75,0.858,7543.79,87.59,0,61,1,35.69,123,85,240.4,0,0,0,56.29,-7.740000000000002,7.81,-1.0599999999999996,0.94,-0.08199999999999996,9324.94,-1781.1500000000005,72.11,1.3599999999999994,7.740000000000002,1.0599999999999996,1781.1500000000005,1.3599999999999994
116,1,39.92,70.82,77.84,7.45,0.884,8667.15,96.54,0,54,1,29.73,180,103,193.1,1,1,0,39.92,0.0,7.45,0.0,0.884,0.0,8667.15,0.0,70.82,0.0,0.0,0.0,0.0,0.0
116,2,42.34,70.68,79.76,7.35,0.784,8259.82,89.66,0,54,1,29.73,180,103,193.1,1,1,0,39.92,2.4200000000000017,7.45,-0.10000000000000053,0.884,-0.09999999999999998,8667.15,-407.3299999999999,70.82,-0.13999999999998636,-2.4200000000000017,0.10000000000000053,407.3299999999999,-0.13999999999998636
116,3,30.65,75.34,81.12,6.3,0.774,6144.38,74.34,0,54,1,29.73,180,103,193.1,1,1,0,39.92,-9.270000000000003,7.45,-1.1500000000000004,0.884,-0.10999999999999999,8667.15,-2522.7699999999995,70.82,4.52000000000001,9.270000000000003,1.1500000000000004,2522.7699999999995,4.52000000000001
116,4,31.99,79.55,89.78,5.83,0.74,5417.46,67.82,0,54,1,29.73,180,103,193.1,1,1,0,39.92,-7.930000000000003,7.45,-1.62,0.884,-0.14400000000000002,8667.15,-3249.6899999999996,70.82,8.730000000000004,7.930000000000003,1.62,3249.6899999999996,8.730000000000004
116,5,27.89,91.03,97.82,5.35,0.694,5252.55,64.85,0,54,1,29.73,180,103,193.1,1,1,0,39.92,-12.030000000000001,7.45,-2.1000000000000005,0.884,-0.19000000000000006,8667.15,-3414.5999999999995,70.82,20.210000000000008,12.030000000000001,2.1000000000000005,3414.5999999999995,20.210000000000008
116,6,22.24,89.74,97.15,4.05,0.633,2937.96,46.04,0,54,1,29.73,180,103,193.1,1,1,0,39.92,-17.680000000000003,7.45,-3.4000000000000004,0.884,-0.251,8667.15,-5729.19,70.82,18.92,17.680000000000003,3.4000000000000004,5729.19,18.92
116,7,21.86,95.49,103.83,4.37,0.564,1484.07,33.05,1,54,1,29.73,180,103,193.1,1,1,0,39.92,-18.060000000000002,7.45,-3.08,0.884,-0.32000000000000006,8667.15,-7183.08,70.82,24.67,18.060000000000002,3.08,7183.08,24.67
116,8,34.71,78.08,85.03,5.86,0.752,5700.94,70.33,1,54,1,29.73,180,103,193.1,1,1,0,39.92,-5.210000000000001,7.45,-1.5899999999999999,0.884,-0.132,8667.15,-2966.21,70.82,7.260000000000005,5.210000000000001,1.5899999999999999,2966.21,7.260000000000005
116,9,48.29,69.39,73.68,7.24,0.897,8435.84,95.43,0,54,1,29.73,180,103,193.1,1,1,0,39.92,8.369999999999997,7.45,-0.20999999999999996,0.884,0.013000000000000012,8667.15,-231.3099999999995,70.82,-1.4299999999999926,-8.369999999999997,0.20999999999999996,231.3099999999995,-1.4299999999999926
116,10,47.07,72.59,84.15,7.88,0.894,8907.33,98.65,0,54,1,29.73,180,103,193.1,1,1,0,39.92,7.149999999999999,7.45,0.4299999999999997,0.884,0.010000000000000009,8667.15,240.1800000000003,70.82,1.7700000000000102,-7.149999999999999,-0.4299999999999997,-240.1800000000003,1.7700000000000102
117,1,53.74,68.3,78.57,8.18,0.925,8256.37,95.28,0,62,0,22.63,122,93,235.3,0,0,0,53.74,0.0,8.18,0.0,0.925,0.0,8256.37,0.0,68.3,0.0,0.0,0.0,0.0,0.0
117,2,43.06,73.13,80.47,7.32,0.845,6395.61,78.93,0,62,0,22.63,122,93,235.3,0,0,0,53.74,-10.68,8.18,-0.8599999999999994,0.925,-0.08000000000000007,8256.37,-1860.7600000000011,68.3,4.829999999999998,10.68,0.8599999999999994,1860.7600000000011,4.829999999999998
117,3,40.35,75.91,87.92,6.06,0.814,5917.76,74.32,0,62,0,22.63,122,93,235.3,0,0,0,53.74,-13.39,8.18,-2.12,0.925,-0.1110000000000001,8256.37,-2338.6100000000006,68.3,7.609999999999999,13.39,2.12,2338.6100000000006,7.609999999999999
117,4,37.93,77.44,86.7,5.47,0.68,6364.15,72.13,0,62,0,22.63,122,93,235.3,0,0,0,53.74,-15.810000000000002,8.18,-2.71,0.925,-0.245,8256.37,-1892.2200000000012,68.3,9.14,15.810000000000002,2.71,1892.2200000000012,9.14
117,5,24.96,80.79,88.3,5.77,0.675,4628.97,59.67,0,62,0,22.63,122,93,235.3,0,0,0,53.74,-28.78,8.18,-2.41,0.925,-0.25,8256.37,-3627.4000000000005,68.3,12.490000000000009,28.78,2.41,3627.4000000000005,12.490000000000009
117,6,20.91,90.69,95.23,4.09,0.617,3723.77,50.98,0,62,0,22.63,122,93,235.3,0,0,0,53.74,-32.83,8.18,-4.09,0.925,-0.30800000000000005,8256.37,-4532.6,68.3,22.39,32.83,4.09,4532.6,22.39
117,7,22.82,94.15,102.51,4.52,0.577,4847.72,57.29,1,62,0,22.63,122,93,235.3,0,0,0,53.74,-30.92,8.18,-3.66,0.925,-0.3480000000000001,8256.37,-3408.6500000000005,68.3,25.85000000000001,30.92,3.66,3408.6500000000005,25.85000000000001
117,8,41.14,80.4,89.73,5.85,0.747,6887.44,78.51,1,62,0,22.63,122,93,235.3,0,0,0,53.74,-12.600000000000001,8.18,-2.33,0.925,-0.17800000000000005,8256.37,-1368.9300000000012,68.3,12.100000000000009,12.600000000000001,2.33,1368.9300000000012,12.100000000000009
117,9,45.18,66.73,72.04,7.22,0.915,8681.24,97.89,0,62,0,22.63,122,93,235.3,0,0,0,53.74,-8.560000000000002,8.18,-0.96,0.925,-0.010000000000000009,8256.37,424.869999999999,68.3,-1.5699999999999932,8.560000000000002,0.96,-424.869999999999,-1.5699999999999932
117,10,49.52,69.95,78.63,6.52,0.88,7152.72,85.67,0,62,0,22.63,122,93,235.3,0,0,0,53.74,-4.219999999999999,8.18,-1.6600000000000001,0.925,-0.04500000000000004,8256.37,-1103.6500000000005,68.3,1.6500000000000057,4.219999999999999,1.6600000000000001,1103.6500000000005,1.6500000000000057
118,1,50.97,70.23,77.02,7.59,0.883,8395.72,94.59,0,54,0,25.41,165,84,186.8,0,0,0,50.97,0.0,7.59,0.0,0.883,0.0,8395.72,0.0,70.23,0.0,0.0,0.0,0.0,0.0
118,2,43.59,75.66,81.86,6.9,0.841,6947.61,82.66,0,54,0,25.41,165,84,186.8,0,0,0,50.97,-7.3799999999999955,7.59,-0.6899999999999995,0.883,-0.04200000000000004,8395.72,-1448.1099999999997,70.23,5.429999999999993,7.3799999999999955,0.6899999999999995,1448.1099999999997,5.429999999999993
118,3,40.39,76.03,83.8,6.0,0.78,5395.31,69.3,0,54,0,25.41,165,84,186.8,0,0,0,50.97,-10.579999999999998,7.59,-1.5899999999999999,0.883,-0.10299999999999998,8395.72,-3000.409999999999,70.23,5.799999999999997,10.579999999999998,1.5899999999999999,3000.409999999999,5.799999999999997
118,4,36.95,86.03,90.64,5.36,0.707,6240.78,72.35,0,54,0,25.41,165,84,186.8,0,0,0,50.97,-14.019999999999996,7.59,-2.2299999999999995,0.883,-0.17600000000000005,8395.72,-2154.9399999999996,70.23,15.799999999999997,14.019999999999996,2.2299999999999995,2154.9399999999996,15.799999999999997
118,5,21.08,87.09,98.0,5.25,0.573,5100.2,58.93,0,54,0,25.41,165,84,186.8,0,0,0,50.97,-29.89,7.59,-2.34,0.883,-0.31000000000000005,8395.72,-3295.5199999999995,70.23,16.86,29.89,2.34,3295.5199999999995,16.86
118,6,22.18,94.65,102.56,3.71,0.523,5004.99,56.23,1,54,0,25.41,165,84,186.8,0,0,0,50.97,-28.79,7.59,-3.88,0.883,-0.36,8395.72,-3390.7299999999996,70.23,24.42,28.79,3.88,3390.7299999999996,24.42
118,7,36.08,79.97,89.75,5.99,0.739,5104.77,65.58,1,54,0,25.41,165,84,186.8,0,0,0,50.97,-14.89,7.59,-1.5999999999999996,0.883,-0.14400000000000002,8395.72,-3290.949999999999,70.23,9.739999999999995,14.89,1.5999999999999996,3290.949999999999,9.739999999999995
118,8,48.8,73.69,75.65,7.45,0.85,9230.29,99.14,0,54,0,25.41,165,84,186.8,0,0,0,50.97,-2.1700000000000017,7.59,-0.13999999999999968,0.883,-0.03300000000000003,8395.72,834.5700000000015,70.23,3.4599999999999937,2.1700000000000017,0.13999999999999968,-834.5700000000015,3.4599999999999937
118,9,52.73,73.88,83.79,7.22,0.839,8897.42,96.38,0,54,0,25.41,165,84,186.8,0,0,0,50.97,1.759999999999998,7.59,-0.3700000000000001,0.883,-0.04400000000000004,8395.72,501.7000000000007,70.23,3.6499999999999915,-1.759999999999998,0.3700000000000001,-501.7000000000007,3.6499999999999915
118,10,55.65,68.44,77.96,7.6,0.935,7218.6,88.37,0,54,0,25.41,165,84,186.8,0,0,0,50.97,4.68,7.59,0.009999999999999787,0.883,0.052000000000000046,8395.72,-1177.119999999999,70.23,-1.7900000000000063,-4.68,-0.009999999999999787,1177.119999999999,-1.7900000000000063
119,1,50.2,68.25,74.4,7.68,0.889,9038.12,99.34,0,47,1,19.59,145,87,216.6,0,0,0,50.2,0.0,7.68,0.0,0.889,0.0,9038.12,0.0,68.25,0.0,0.0,0.0,0.0,0.0
119,2,43.64,71.42,82.06,6.5,0.833,7639.95,87.26,0,47,1,19.59,145,87,216.6,0,0,0,50.2,-6.560000000000002,7.68,-1.1799999999999997,0.889,-0.05600000000000005,9038.12,-1398.170000000001,68.25,3.1700000000000017,6.560000000000002,1.1799999999999997,1398.170000000001,3.1700000000000017
119,3,41.06,73.97,82.47,6.13,0.833,6924.92,82.22,0,47,1,19.59,145,87,216.6,0,0,0,50.2,-9.14,7.68,-1.5499999999999998,0.889,-0.05600000000000005,9038.12,-2113.2000000000007,68.25,5.719999999999999,9.14,1.5499999999999998,2113.2000000000007,5.719999999999999
119,4,40.07,76.53,84.0,6.03,0.774,7164.31,81.54,0,47,1,19.59,145,87,216.6,0,0,0,50.2,-10.130000000000003,7.68,-1.6499999999999995,0.889,-0.11499999999999999,9038.12,-1873.8100000000004,68.25,8.280000000000001,10.130000000000003,1.6499999999999995,1873.8100000000004,8.280000000000001
119,5,37.52,81.19,85.68,6.27,0.686,5189.98,64.08,0,47,1,19.59,145,87,216.6,0,0,0,50.2,-12.68,7.68,-1.4100000000000001,0.889,-0.20299999999999996,9038.12,-3848.1400000000012,68.25,12.939999999999998,12.68,1.4100000000000001,3848.1400000000012,12.939999999999998
119,6,26.0,88.69,95.1,5.02,0.617,4902.01,59.28,0,47,1,19.59,145,87,216.6,0,0,0,50.2,-24.200000000000003,7.68,-2.66,0.889,-0.272,9038.12,-4136.110000000001,68.25,20.439999999999998,24.200000000000003,2.66,4136.110000000001,20.439999999999998
119,7,32.14,90.28,100.9,4.76,0.57,3458.69,47.22,0,47,1,19.59,145,87,216.6,0,0,0,50.2,-18.060000000000002,7.68,-2.92,0.889,-0.31900000000000006,9038.12,-5579.43,68.25,22.03,18.060000000000002,2.92,5579.43,22.03
119,8,19.14,83.76,87.25,3.91,0.562,2090.8,37.26,1,47,1,19.59,145,87,216.6,0,0,0,50.2,-31.060000000000002,7.68,-3.7699999999999996,0.889,-0.32699999999999996,9038.12,-6947.320000000001,68.25,15.510000000000005,31.060000000000002,3.7699999999999996,6947.320000000001,15.510000000000005
119,9,41.24,82.34,91.11,6.04,0.741,7480.77,82.44,1,47,1,19.59,145,87,216.6,0,0,0,50.2,-8.96,7.68,-1.6399999999999997,0.889,-0.14800000000000002,9038.12,-1557.3500000000004,68.25,14.090000000000003,8.96,1.6399999999999997,1557.3500000000004,14.090000000000003
119,10,53.39,70.75,81.93,6.62,0.896,9078.35,99.93,0,47,1,19.59,145,87,216.6,0,0,0,50.2,3.1899999999999977,7.68,-1.0599999999999996,0.889,0.007000000000000006,9038.12,40.22999999999956,68.25,2.5,-3.1899999999999977,1.0599999999999996,-40.22999999999956,2.5
120,1,46.91,70.46,82.61,6.75,0.897,8459.22,95.57,0,73,1,32.28,127,71,184.5,0,0,0,46.91,0.0,6.75,0.0,0.897,0.0,8459.22,0.0,70.46,0.0,0.0,0.0,0.0,0.0
120,2,40.23,75.53,83.69,6.23,0.819,6553.03,79.01,0,73,1,32.28,127,71,184.5,0,0,0,46.91,-6.68,6.75,-0.5199999999999996,0.897,-0.07800000000000007,8459.22,-1906.1899999999996,70.46,5.070000000000007,6.68,0.5199999999999996,1906.1899999999996,5.070000000000007
120,3,38.52,73.26,78.77,6.5,0.793,7358.26,83.66,0,73,1,32.28,127,71,184.5,0,0,0,46.91,-8.389999999999993,6.75,-0.25,0.897,-0.10399999999999998,8459.22,-1100.9599999999991,70.46,2.8000000000000114,8.389999999999993,0.25,1100.9599999999991,2.8000000000000114
120,4,36.68,82.35,93.97,5.77,0.714,5622.43,68.23,0,73,1,32.28,127,71,184.5,0,0,0,46.91,-10.229999999999997,6.75,-0.9800000000000004,0.897,-0.18300000000000005,8459.22,-2836.789999999999,70.46,11.89,10.229999999999997,0.9800000000000004,2836.789999999999,11.89
120,5,29.11,89.99,99.91,4.97,0.61,6032.75,66.97,0,73,1,32.28,127,71,184.5,0,0,0,46.91,-17.799999999999997,6.75,-1.7800000000000002,0.897,-0.28700000000000003,8459.22,-2426.4699999999993,70.46,19.53,17.799999999999997,1.7800000000000002,2426.4699999999993,19.53
120,6,23.78,96.64,103.43,5.01,0.624,3488.62,49.58,0,73,1,32.28,127,71,184.5,0,0,0,46.91,-23.129999999999995,6.75,-1.7400000000000002,0.897,-0.273,8459.22,-4970.599999999999,70.46,26.180000000000007,23.129999999999995,1.7400000000000002,4970.599999999999,26.180000000000007
120,7,23.39,100.12,110.2,3.81,0.582,2273.88,39.31,1,73,1,32.28,127,71,184.5,0,0,0,46.91,-23.519999999999996,6.75,-2.94,0.897,-0.31500000000000006,8459.22,-6185.339999999999,70.46,29.66000000000001,23.519999999999996,2.94,6185.339999999999,29.66000000000001
120,8,31.49,79.07,86.98,6.39,0.7,5784.32,68.82,1,73,1,32.28,127,71,184.5,0,0,0,46.91,-15.419999999999998,6.75,-0.3600000000000003,0.897,-0.19700000000000006,8459.22,-2674.8999999999996,70.46,8.61,15.419999999999998,0.3600000000000003,2674.8999999999996,8.61
120,9,47.07,74.61,82.9,6.52,0.882,9387.94,100.0,0,73,1,32.28,127,71,184.5,0,0,0,46.91,0.1600000000000037,6.75,-0.23000000000000043,0.897,-0.015000000000000013,8459.22,928.7200000000012,70.46,4.150000000000006,-0.1600000000000037,0.23000000000000043,-928.7200000000012,4.150000000000006
120,10,57.1,69.89,79.9,6.83,0.904,7341.66,88.0,0,73,1,32.28,127,71,184.5,0,0,0,46.91,10.190000000000005,6.75,0.08000000000000007,0.897,0.007000000000000006,8459.22,-1117.5599999999995,70.46,-0.5699999999999932,-10.190000000000005,-0.08000000000000007,1117.5599999999995,-0.5699999999999932
121,1,52.01,65.16,74.37,7.11,0.875,9106.83,99.27,0,50,1,28.65,136,77,146.3,0,0,0,52.01,0.0,7.11,0.0,0.875,0.0,9106.83,0.0,65.16,0.0,0.0,0.0,0.0,0.0
121,2,46.03,74.06,83.78,7.03,0.853,7352.5,86.03,0,50,1,28.65,136,77,146.3,0,0,0,52.01,-5.979999999999997,7.11,-0.08000000000000007,0.875,-0.02200000000000002,9106.83,-1754.33,65.16,8.900000000000006,5.979999999999997,0.08000000000000007,1754.33,8.900000000000006
121,3,42.29,80.17,90.57,5.75,0.831,4697.45,66.39,0,50,1,28.65,136,77,146.3,0,0,0,52.01,-9.719999999999999,7.11,-1.3600000000000003,0.875,-0.04400000000000004,9106.83,-4409.38,65.16,15.010000000000005,9.719999999999999,1.3600000000000003,4409.38,15.010000000000005
121,4,35.02,87.83,93.38,5.44,0.699,4981.69,63.11,0,50,1,28.65,136,77,146.3,0,0,0,52.01,-16.989999999999995,7.11,-1.67,0.875,-0.17600000000000005,9106.83,-4125.14,65.16,22.67,16.989999999999995,1.67,4125.14,22.67
121,5,26.22,88.44,91.44,4.63,0.64,3841.71,52.73,0,50,1,28.65,136,77,146.3,0,0,0,52.01,-25.79,7.11,-2.4800000000000004,0.875,-0.235,9106.83,-5265.12,65.16,23.28,25.79,2.4800000000000004,5265.12,23.28
121,6,16.0,92.72,100.23,4.01,0.589,1200.0,32.02,1,50,1,28.65,136,77,146.3,0,0,0,52.01,-36.01,7.11,-3.1000000000000005,0.875,-0.28600000000000003,9106.83,-7906.83,65.16,27.560000000000002,36.01,3.1000000000000005,7906.83,27.560000000000002
121,7,33.12,82.06,87.74,6.05,0.768,6752.97,78.37,1,50,1,28.65,136,77,146.3,0,0,0,52.01,-18.89,7.11,-1.0600000000000005,0.875,-0.10699999999999998,9106.83,-2353.8599999999997,65.16,16.900000000000006,18.89,1.0600000000000005,2353.8599999999997,16.900000000000006
121,8,49.15,70.88,79.78,7.61,0.894,7821.99,90.98,0,50,1,28.65,136,77,146.3,0,0,0,52.01,-2.8599999999999994,7.11,0.5,0.875,0.019000000000000017,9106.83,-1284.8400000000001,65.16,5.719999999999999,2.8599999999999994,-0.5,1284.8400000000001,5.719999999999999
121,9,55.59,70.95,78.37,7.03,0.883,8833.98,97.67,0,50,1,28.65,136,77,146.3,0,0,0,52.01,3.5800000000000054,7.11,-0.08000000000000007,0.875,0.008000000000000007,9106.83,-272.85000000000036,65.16,5.790000000000006,-3.5800000000000054,0.08000000000000007,272.85000000000036,5.790000000000006
121,10,48.22,68.44,77.99,7.53,0.889,9133.27,100.0,0,50,1,28.65,136,77,146.3,0,0,0,52.01,-3.789999999999999,7.11,0.41999999999999993,0.875,0.014000000000000012,9106.83,26.44000000000051,65.16,3.280000000000001,3.789999999999999,-0.41999999999999993,-26.44000000000051,3.280000000000001
122,1,46.05,70.83,78.25,6.74,0.864,7941.05,90.62,0,69,1,20.24,145,84,243.8,1,0,0,46.05,0.0,6.74,0.0,0.864,0.0,7941.05,0.0,70.83,0.0,0.0,0.0,0.0,0.0
122,2,43.06,68.34,77.64,7.27,0.844,6277.58,78.09,0,69,1,20.24,145,84,243.8,1,0,0,46.05,-2.989999999999995,6.74,0.5299999999999994,0.864,-0.020000000000000018,7941.05,-1663.4700000000003,70.83,-2.489999999999995,2.989999999999995,-0.5299999999999994,1663.4700000000003,-2.489999999999995
122,3,40.73,80.11,90.81,7.13,0.822,7015.41,82.42,0,69,1,20.24,145,84,243.8,1,0,0,46.05,-5.32,6.74,0.3899999999999997,0.864,-0.04200000000000004,7941.05,-925.6400000000003,70.83,9.280000000000001,5.32,-0.3899999999999997,925.6400000000003,9.280000000000001
122,4,27.83,82.62,93.09,5.42,0.735,5672.55,69.43,0,69,1,20.24,145,84,243.8,1,0,0,46.05,-18.22,6.74,-1.3200000000000003,0.864,-0.129,7941.05,-2268.5,70.83,11.790000000000006,18.22,1.3200000000000003,2268.5,11.790000000000006
122,5,28.65,81.92,88.69,4.64,0.64,6253.79,69.73,0,69,1,20.24,145,84,243.8,1,0,0,46.05,-17.4,6.74,-2.1000000000000005,0.864,-0.22399999999999998,7941.05,-1687.2600000000002,70.83,11.090000000000003,17.4,2.1000000000000005,1687.2600000000002,11.090000000000003
122,6,26.97,86.43,96.11,4.79,0.632,3176.73,47.71,0,69,1,20.24,145,84,243.8,1,0,0,46.05,-19.08,6.74,-1.9500000000000002,0.864,-0.23199999999999998,7941.05,-4764.32,70.83,15.600000000000009,19.08,1.9500000000000002,4764.32,15.600000000000009
122,7,16.63,94.32,98.63,4.8,0.573,3279.2,46.08,1,69,1,20.24,145,84,243.8,1,0,0,46.05,-29.419999999999998,6.74,-1.9400000000000004,0.864,-0.29100000000000004,7941.05,-4661.85,70.83,23.489999999999995,29.419999999999998,1.9400000000000004,4661.85,23.489999999999995
122,8,34.28,82.39,93.14,6.0,0.731,5015.29,64.63,1,69,1,20.24,145,84,243.8,1,0,0,46.05,-11.769999999999996,6.74,-0.7400000000000002,0.864,-0.133,7941.05,-2925.76,70.83,11.560000000000002,11.769999999999996,0.7400000000000002,2925.76,11.560000000000002
122,9,51.36,71.64,78.22,7.14,0.877,8245.63,93.29,0,69,1,20.24,145,84,243.8,1,0,0,46.05,5.310000000000002,6.74,0.39999999999999947,0.864,0.013000000000000012,7941.05,304.579999999999,70.83,0.8100000000000023,-5.310000000000002,-0.39999999999999947,-304.579999999999,0.8100000000000023
122,10,51.18,63.47,71.33,7.3,0.913,8553.9,96.9,0,69,1,20.24,145,84,243.8,1,0,0,46.05,5.130000000000003,6.74,0.5599999999999996,0.864,0.049000000000000044,7941.05,612.8499999999995,70.83,-7.359999999999999,-5.130000000000003,-0.5599999999999996,-612.8499999999995,-7.359999999999999
123,1,50.21,73.06,82.28,7.13,0.915,9280.28,100.0,0,45,1,26.09,159,93,209.0,1,0,0,50.21,0.0,7.13,0.0,0.915,0.0,9280.28,0.0,73.06,0.0,0.0,0.0,0.0,0.0
123,2,41.65,76.73,87.72,6.37,0.816,5810.72,73.66,0,45,1,26.09,159,93,209.0,1,0,0,50.21,-8.560000000000002,7.13,-0.7599999999999998,0.915,-0.09900000000000009,9280.28,-3469.5600000000004,73.06,3.6700000000000017,8.560000000000002,0.7599999999999998,3469.5600000000004,3.6700000000000017
123,3,30.99,83.39,93.13,5.15,0.685,6631.82,74.21,0,45,1,26.09,159,93,209.0,1,0,0,50.21,-19.220000000000002,7.13,-1.9799999999999995,0.915,-0.22999999999999998,9280.28,-2648.460000000001,73.06,10.329999999999998,19.220000000000002,1.9799999999999995,2648.460000000001,10.329999999999998
123,4,27.32,92.82,100.94,3.68,0.57,1200.0,31.27,1,45,1,26.09,159,93,209.0,1,0,0,50.21,-22.89,7.13,-3.4499999999999997,0.915,-0.3450000000000001,9280.28,-8080.280000000001,73.06,19.75999999999999,22.89,3.4499999999999997,8080.280000000001,19.75999999999999
123,5,37.83,81.68,91.14,6.37,0.653,5127.9,62.33,1,45,1,26.09,159,93,209.0,1,0,0,50.21,-12.380000000000003,7.13,-0.7599999999999998,0.915,-0.262,9280.28,-4152.380000000001,73.06,8.620000000000005,12.380000000000003,0.7599999999999998,4152.380000000001,8.620000000000005
123,6,54.8,69.91,72.01,7.0,0.904,9176.6,100.0,0,45,1,26.09,159,93,209.0,1,0,0,50.21,4.589999999999996,7.13,-0.1299999999999999,0.915,-0.01100000000000001,9280.28,-103.68000000000029,73.06,-3.1500000000000057,-4.589999999999996,0.1299999999999999,103.68000000000029,-3.1500000000000057
123,7,52.21,69.3,77.69,7.83,0.895,7441.66,88.32,0,45,1,26.09,159,93,209.0,1,0,0,50.21,2.0,7.13,0.7000000000000002,0.915,-0.020000000000000018,9280.28,-1838.6200000000008,73.06,-3.760000000000005,-2.0,-0.7000000000000002,1838.6200000000008,-3.760000000000005
123,8,45.97,68.15,78.82,7.38,0.885,9194.0,100.0,0,45,1,26.09,159,93,209.0,1,0,0,50.21,-4.240000000000002,7.13,0.25,0.915,-0.030000000000000027,9280.28,-86.28000000000065,73.06,-4.909999999999997,4.240000000000002,-0.25,86.28000000000065,-4.909999999999997
123,9,59.64,66.16,73.23,7.15,0.882,9704.25,100.0,0,45,1,26.09,159,93,209.0,1,0,0,50.21,9.43,7.13,0.020000000000000462,0.915,-0.03300000000000003,9280.28,423.96999999999935,73.06,-6.900000000000006,-9.43,-0.020000000000000462,-423.96999999999935,-6.900000000000006
123,10,53.16,64.92,69.74,7.86,0.873,6029.97,77.5,0,45,1,26.09,159,93,209.0,1,0,0,50.21,2.9499999999999957,7.13,0.7300000000000004,0.915,-0.04200000000000004,9280.28,-3250.3100000000004,73.06,-8.14,-2.9499999999999957,-0.7300000000000004,3250.3100000000004,-8.14
124,1,47.18,73.25,84.92,7.69,0.866,7467.53,87.33,0,57,0,22.46,144,74,186.7,1,0,1,47.18,0.0,7.69,0.0,0.866,0.0,7467.53,0.0,73.25,0.0,0.0,0.0,0.0,0.0
124,2,43.51,73.48,84.63,6.48,0.831,7758.49,87.99,0,57,0,22.46,144,74,186.7,1,0,1,47.18,-3.6700000000000017,7.69,-1.21,0.866,-0.03500000000000003,7467.53,290.96000000000004,73.25,0.23000000000000398,3.6700000000000017,1.21,-290.96000000000004,0.23000000000000398
124,3,39.32,77.99,84.87,6.05,0.813,7224.99,83.51,0,57,0,22.46,144,74,186.7,1,0,1,47.18,-7.859999999999999,7.69,-1.6400000000000006,0.866,-0.05300000000000005,7467.53,-242.53999999999996,73.25,4.739999999999995,7.859999999999999,1.6400000000000006,242.53999999999996,4.739999999999995
124,4,30.14,87.32,95.29,6.95,0.746,5106.7,65.89,0,57,0,22.46,144,74,186.7,1,0,1,47.18,-17.04,7.69,-0.7400000000000002,0.866,-0.12,7467.53,-2360.83,73.25,14.069999999999993,17.04,0.7400000000000002,2360.83,14.069999999999993
124,5,26.64,86.61,93.72,5.09,0.657,4456.74,57.75,0,57,0,22.46,144,74,186.7,1,0,1,47.18,-20.54,7.69,-2.6000000000000005,0.866,-0.20899999999999996,7467.53,-3010.79,73.25,13.36,20.54,2.6000000000000005,3010.79,13.36
124,6,25.76,91.76,100.92,4.83,0.637,3559.08,50.61,0,57,0,22.46,144,74,186.7,1,0,1,47.18,-21.419999999999998,7.69,-2.8600000000000003,0.866,-0.22899999999999998,7467.53,-3908.45,73.25,18.510000000000005,21.419999999999998,2.8600000000000003,3908.45,18.510000000000005
124,7,19.99,95.74,106.63,3.68,0.598,2273.45,39.95,1,57,0,22.46,144,74,186.7,1,0,1,47.18,-27.19,7.69,-4.01,0.866,-0.268,7467.53,-5194.08,73.25,22.489999999999995,27.19,4.01,5194.08,22.489999999999995
124,8,28.69,81.34,91.32,5.58,0.692,5728.92,68.14,1,57,0,22.46,144,74,186.7,1,0,1,47.18,-18.49,7.69,-2.1100000000000003,0.866,-0.17400000000000004,7467.53,-1738.6099999999997,73.25,8.090000000000003,18.49,2.1100000000000003,1738.6099999999997,8.090000000000003
124,9,48.6,69.38,74.06,7.03,0.862,9377.14,100.0,0,57,0,22.46,144,74,186.7,1,0,1,47.18,1.4200000000000017,7.69,-0.6600000000000001,0.866,-0.0040000000000000036,7467.53,1909.6099999999997,73.25,-3.8700000000000045,-1.4200000000000017,0.6600000000000001,-1909.6099999999997,-3.8700000000000045
124,10,49.83,68.09,77.26,7.45,0.928,8123.92,94.48,0,57,0,22.46,144,74,186.7,1,0,1,47.18,2.6499999999999986,7.69,-0.2400000000000002,0.866,0.062000000000000055,7467.53,656.3900000000003,73.25,-5.159999999999997,-2.6499999999999986,0.2400000000000002,-656.3900000000003,-5.159999999999997
125,1,52.32,69.24,77.7,7.49,0.933,7972.86,93.59,0,61,0,28.72,143,83,175.9,1,0,0,52.32,0.0,7.49,0.0,0.933,0.0,7972.86,0.0,69.24,0.0,0.0,0.0,0.0,0.0
125,2,43.19,69.85,80.51,6.91,0.826,9202.97,98.01,0,61,0,28.72,143,83,175.9,1,0,0,52.32,-9.130000000000003,7.49,-0.5800000000000001,0.933,-0.1070000000000001,7972.86,1230.1099999999997,69.24,0.6099999999999994,9.130000000000003,0.5800000000000001,-1230.1099999999997,0.6099999999999994
125,3,38.66,86.3,94.75,5.52,0.755,6055.86,72.96,0,61,0,28.72,143,83,175.9,1,0,0,52.32,-13.660000000000004,7.49,-1.9700000000000006,0.933,-0.17800000000000005,7972.86,-1917.0,69.24,17.060000000000002,13.660000000000004,1.9700000000000006,1917.0,17.060000000000002
125,4,19.74,83.94,93.75,5.02,0.593,3327.27,47.21,0,61,0,28.72,143,83,175.9,1,0,0,52.32,-32.58,7.49,-2.4700000000000006,0.933,-0.3400000000000001,7972.86,-4645.59,69.24,14.700000000000003,32.58,2.4700000000000006,4645.59,14.700000000000003
125,5,17.49,92.84,101.29,3.51,0.553,3866.66,49.41,1,61,0,28.72,143,83,175.9,1,0,0,52.32,-34.83,7.49,-3.9800000000000004,0.933,-0.38,7972.86,-4106.2,69.24,23.60000000000001,34.83,3.9800000000000004,4106.2,23.60000000000001
125,6,36.52,77.18,86.98,6.18,0.739,3050.08,51.1,1,61,0,28.72,143,83,175.9,1,0,0,52.32,-15.799999999999997,7.49,-1.3100000000000005,0.933,-0.19400000000000006,7972.86,-4922.78,69.24,7.940000000000012,15.799999999999997,1.3100000000000005,4922.78,7.940000000000012
125,7,53.4,68.57,79.19,7.35,0.902,8601.28,96.79,0,61,0,28.72,143,83,175.9,1,0,0,52.32,1.0799999999999983,7.49,-0.14000000000000057,0.933,-0.031000000000000028,7972.86,628.420000000001,69.24,-0.6700000000000017,-1.0799999999999983,0.14000000000000057,-628.420000000001,-0.6700000000000017
125,8,41.53,74.57,85.08,7.14,0.876,8539.11,95.31,0,61,0,28.72,143,83,175.9,1,0,0,52.32,-10.79,7.49,-0.35000000000000053,0.933,-0.05700000000000005,7972.86,566.2500000000009,69.24,5.329999999999998,10.79,0.35000000000000053,-566.2500000000009,5.329999999999998
125,9,49.84,71.29,81.88,7.42,0.908,10016.55,100.0,0,61,0,28.72,143,83,175.9,1,0,0,52.32,-2.479999999999997,7.49,-0.07000000000000028,0.933,-0.025000000000000022,7972.86,2043.6899999999996,69.24,2.0500000000000114,2.479999999999997,0.07000000000000028,-2043.6899999999996,2.0500000000000114
125,10,50.37,63.78,72.77,7.12,0.886,8012.89,92.01,0,61,0,28.72,143,83,175.9,1,0,0,52.32,-1.9500000000000028,7.49,-0.3700000000000001,0.933,-0.04700000000000004,7972.86,40.030000000000655,69.24,-5.459999999999994,1.9500000000000028,0.3700000000000001,-40.030000000000655,-5.459999999999994
126,1,42.19,76.43,82.89,7.33,0.914,10260.05,100.0,0,81,1,31.86,133,66,186.7,0,0,1,42.19,0.0,7.33,0.0,0.914,0.0,10260.05,0.0,76.43,0.0,0.0,0.0,0.0,0.0
126,2,35.16,80.97,86.89,6.44,0.8,7163.2,82.56,0,81,1,31.86,133,66,186.7,0,0,1,42.19,-7.030000000000001,7.33,-0.8899999999999997,0.914,-0.11399999999999999,10260.05,-3096.8499999999995,76.43,4.539999999999992,7.030000000000001,0.8899999999999997,3096.8499999999995,4.539999999999992
126,3,37.62,86.43,90.45,6.53,0.795,7885.61,87.48,0,81,1,31.86,133,66,186.7,0,0,1,42.19,-4.57,7.33,-0.7999999999999998,0.914,-0.119,10260.05,-2374.4399999999996,76.43,10.0,4.57,0.7999999999999998,2374.4399999999996,10.0
126,4,28.93,83.04,92.82,5.74,0.769,6327.39,75.41,0,81,1,31.86,133,66,186.7,0,0,1,42.19,-13.259999999999998,7.33,-1.5899999999999999,0.914,-0.14500000000000002,10260.05,-3932.659999999999,76.43,6.609999999999999,13.259999999999998,1.5899999999999999,3932.659999999999,6.609999999999999
126,5,22.89,89.15,94.92,4.19,0.656,4032.64,54.69,0,81,1,31.86,133,66,186.7,0,0,1,42.19,-19.299999999999997,7.33,-3.1399999999999997,0.914,-0.258,10260.05,-6227.41,76.43,12.719999999999999,19.299999999999997,3.1399999999999997,6227.41,12.719999999999999
126,6,18.02,95.89,105.34,4.49,0.612,4304.8,54.86,0,81,1,31.86,133,66,186.7,0,0,1,42.19,-24.169999999999998,7.33,-2.84,0.914,-0.30200000000000005,10260.05,-5955.249999999999,76.43,19.459999999999994,24.169999999999998,2.84,5955.249999999999,19.459999999999994
126,7,16.0,95.92,103.07,4.41,0.599,2865.05,44.2,1,81,1,31.86,133,66,186.7,0,0,1,42.19,-26.189999999999998,7.33,-2.92,0.914,-0.31500000000000006,10260.05,-7394.999999999999,76.43,19.489999999999995,26.189999999999998,2.92,7394.999999999999,19.489999999999995
126,8,27.54,83.26,87.99,5.63,0.758,6612.8,76.98,1,81,1,31.86,133,66,186.7,0,0,1,42.19,-14.649999999999999,7.33,-1.7000000000000002,0.914,-0.15600000000000003,10260.05,-3647.249999999999,76.43,6.829999999999998,14.649999999999999,1.7000000000000002,3647.249999999999,6.829999999999998
126,9,45.3,73.48,78.76,7.07,0.908,7098.22,86.41,0,81,1,31.86,133,66,186.7,0,0,1,42.19,3.1099999999999994,7.33,-0.2599999999999998,0.914,-0.006000000000000005,10260.05,-3161.829999999999,76.43,-2.950000000000003,-3.1099999999999994,0.2599999999999998,3161.829999999999,-2.950000000000003
126,10,36.97,70.2,79.01,7.48,0.879,7460.25,87.8,0,81,1,31.86,133,66,186.7,0,0,1,42.19,-5.219999999999999,7.33,0.15000000000000036,0.914,-0.03500000000000003,10260.05,-2799.7999999999993,76.43,-6.230000000000004,5.219999999999999,-0.15000000000000036,2799.7999999999993,-6.230000000000004
127,1,49.97,70.12,76.34,7.4,0.832,7860.34,88.77,0,68,1,31.12,130,87,176.7,0,1,0,49.97,0.0,7.4,0.0,0.832,0.0,7860.34,0.0,70.12,0.0,0.0,0.0,0.0,0.0
127,2,34.1,78.4,84.12,6.09,0.766,6176.33,74.24,0,68,1,31.12,130,87,176.7,0,1,0,49.97,-15.869999999999997,7.4,-1.3100000000000005,0.832,-0.06599999999999995,7860.34,-1684.0100000000002,70.12,8.280000000000001,15.869999999999997,1.3100000000000005,1684.0100000000002,8.280000000000001
127,3,34.71,82.91,88.66,4.73,0.644,1899.91,39.19,0,68,1,31.12,130,87,176.7,0,1,0,49.97,-15.259999999999998,7.4,-2.67,0.832,-0.18799999999999994,7860.34,-5960.43,70.12,12.789999999999992,15.259999999999998,2.67,5960.43,12.789999999999992
127,4,16.0,93.23,102.39,4.95,0.579,2066.52,37.74,1,68,1,31.12,130,87,176.7,0,1,0,49.97,-33.97,7.4,-2.45,0.832,-0.253,7860.34,-5793.82,70.12,23.11,33.97,2.45,5793.82,23.11
127,5,33.59,78.42,85.63,5.35,0.704,4603.67,60.64,1,68,1,31.12,130,87,176.7,0,1,0,49.97,-16.379999999999995,7.4,-2.0500000000000007,0.832,-0.128,7860.34,-3256.67,70.12,8.299999999999997,16.379999999999995,2.0500000000000007,3256.67,8.299999999999997
127,6,44.27,69.7,74.14,7.73,0.934,7604.89,91.03,0,68,1,31.12,130,87,176.7,0,1,0,49.97,-5.699999999999996,7.4,0.33000000000000007,0.832,0.10200000000000009,7860.34,-255.44999999999982,70.12,-0.4200000000000017,5.699999999999996,-0.33000000000000007,255.44999999999982,-0.4200000000000017
127,7,46.29,70.34,79.8,8.26,0.897,6377.78,80.91,0,68,1,31.12,130,87,176.7,0,1,0,49.97,-3.6799999999999997,7.4,0.8599999999999994,0.832,0.06500000000000006,7860.34,-1482.5600000000004,70.12,0.21999999999999886,3.6799999999999997,-0.8599999999999994,1482.5600000000004,0.21999999999999886
127,8,51.29,75.45,81.53,7.63,0.869,8938.71,97.87,0,68,1,31.12,130,87,176.7,0,1,0,49.97,1.3200000000000003,7.4,0.22999999999999954,0.832,0.03700000000000003,7860.34,1078.369999999999,70.12,5.329999999999998,-1.3200000000000003,-0.22999999999999954,-1078.369999999999,5.329999999999998
127,9,46.09,70.36,78.6,7.3,0.887,9624.73,100.0,0,68,1,31.12,130,87,176.7,0,1,0,49.97,-3.8799999999999955,7.4,-0.10000000000000053,0.832,0.05500000000000005,7860.34,1764.3899999999994,70.12,0.23999999999999488,3.8799999999999955,0.10000000000000053,-1764.3899999999994,0.23999999999999488
127,10,48.14,69.86,83.28,7.06,0.914,8407.44,95.92,0,68,1,31.12,130,87,176.7,0,1,0,49.97,-1.8299999999999983,7.4,-0.34000000000000075,0.832,0.08200000000000007,7860.34,547.1000000000004,70.12,-0.2600000000000051,1.8299999999999983,0.34000000000000075,-547.1000000000004,-0.2600000000000051
128,1,45.78,70.2,77.63,7.74,0.94,9396.56,100.0,0,44,1,22.76,108,84,148.5,0,1,1,45.78,0.0,7.74,0.0,0.94,0.0,9396.56,0.0,70.2,0.0,0.0,0.0,0.0,0.0
128,2,37.3,79.97,87.54,6.24,0.732,6511.54,75.25,0,44,1,22.76,108,84,148.5,0,1,1,45.78,-8.480000000000004,7.74,-1.5,0.94,-0.20799999999999996,9396.56,-2885.0199999999995,70.2,9.769999999999996,8.480000000000004,1.5,2885.0199999999995,9.769999999999996
128,3,24.65,88.07,95.46,4.3,0.705,4221.35,58.0,0,44,1,22.76,108,84,148.5,0,1,1,45.78,-21.130000000000003,7.74,-3.4400000000000004,0.94,-0.235,9396.56,-5175.209999999999,70.2,17.86999999999999,21.130000000000003,3.4400000000000004,5175.209999999999,17.86999999999999
128,4,16.0,96.81,105.22,4.76,0.573,2125.39,37.92,1,44,1,22.76,108,84,148.5,0,1,1,45.78,-29.78,7.74,-2.9800000000000004,0.94,-0.367,9396.56,-7271.17,70.2,26.61,29.78,2.9800000000000004,7271.17,26.61
128,5,30.36,80.54,90.94,5.6,0.66,4679.45,59.43,1,44,1,22.76,108,84,148.5,0,1,1,45.78,-15.420000000000002,7.74,-2.1400000000000006,0.94,-0.2799999999999999,9396.56,-4717.11,70.2,10.340000000000003,15.420000000000002,2.1400000000000006,4717.11,10.340000000000003
128,6,53.2,69.82,77.07,7.49,0.861,7334.54,86.23,0,44,1,22.76,108,84,148.5,0,1,1,45.78,7.420000000000002,7.74,-0.25,0.94,-0.07899999999999996,9396.56,-2062.0199999999995,70.2,-0.38000000000000966,-7.420000000000002,0.25,2062.0199999999995,-0.38000000000000966
128,7,44.63,65.46,73.94,7.75,0.872,9159.44,99.53,0,44,1,22.76,108,84,148.5,0,1,1,45.78,-1.1499999999999986,7.74,0.009999999999999787,0.94,-0.06799999999999995,9396.56,-237.11999999999898,70.2,-4.740000000000009,1.1499999999999986,-0.009999999999999787,237.11999999999898,-4.740000000000009
128,8,43.86,70.84,78.21,7.09,0.91,7434.97,88.9,0,44,1,22.76,108,84,148.5,0,1,1,45.78,-1.9200000000000017,7.74,-0.6500000000000004,0.94,-0.029999999999999916,9396.56,-1961.5899999999992,70.2,0.6400000000000006,1.9200000000000017,0.6500000000000004,1961.5899999999992,0.6400000000000006
128,9,44.9,73.76,79.43,7.66,0.904,7362.05,88.13,0,44,1,22.76,108,84,148.5,0,1,1,45.78,-0.8800000000000026,7.74,-0.08000000000000007,0.94,-0.03599999999999992,9396.56,-2034.5099999999993,70.2,3.5600000000000023,0.8800000000000026,0.08000000000000007,2034.5099999999993,3.5600000000000023
128,10,43.28,72.29,77.24,8.31,0.964,6794.97,86.52,0,44,1,22.76,108,84,148.5,0,1,1,45.78,-2.5,7.74,0.5700000000000003,0.94,0.02400000000000002,9396.56,-2601.5899999999992,70.2,2.0900000000000034,2.5,-0.5700000000000003,2601.5899999999992,2.0900000000000034
129,1,46.06,75.16,79.83,7.72,0.911,8525.04,96.61,0,51,0,31.89,142,74,147.8,0,0,0,46.06,0.0,7.72,0.0,0.911,0.0,8525.04,0.0,75.16,0.0,0.0,0.0,0.0,0.0
129,2,45.49,81.01,92.19,6.57,0.772,4944.27,65.77,0,51,0,31.89,142,74,147.8,0,0,0,46.06,-0.5700000000000003,7.72,-1.1499999999999995,0.911,-0.139,8525.04,-3580.7700000000004,75.16,5.8500000000000085,0.5700000000000003,1.1499999999999995,3580.7700000000004,5.8500000000000085
129,3,34.63,84.87,89.49,5.35,0.667,3736.11,53.05,0,51,0,31.89,142,74,147.8,0,0,0,46.06,-11.43,7.72,-2.37,0.911,-0.244,8525.04,-4788.93,75.16,9.710000000000008,11.43,2.37,4788.93,9.710000000000008
129,4,23.99,101.58,109.1,4.17,0.542,3850.41,48.85,1,51,0,31.89,142,74,147.8,0,0,0,46.06,-22.070000000000004,7.72,-3.55,0.911,-0.369,8525.04,-4674.630000000001,75.16,26.42,22.070000000000004,3.55,4674.630000000001,26.42
129,5,31.97,84.61,94.19,6.65,0.754,4728.76,63.52,1,51,0,31.89,142,74,147.8,0,0,0,46.06,-14.090000000000003,7.72,-1.0699999999999994,0.911,-0.15700000000000003,8525.04,-3796.2800000000007,75.16,9.450000000000003,14.090000000000003,1.0699999999999994,3796.2800000000007,9.450000000000003
129,6,50.69,65.22,77.4,6.95,0.888,8156.67,93.08,0,51,0,31.89,142,74,147.8,0,0,0,46.06,4.6299999999999955,7.72,-0.7699999999999996,0.911,-0.02300000000000002,8525.04,-368.3700000000008,75.16,-9.939999999999998,-4.6299999999999955,0.7699999999999996,368.3700000000008,-9.939999999999998
129,7,52.51,67.93,73.86,7.3,0.943,8828.28,100.0,0,51,0,31.89,142,74,147.8,0,0,0,46.06,6.449999999999996,7.72,-0.41999999999999993,0.911,0.03199999999999992,8525.04,303.2399999999998,75.16,-7.22999999999999,-6.449999999999996,0.41999999999999993,-303.2399999999998,-7.22999999999999
129,8,56.99,74.09,84.84,7.39,0.885,7175.69,86.06,0,51,0,31.89,142,74,147.8,0,0,0,46.06,10.93,7.72,-0.33000000000000007,0.911,-0.026000000000000023,8525.04,-1349.3500000000013,75.16,-1.0699999999999932,-10.93,0.33000000000000007,1349.3500000000013,-1.0699999999999932
129,9,48.61,70.39,73.48,7.28,0.883,7122.93,85.6,0,51,0,31.89,142,74,147.8,0,0,0,46.06,2.549999999999997,7.72,-0.4399999999999995,0.911,-0.028000000000000025,8525.04,-1402.1100000000006,75.16,-4.769999999999996,-2.549999999999997,0.4399999999999995,1402.1100000000006,-4.769999999999996
129,10,54.69,71.49,81.21,7.28,0.867,9231.44,99.85,0,51,0,31.89,142,74,147.8,0,0,0,46.06,8.629999999999995,7.72,-0.4399999999999995,0.911,-0.04400000000000004,8525.04,706.3999999999996,75.16,-3.6700000000000017,-8.629999999999995,0.4399999999999995,-706.3999999999996,-3.6700000000000017
130,1,55.95,71.03,79.49,7.77,0.855,8689.38,95.52,0,55,0,30.17,122,80,176.9,0,0,0,55.95,0.0,7.77,0.0,0.855,0.0,8689.38,0.0,71.03,0.0,0.0,0.0,0.0,0.0
130,2,48.65,78.15,85.87,6.36,0.852,7065.93,83.97,0,55,0,30.17,122,80,176.9,0,0,0,55.95,-7.300000000000004,7.77,-1.4099999999999993,0.855,-0.0030000000000000027,8689.38,-1623.449999999999,71.03,7.1200000000000045,7.300000000000004,1.4099999999999993,1623.449999999999,7.1200000000000045
130,3,43.5,75.54,85.19,6.51,0.782,5937.69,73.21,0,55,0,30.17,122,80,176.9,0,0,0,55.95,-12.450000000000003,7.77,-1.2599999999999998,0.855,-0.07299999999999995,8689.38,-2751.6899999999996,71.03,4.510000000000005,12.450000000000003,1.2599999999999998,2751.6899999999996,4.510000000000005
130,4,41.51,77.75,85.27,6.21,0.762,5249.89,67.53,0,55,0,30.17,122,80,176.9,0,0,0,55.95,-14.440000000000005,7.77,-1.5599999999999996,0.855,-0.09299999999999997,8689.38,-3439.489999999999,71.03,6.719999999999999,14.440000000000005,1.5599999999999996,3439.489999999999,6.719999999999999
130,5,29.2,84.15,92.93,5.6,0.701,5480.82,66.74,0,55,0,30.17,122,80,176.9,0,0,0,55.95,-26.750000000000004,7.77,-2.17,0.855,-0.15400000000000003,8689.38,-3208.5599999999995,71.03,13.120000000000005,26.750000000000004,2.17,3208.5599999999995,13.120000000000005
130,6,25.58,89.58,94.96,4.99,0.681,4109.61,56.24,0,55,0,30.17,122,80,176.9,0,0,0,55.95,-30.370000000000005,7.77,-2.7799999999999994,0.855,-0.17399999999999993,8689.38,-4579.7699999999995,71.03,18.549999999999997,30.370000000000005,2.7799999999999994,4579.7699999999995,18.549999999999997
130,7,25.41,89.88,98.27,5.39,0.614,4810.56,58.51,0,55,0,30.17,122,80,176.9,0,0,0,55.95,-30.540000000000003,7.77,-2.38,0.855,-0.241,8689.38,-3878.819999999999,71.03,18.849999999999994,30.540000000000003,2.38,3878.819999999999,18.849999999999994
130,8,30.2,93.68,104.13,4.34,0.585,2958.47,44.3,1,55,0,30.17,122,80,176.9,0,0,0,55.95,-25.750000000000004,7.77,-3.4299999999999997,0.855,-0.27,8689.38,-5730.91,71.03,22.650000000000006,25.750000000000004,3.4299999999999997,5730.91,22.650000000000006
130,9,37.7,81.36,91.55,5.82,0.694,4765.78,61.42,1,55,0,30.17,122,80,176.9,0,0,0,55.95,-18.25,7.77,-1.9499999999999993,0.855,-0.16100000000000003,8689.38,-3923.5999999999995,71.03,10.329999999999998,18.25,1.9499999999999993,3923.5999999999995,10.329999999999998
130,10,57.35,68.49,78.33,7.86,0.888,7437.31,88.03,0,55,0,30.17,122,80,176.9,0,0,0,55.95,1.3999999999999986,7.77,0.09000000000000075,0.855,0.03300000000000003,8689.38,-1252.0699999999988,71.03,-2.5400000000000063,-1.3999999999999986,-0.09000000000000075,1252.0699999999988,-2.5400000000000063
131,1,43.81,67.05,73.55,7.36,0.846,9246.18,99.11,0,74,0,30.36,143,78,241.2,1,1,0,43.81,0.0,7.36,0.0,0.846,0.0,9246.18,0.0,67.05,0.0,0.0,0.0,0.0,0.0
131,2,33.58,75.7,85.47,6.37,0.833,9159.1,97.96,0,74,0,30.36,143,78,241.2,1,1,0,43.81,-10.230000000000004,7.36,-0.9900000000000002,0.846,-0.013000000000000012,9246.18,-87.07999999999993,67.05,8.650000000000006,10.230000000000004,0.9900000000000002,87.07999999999993,8.650000000000006
131,3,30.71,76.11,85.04,6.19,0.783,6968.7,80.5,0,74,0,30.36,143,78,241.2,1,1,0,43.81,-13.100000000000001,7.36,-1.17,0.846,-0.06299999999999994,9246.18,-2277.4800000000005,67.05,9.060000000000002,13.100000000000001,1.17,2277.4800000000005,9.060000000000002
131,4,22.2,85.32,89.78,5.7,0.675,3656.93,52.82,0,74,0,30.36,143,78,241.2,1,1,0,43.81,-21.610000000000003,7.36,-1.6600000000000001,0.846,-0.17099999999999993,9246.18,-5589.25,67.05,18.269999999999996,21.610000000000003,1.6600000000000001,5589.25,18.269999999999996
131,5,22.61,90.61,98.07,4.89,0.587,1318.68,32.8,0,74,0,30.36,143,78,241.2,1,1,0,43.81,-21.200000000000003,7.36,-2.4700000000000006,0.846,-0.259,9246.18,-7927.5,67.05,23.560000000000002,21.200000000000003,2.4700000000000006,7927.5,23.560000000000002
131,6,17.0,91.9,101.81,3.49,0.503,2360.08,36.79,1,74,0,30.36,143,78,241.2,1,1,0,43.81,-26.810000000000002,7.36,-3.87,0.846,-0.34299999999999997,9246.18,-6886.1,67.05,24.85000000000001,26.810000000000002,3.87,6886.1,24.85000000000001
131,7,28.45,81.17,89.82,6.21,0.726,5312.78,66.56,1,74,0,30.36,143,78,241.2,1,1,0,43.81,-15.360000000000003,7.36,-1.1500000000000004,0.846,-0.12,9246.18,-3933.4000000000005,67.05,14.120000000000005,15.360000000000003,1.1500000000000004,3933.4000000000005,14.120000000000005
131,8,45.06,67.95,75.3,6.88,0.88,7912.87,91.04,0,74,0,30.36,143,78,241.2,1,1,0,43.81,1.25,7.36,-0.4800000000000004,0.846,0.03400000000000003,9246.18,-1333.3100000000004,67.05,0.9000000000000057,-1.25,0.4800000000000004,1333.3100000000004,0.9000000000000057
131,9,42.34,70.35,79.64,7.86,0.866,10299.98,100.0,0,74,0,30.36,143,78,241.2,1,1,0,43.81,-1.4699999999999989,7.36,0.5,0.846,0.020000000000000018,9246.18,1053.7999999999993,67.05,3.299999999999997,1.4699999999999989,-0.5,-1053.7999999999993,3.299999999999997
131,10,36.31,70.42,78.58,7.84,0.896,8021.8,92.48,0,74,0,30.36,143,78,241.2,1,1,0,43.81,-7.5,7.36,0.47999999999999954,0.846,0.050000000000000044,9246.18,-1224.38,67.05,3.3700000000000045,7.5,-0.47999999999999954,1224.38,3.3700000000000045
132,1,50.62,71.1,76.02,7.19,0.905,8615.0,97.03,0,72,0,28.97,116,92,170.0,0,1,0,50.62,0.0,7.19,0.0,0.905,0.0,8615.0,0.0,71.1,0.0,0.0,0.0,0.0,0.0
132,2,42.3,72.22,78.61,5.84,0.875,7991.25,91.39,0,72,0,28.97,116,92,170.0,0,1,0,50.62,-8.32,7.19,-1.3500000000000005,0.905,-0.030000000000000027,8615.0,-623.75,71.1,1.1200000000000045,8.32,1.3500000000000005,623.75,1.1200000000000045
132,3,37.8,78.6,87.45,6.41,0.812,4519.49,64.39,0,72,0,28.97,116,92,170.0,0,1,0,50.62,-12.82,7.19,-0.7800000000000002,0.905,-0.09299999999999997,8615.0,-4095.51,71.1,7.5,12.82,0.7800000000000002,4095.51,7.5
132,4,32.78,79.84,87.21,5.79,0.73,5865.46,70.59,0,72,0,28.97,116,92,170.0,0,1,0,50.62,-17.839999999999996,7.19,-1.4000000000000004,0.905,-0.17500000000000004,8615.0,-2749.54,71.1,8.740000000000009,17.839999999999996,1.4000000000000004,2749.54,8.740000000000009
132,5,32.17,86.08,90.71,6.63,0.63,3750.45,51.66,0,72,0,28.97,116,92,170.0,0,1,0,50.62,-18.449999999999996,7.19,-0.5600000000000005,0.905,-0.275,8615.0,-4864.55,71.1,14.980000000000004,18.449999999999996,0.5600000000000005,4864.55,14.980000000000004
132,6,23.66,87.8,94.81,5.44,0.667,4796.09,60.53,0,72,0,28.97,116,92,170.0,0,1,0,50.62,-26.959999999999997,7.19,-1.75,0.905,-0.238,8615.0,-3818.91,71.1,16.700000000000003,26.959999999999997,1.75,3818.91,16.700000000000003
132,7,23.11,87.66,98.72,3.81,0.639,4669.09,58.52,0,72,0,28.97,116,92,170.0,0,1,0,50.62,-27.509999999999998,7.19,-3.3800000000000003,0.905,-0.266,8615.0,-3945.91,71.1,16.560000000000002,27.509999999999998,3.3800000000000003,3945.91,16.560000000000002
132,8,17.87,97.25,104.95,4.67,0.569,2035.98,37.15,1,72,0,28.97,116,92,170.0,0,1,0,50.62,-32.75,7.19,-2.5200000000000005,0.905,-0.3360000000000001,8615.0,-6579.02,71.1,26.150000000000006,32.75,2.5200000000000005,6579.02,26.150000000000006
132,9,27.39,83.39,93.18,5.93,0.715,4907.13,63.23,1,72,0,28.97,116,92,170.0,0,1,0,50.62,-23.229999999999997,7.19,-1.2600000000000007,0.905,-0.19000000000000006,8615.0,-3707.87,71.1,12.290000000000006,23.229999999999997,1.2600000000000007,3707.87,12.290000000000006
132,10,40.85,71.85,80.26,7.11,0.814,7163.43,83.14,0,72,0,28.97,116,92,170.0,0,1,0,50.62,-9.769999999999996,7.19,-0.08000000000000007,0.905,-0.09100000000000008,8615.0,-1451.5699999999997,71.1,0.75,9.769999999999996,0.08000000000000007,1451.5699999999997,0.75
133,1,48.0,72.94,76.99,7.25,0.89,8938.87,98.68,0,41,1,33.0,121,80,177.2,0,1,0,48.0,0.0,7.25,0.0,0.89,0.0,8938.87,0.0,72.94,0.0,0.0,0.0,0.0,0.0
133,2,42.76,79.31,88.23,6.86,0.856,7170.56,84.84,0,41,1,33.0,121,80,177.2,0,1,0,48.0,-5.240000000000002,7.25,-0.3899999999999997,0.89,-0.03400000000000003,8938.87,-1768.3100000000004,72.94,6.3700000000000045,5.240000000000002,0.3899999999999997,1768.3100000000004,6.3700000000000045
133,3,42.03,81.27,85.27,6.57,0.847,2581.72,52.11,0,41,1,33.0,121,80,177.2,0,1,0,48.0,-5.969999999999999,7.25,-0.6799999999999997,0.89,-0.04300000000000004,8938.87,-6357.1500000000015,72.94,8.329999999999998,5.969999999999999,0.6799999999999997,6357.1500000000015,8.329999999999998
133,4,33.17,85.94,94.13,6.04,0.792,5272.81,68.9,0,41,1,33.0,121,80,177.2,0,1,0,48.0,-14.829999999999998,7.25,-1.21,0.89,-0.09799999999999998,8938.87,-3666.0600000000004,72.94,13.0,14.829999999999998,1.21,3666.0600000000004,13.0
133,5,26.18,82.15,88.9,5.07,0.67,4807.38,60.73,0,41,1,33.0,121,80,177.2,0,1,0,48.0,-21.82,7.25,-2.1799999999999997,0.89,-0.21999999999999997,8938.87,-4131.490000000001,72.94,9.210000000000008,21.82,2.1799999999999997,4131.490000000001,9.210000000000008
133,6,32.95,91.65,94.12,5.27,0.676,3603.39,52.48,0,41,1,33.0,121,80,177.2,0,1,0,48.0,-15.049999999999997,7.25,-1.9800000000000004,0.89,-0.21399999999999997,8938.87,-5335.480000000001,72.94,18.710000000000008,15.049999999999997,1.9800000000000004,5335.480000000001,18.710000000000008
133,7,28.71,91.94,97.79,4.46,0.652,3555.63,51.17,0,41,1,33.0,121,80,177.2,0,1,0,48.0,-19.29,7.25,-2.79,0.89,-0.238,8938.87,-5383.240000000001,72.94,19.0,19.29,2.79,5383.240000000001,19.0
133,8,17.88,95.95,108.07,3.95,0.572,2110.04,37.77,1,41,1,33.0,121,80,177.2,0,1,0,48.0,-30.12,7.25,-3.3,0.89,-0.31800000000000006,8938.87,-6828.830000000001,72.94,23.010000000000005,30.12,3.3,6828.830000000001,23.010000000000005
133,9,35.04,88.77,93.85,6.26,0.76,4962.81,65.44,1,41,1,33.0,121,80,177.2,0,1,0,48.0,-12.96,7.25,-0.9900000000000002,0.89,-0.13,8938.87,-3976.0600000000004,72.94,15.829999999999998,12.96,0.9900000000000002,3976.0600000000004,15.829999999999998
133,10,49.11,72.39,80.42,7.39,0.918,6081.13,79.66,0,41,1,33.0,121,80,177.2,0,1,0,48.0,1.1099999999999994,7.25,0.13999999999999968,0.89,0.028000000000000025,8938.87,-2857.7400000000007,72.94,-0.5499999999999972,-1.1099999999999994,-0.13999999999999968,2857.7400000000007,-0.5499999999999972
134,1,53.72,70.4,74.02,8.15,0.808,5571.85,71.64,0,57,0,24.4,161,86,198.0,0,1,0,53.72,0.0,8.15,0.0,0.808,0.0,5571.85,0.0,70.4,0.0,0.0,0.0,0.0,0.0
134,2,43.66,69.99,76.59,6.93,0.853,7692.68,88.41,0,57,0,24.4,161,86,198.0,0,1,0,53.72,-10.060000000000002,8.15,-1.2200000000000006,0.808,0.04499999999999993,5571.85,2120.83,70.4,-0.4100000000000108,10.060000000000002,1.2200000000000006,-2120.83,-0.4100000000000108
134,3,40.36,75.96,84.65,6.47,0.803,8081.6,89.18,0,57,0,24.4,161,86,198.0,0,1,0,53.72,-13.36,8.15,-1.6800000000000006,0.808,-0.0050000000000000044,5571.85,2509.75,70.4,5.559999999999988,13.36,1.6800000000000006,-2509.75,5.559999999999988
134,4,31.1,81.37,87.69,5.9,0.796,6540.85,78.0,0,57,0,24.4,161,86,198.0,0,1,0,53.72,-22.619999999999997,8.15,-2.25,0.808,-0.01200000000000001,5571.85,969.0,70.4,10.969999999999999,22.619999999999997,2.25,-969.0,10.969999999999999
134,5,30.56,81.49,93.26,4.64,0.662,3748.99,52.94,0,57,0,24.4,161,86,198.0,0,1,0,53.72,-23.16,8.15,-3.5100000000000007,0.808,-0.14600000000000002,5571.85,-1822.8600000000006,70.4,11.08999999999999,23.16,3.5100000000000007,1822.8600000000006,11.08999999999999
134,6,25.31,87.54,92.74,5.18,0.698,4326.15,58.45,0,57,0,24.4,161,86,198.0,0,1,0,53.72,-28.41,8.15,-2.9700000000000006,0.808,-0.1100000000000001,5571.85,-1245.7000000000007,70.4,17.14,28.41,2.9700000000000006,1245.7000000000007,17.14
134,7,20.94,88.58,93.68,4.42,0.659,3483.26,50.95,0,57,0,24.4,161,86,198.0,0,1,0,53.72,-32.78,8.15,-3.7300000000000004,0.808,-0.14900000000000002,5571.85,-2088.59,70.4,18.179999999999993,32.78,3.7300000000000004,2088.59,18.179999999999993
134,8,16.0,90.12,98.3,3.76,0.577,2512.15,40.79,1,57,0,24.4,161,86,198.0,0,1,0,53.72,-37.72,8.15,-4.390000000000001,0.808,-0.2310000000000001,5571.85,-3059.7000000000003,70.4,19.72,37.72,4.390000000000001,3059.7000000000003,19.72
134,9,30.24,81.96,92.86,6.28,0.769,5757.13,71.4,1,57,0,24.4,161,86,198.0,0,1,0,53.72,-23.48,8.15,-1.87,0.808,-0.039000000000000035,5571.85,185.27999999999975,70.4,11.559999999999988,23.48,1.87,-185.27999999999975,11.559999999999988
134,10,50.44,69.62,77.77,8.22,0.882,8065.88,92.23,0,57,0,24.4,161,86,198.0,0,1,0,53.72,-3.280000000000001,8.15,0.07000000000000028,0.808,0.07399999999999995,5571.85,2494.0299999999997,70.4,-0.7800000000000011,3.280000000000001,-0.07000000000000028,-2494.0299999999997,-0.7800000000000011
135,1,50.77,74.2,84.53,6.81,0.853,9411.41,100.0,0,59,1,21.16,128,88,221.4,0,0,1,50.77,0.0,6.81,0.0,0.853,0.0,9411.41,0.0,74.2,0.0,0.0,0.0,0.0,0.0
135,2,48.06,72.33,82.7,7.11,0.82,7975.37,89.12,0,59,1,21.16,128,88,221.4,0,0,1,50.77,-2.710000000000001,6.81,0.3000000000000007,0.853,-0.03300000000000003,9411.41,-1436.04,74.2,-1.8700000000000045,2.710000000000001,-0.3000000000000007,1436.04,-1.8700000000000045
135,3,39.99,81.11,88.06,6.4,0.811,5877.96,73.95,0,59,1,21.16,128,88,221.4,0,0,1,50.77,-10.780000000000001,6.81,-0.40999999999999925,0.853,-0.041999999999999926,9411.41,-3533.45,74.2,6.909999999999997,10.780000000000001,0.40999999999999925,3533.45,6.909999999999997
135,4,29.53,82.37,89.04,5.66,0.789,5080.6,67.42,0,59,1,21.16,128,88,221.4,0,0,1,50.77,-21.240000000000002,6.81,-1.1499999999999995,0.853,-0.06399999999999995,9411.41,-4330.8099999999995,74.2,8.170000000000002,21.240000000000002,1.1499999999999995,4330.8099999999995,8.170000000000002
135,5,23.76,88.45,98.66,5.77,0.682,4013.64,55.61,0,59,1,21.16,128,88,221.4,0,0,1,50.77,-27.01,6.81,-1.04,0.853,-0.17099999999999993,9411.41,-5397.77,74.2,14.25,27.01,1.04,5397.77,14.25
135,6,19.95,86.95,92.63,4.55,0.643,3672.13,51.66,0,59,1,21.16,128,88,221.4,0,0,1,50.77,-30.820000000000004,6.81,-2.26,0.853,-0.20999999999999996,9411.41,-5739.28,74.2,12.75,30.820000000000004,2.26,5739.28,12.75
135,7,16.0,95.47,99.76,3.98,0.583,2543.33,41.28,1,59,1,21.16,128,88,221.4,0,0,1,50.77,-34.77,6.81,-2.8299999999999996,0.853,-0.27,9411.41,-6868.08,74.2,21.269999999999996,34.77,2.8299999999999996,6868.08,21.269999999999996
135,8,31.42,84.49,92.29,6.2,0.739,6054.43,72.3,1,59,1,21.16,128,88,221.4,0,0,1,50.77,-19.35,6.81,-0.6099999999999994,0.853,-0.11399999999999999,9411.41,-3356.9799999999996,74.2,10.289999999999992,19.35,0.6099999999999994,3356.9799999999996,10.289999999999992
135,9,47.91,69.54,80.23,6.97,0.894,7508.08,88.77,0,59,1,21.16,128,88,221.4,0,0,1,50.77,-2.8600000000000065,6.81,0.16000000000000014,0.853,0.041000000000000036,9411.41,-1903.33,74.2,-4.659999999999997,2.8600000000000065,-0.16000000000000014,1903.33,-4.659999999999997
135,10,54.07,70.76,81.31,7.46,0.892,9834.29,100.0,0,59,1,21.16,128,88,221.4,0,0,1,50.77,3.299999999999997,6.81,0.6500000000000004,0.853,0.039000000000000035,9411.41,422.880000000001,74.2,-3.4399999999999977,-3.299999999999997,-0.6500000000000004,-422.880000000001,-3.4399999999999977
136,1,47.08,68.56,79.26,8.02,0.907,8189.76,94.09,0,69,1,21.13,136,68,153.4,1,1,0,47.08,0.0,8.02,0.0,0.907,0.0,8189.76,0.0,68.56,0.0,0.0,0.0,0.0,0.0
136,2,34.98,74.46,79.83,6.61,0.789,4706.67,64.79,0,69,1,21.13,136,68,153.4,1,1,0,47.08,-12.100000000000001,8.02,-1.4099999999999993,0.907,-0.118,8189.76,-3483.09,68.56,5.8999999999999915,12.100000000000001,1.4099999999999993,3483.09,5.8999999999999915
136,3,23.64,85.3,93.64,4.72,0.653,3145.07,48.33,0,69,1,21.13,136,68,153.4,1,1,0,47.08,-23.439999999999998,8.02,-3.3,0.907,-0.254,8189.76,-5044.6900000000005,68.56,16.739999999999995,23.439999999999998,3.3,5044.6900000000005,16.739999999999995
136,4,16.0,91.93,100.03,3.37,0.596,1305.75,33.05,1,69,1,21.13,136,68,153.4,1,1,0,47.08,-31.08,8.02,-4.6499999999999995,0.907,-0.31100000000000005,8189.76,-6884.01,68.56,23.370000000000005,31.08,4.6499999999999995,6884.01,23.370000000000005
136,5,27.39,82.88,90.54,5.71,0.735,4666.04,62.32,1,69,1,21.13,136,68,153.4,1,1,0,47.08,-19.689999999999998,8.02,-2.3099999999999996,0.907,-0.17200000000000004,8189.76,-3523.7200000000003,68.56,14.319999999999993,19.689999999999998,2.3099999999999996,3523.7200000000003,14.319999999999993
136,6,45.9,64.79,72.33,7.43,0.865,8457.78,94.3,0,69,1,21.13,136,68,153.4,1,1,0,47.08,-1.1799999999999997,8.02,-0.5899999999999999,0.907,-0.04200000000000004,8189.76,268.02000000000044,68.56,-3.769999999999996,1.1799999999999997,0.5899999999999999,-268.02000000000044,-3.769999999999996
136,7,42.4,68.89,79.18,7.02,0.891,11369.49,100.0,0,69,1,21.13,136,68,153.4,1,1,0,47.08,-4.68,8.02,-1.0,0.907,-0.016000000000000014,8189.76,3179.7299999999996,68.56,0.3299999999999983,4.68,1.0,-3179.7299999999996,0.3299999999999983
136,8,52.44,67.84,77.64,7.44,0.868,7381.38,86.83,0,69,1,21.13,136,68,153.4,1,1,0,47.08,5.359999999999999,8.02,-0.5799999999999992,0.907,-0.039000000000000035,8189.76,-808.3800000000001,68.56,-0.7199999999999989,-5.359999999999999,0.5799999999999992,808.3800000000001,-0.7199999999999989
136,9,45.14,67.87,78.52,6.6,0.89,8493.32,95.57,0,69,1,21.13,136,68,153.4,1,1,0,47.08,-1.9399999999999977,8.02,-1.42,0.907,-0.017000000000000015,8189.76,303.5599999999995,68.56,-0.6899999999999977,1.9399999999999977,1.42,-303.5599999999995,-0.6899999999999977
136,10,44.48,68.4,78.24,6.84,0.896,7455.51,88.47,0,69,1,21.13,136,68,153.4,1,1,0,47.08,-2.6000000000000014,8.02,-1.1799999999999997,0.907,-0.01100000000000001,8189.76,-734.25,68.56,-0.1599999999999966,2.6000000000000014,1.1799999999999997,734.25,-0.1599999999999966
137,1,47.73,66.34,76.26,7.46,0.921,8196.26,94.71,0,66,1,18.0,134,84,137.0,0,0,0,47.73,0.0,7.46,0.0,0.921,0.0,8196.26,0.0,66.34,0.0,0.0,0.0,0.0,0.0
137,2,43.68,75.42,86.34,6.08,0.814,6657.84,79.56,0,66,1,18.0,134,84,137.0,0,0,0,47.73,-4.049999999999997,7.46,-1.38,0.921,-0.1070000000000001,8196.26,-1538.42,66.34,9.079999999999998,4.049999999999997,1.38,1538.42,9.079999999999998
137,3,31.89,87.7,93.28,5.68,0.629,6563.73,71.48,0,66,1,18.0,134,84,137.0,0,0,0,47.73,-15.839999999999996,7.46,-1.7800000000000002,0.921,-0.29200000000000004,8196.26,-1632.5300000000007,66.34,21.36,15.839999999999996,1.7800000000000002,1632.5300000000007,21.36
137,4,16.0,96.31,101.94,3.87,0.549,1951.21,35.74,1,66,1,18.0,134,84,137.0,0,0,0,47.73,-31.729999999999997,7.46,-3.59,0.921,-0.372,8196.26,-6245.05,66.34,29.97,31.729999999999997,3.59,6245.05,29.97
137,5,32.91,75.91,83.03,6.02,0.774,5250.87,68.04,1,66,1,18.0,134,84,137.0,0,0,0,47.73,-14.82,7.46,-1.4400000000000004,0.921,-0.14700000000000002,8196.26,-2945.3900000000003,66.34,9.569999999999993,14.82,1.4400000000000004,2945.3900000000003,9.569999999999993
137,6,48.41,64.29,75.47,6.66,0.897,9148.58,100.0,0,66,1,18.0,134,84,137.0,0,0,0,47.73,0.6799999999999997,7.46,-0.7999999999999998,0.921,-0.02400000000000002,8196.26,952.3199999999997,66.34,-2.049999999999997,-0.6799999999999997,0.7999999999999998,-952.3199999999997,-2.049999999999997
137,7,47.09,63.55,71.93,7.22,0.891,8267.42,93.99,0,66,1,18.0,134,84,137.0,0,0,0,47.73,-0.6399999999999935,7.46,-0.2400000000000002,0.921,-0.030000000000000027,8196.26,71.15999999999985,66.34,-2.7900000000000063,0.6399999999999935,0.2400000000000002,-71.15999999999985,-2.7900000000000063
137,8,49.63,66.15,67.75,8.4,0.857,8234.85,92.43,0,66,1,18.0,134,84,137.0,0,0,0,47.73,1.9000000000000057,7.46,0.9400000000000004,0.921,-0.06400000000000006,8196.26,38.590000000000146,66.34,-0.18999999999999773,-1.9000000000000057,-0.9400000000000004,-38.590000000000146,-0.18999999999999773
137,9,49.07,60.59,70.46,6.93,0.889,7277.78,86.92,0,66,1,18.0,134,84,137.0,0,0,0,47.73,1.3400000000000034,7.46,-0.5300000000000002,0.921,-0.03200000000000003,8196.26,-918.4800000000005,66.34,-5.75,-1.3400000000000034,0.5300000000000002,918.4800000000005,-5.75
137,10,48.47,63.46,64.89,7.29,0.863,8323.71,93.26,0,66,1,18.0,134,84,137.0,0,0,0,47.73,0.740000000000002,7.46,-0.16999999999999993,0.921,-0.05800000000000005,8196.26,127.44999999999891,66.34,-2.8800000000000026,-0.740000000000002,0.16999999999999993,-127.44999999999891,-2.8800000000000026
138,1,48.57,75.13,87.41,8.17,0.911,8226.31,94.53,0,51,1,29.87,144,92,174.2,1,0,1,48.57,0.0,8.17,0.0,0.911,0.0,8226.31,0.0,75.13,0.0,0.0,0.0,0.0,0.0
138,2,40.34,78.03,86.3,6.77,0.79,7718.94,86.07,0,51,1,29.87,144,92,174.2,1,0,1,48.57,-8.229999999999997,8.17,-1.4000000000000004,0.911,-0.121,8226.31,-507.3699999999999,75.13,2.9000000000000057,8.229999999999997,1.4000000000000004,507.3699999999999,2.9000000000000057
138,3,29.03,82.81,89.75,5.82,0.69,6977.43,76.87,0,51,1,29.87,144,92,174.2,1,0,1,48.57,-19.54,8.17,-2.3499999999999996,0.911,-0.22100000000000009,8226.31,-1248.8799999999992,75.13,7.680000000000007,19.54,2.3499999999999996,1248.8799999999992,7.680000000000007
138,4,35.44,94.27,101.35,5.38,0.662,4908.07,61.14,0,51,1,29.87,144,92,174.2,1,0,1,48.57,-13.130000000000003,8.17,-2.79,0.911,-0.249,8226.31,-3318.24,75.13,19.14,13.130000000000003,2.79,3318.24,19.14
138,5,21.03,98.82,109.91,4.07,0.559,2346.93,38.92,1,51,1,29.87,144,92,174.2,1,0,1,48.57,-27.54,8.17,-4.1,0.911,-0.352,8226.31,-5879.379999999999,75.13,23.689999999999998,27.54,4.1,5879.379999999999,23.689999999999998
138,6,35.24,85.24,96.93,6.38,0.694,4709.17,60.99,1,51,1,29.87,144,92,174.2,1,0,1,48.57,-13.329999999999998,8.17,-1.79,0.911,-0.21700000000000008,8226.31,-3517.1399999999994,75.13,10.11,13.329999999999998,1.79,3517.1399999999994,10.11
138,7,46.6,73.58,82.09,7.29,0.883,8897.89,98.12,0,51,1,29.87,144,92,174.2,1,0,1,48.57,-1.9699999999999989,8.17,-0.8799999999999999,0.911,-0.028000000000000025,8226.31,671.5799999999999,75.13,-1.5499999999999972,1.9699999999999989,0.8799999999999999,-671.5799999999999,-1.5499999999999972
138,8,49.47,72.86,80.13,7.09,0.869,8467.16,94.53,0,51,1,29.87,144,92,174.2,1,0,1,48.57,0.8999999999999986,8.17,-1.08,0.911,-0.04200000000000004,8226.31,240.85000000000036,75.13,-2.269999999999996,-0.8999999999999986,1.08,-240.85000000000036,-2.269999999999996
138,9,54.13,73.24,83.32,6.54,0.905,6950.58,85.28,0,51,1,29.87,144,92,174.2,1,0,1,48.57,5.560000000000002,8.17,-1.63,0.911,-0.006000000000000005,8226.31,-1275.7299999999996,75.13,-1.8900000000000006,-5.560000000000002,1.63,1275.7299999999996,-1.8900000000000006
138,10,46.97,74.61,85.76,7.32,0.885,9383.11,100.0,0,51,1,29.87,144,92,174.2,1,0,1,48.57,-1.6000000000000014,8.17,-0.8499999999999996,0.911,-0.026000000000000023,8226.31,1156.800000000001,75.13,-0.519999999999996,1.6000000000000014,0.8499999999999996,-1156.800000000001,-0.519999999999996
139,1,53.04,71.92,84.97,7.72,0.888,9057.38,99.44,0,46,1,31.64,121,85,154.4,0,0,0,53.04,0.0,7.72,0.0,0.888,0.0,9057.38,0.0,71.92,0.0,0.0,0.0,0.0,0.0
139,2,36.07,77.73,86.85,6.43,0.76,4605.7,62.9,0,46,1,31.64,121,85,154.4,0,0,0,53.04,-16.97,7.72,-1.29,0.888,-0.128,9057.38,-4451.679999999999,71.92,5.810000000000002,16.97,1.29,4451.679999999999,5.810000000000002
139,3,33.43,84.51,95.89,5.9,0.669,4032.69,55.25,0,46,1,31.64,121,85,154.4,0,0,0,53.04,-19.61,7.72,-1.8199999999999994,0.888,-0.21899999999999997,9057.38,-5024.689999999999,71.92,12.590000000000003,19.61,1.8199999999999994,5024.689999999999,12.590000000000003
139,4,16.0,96.02,106.26,4.42,0.567,2003.06,36.8,1,46,1,31.64,121,85,154.4,0,0,0,53.04,-37.04,7.72,-3.3,0.888,-0.32100000000000006,9057.38,-7054.32,71.92,24.099999999999994,37.04,3.3,7054.32,24.099999999999994
139,5,36.87,83.72,94.44,5.52,0.747,5564.3,69.15,1,46,1,31.64,121,85,154.4,0,0,0,53.04,-16.17,7.72,-2.2,0.888,-0.14100000000000001,9057.38,-3493.079999999999,71.92,11.799999999999997,16.17,2.2,3493.079999999999,11.799999999999997
139,6,52.85,70.74,80.93,7.47,0.921,9270.24,100.0,0,46,1,31.64,121,85,154.4,0,0,0,53.04,-0.18999999999999773,7.72,-0.25,0.888,0.03300000000000003,9057.38,212.86000000000058,71.92,-1.1800000000000068,0.18999999999999773,0.25,-212.86000000000058,-1.1800000000000068
139,7,47.78,68.56,75.99,7.31,0.926,8389.72,96.28,0,46,1,31.64,121,85,154.4,0,0,0,53.04,-5.259999999999998,7.72,-0.41000000000000014,0.888,0.038000000000000034,9057.38,-667.6599999999999,71.92,-3.3599999999999994,5.259999999999998,0.41000000000000014,667.6599999999999,-3.3599999999999994
139,8,58.16,66.53,73.86,7.81,0.863,7808.77,89.66,0,46,1,31.64,121,85,154.4,0,0,0,53.04,5.119999999999997,7.72,0.08999999999999986,0.888,-0.025000000000000022,9057.38,-1248.6099999999988,71.92,-5.390000000000001,-5.119999999999997,-0.08999999999999986,1248.6099999999988,-5.390000000000001
139,9,55.95,69.84,76.79,7.83,0.926,9108.91,100.0,0,46,1,31.64,121,85,154.4,0,0,0,53.04,2.9100000000000037,7.72,0.11000000000000032,0.888,0.038000000000000034,9057.38,51.530000000000655,71.92,-2.0799999999999983,-2.9100000000000037,-0.11000000000000032,-51.530000000000655,-2.0799999999999983
139,10,51.32,67.41,71.67,7.05,0.898,10498.02,100.0,0,46,1,31.64,121,85,154.4,0,0,0,53.04,-1.7199999999999989,7.72,-0.6699999999999999,0.888,0.010000000000000009,9057.38,1440.6400000000012,71.92,-4.510000000000005,1.7199999999999989,0.6699999999999999,-1440.6400000000012,-4.510000000000005
140,1,47.3,75.69,85.88,6.75,0.838,9356.61,99.56,0,65,1,33.17,148,90,177.3,1,0,0,47.3,0.0,6.75,0.0,0.838,0.0,9356.61,0.0,75.69,0.0,0.0,0.0,0.0,0.0
140,2,51.46,83.38,87.88,6.34,0.79,6388.26,76.71,0,65,1,33.17,148,90,177.3,1,0,0,47.3,4.160000000000004,6.75,-0.41000000000000014,0.838,-0.04799999999999993,9356.61,-2968.3500000000004,75.69,7.689999999999998,-4.160000000000004,0.41000000000000014,2968.3500000000004,7.689999999999998
140,3,42.11,79.11,87.79,6.09,0.76,7761.55,85.18,0,65,1,33.17,148,90,177.3,1,0,0,47.3,-5.189999999999998,6.75,-0.6600000000000001,0.838,-0.07799999999999996,9356.61,-1595.0600000000004,75.69,3.4200000000000017,5.189999999999998,0.6600000000000001,1595.0600000000004,3.4200000000000017
140,4,39.42,81.8,88.69,5.49,0.669,7851.8,82.18,0,65,1,33.17,148,90,177.3,1,0,0,47.3,-7.8799999999999955,6.75,-1.2599999999999998,0.838,-0.16899999999999993,9356.61,-1504.8100000000004,75.69,6.109999999999999,7.8799999999999955,1.2599999999999998,1504.8100000000004,6.109999999999999
140,5,26.02,81.15,93.85,5.03,0.672,5656.24,66.81,0,65,1,33.17,148,90,177.3,1,0,0,47.3,-21.279999999999998,6.75,-1.7199999999999998,0.838,-0.16599999999999993,9356.61,-3700.370000000001,75.69,5.460000000000008,21.279999999999998,1.7199999999999998,3700.370000000001,5.460000000000008
140,6,21.97,91.66,100.35,4.63,0.628,3646.85,50.85,0,65,1,33.17,148,90,177.3,1,0,0,47.3,-25.33,6.75,-2.12,0.838,-0.20999999999999996,9356.61,-5709.76,75.69,15.969999999999999,25.33,2.12,5709.76,15.969999999999999
140,7,24.82,96.37,98.11,4.54,0.543,2270.53,37.76,1,65,1,33.17,148,90,177.3,1,0,0,47.3,-22.479999999999997,6.75,-2.21,0.838,-0.29499999999999993,9356.61,-7086.08,75.69,20.680000000000007,22.479999999999997,2.21,7086.08,20.680000000000007
140,8,38.51,83.62,91.48,6.24,0.678,6360.49,72.02,1,65,1,33.17,148,90,177.3,1,0,0,47.3,-8.79,6.75,-0.5099999999999998,0.838,-0.15999999999999992,9356.61,-2996.120000000001,75.69,7.930000000000007,8.79,0.5099999999999998,2996.120000000001,7.930000000000007
140,9,46.39,69.65,80.33,7.93,0.89,7878.9,91.22,0,65,1,33.17,148,90,177.3,1,0,0,47.3,-0.9099999999999966,6.75,1.1799999999999997,0.838,0.052000000000000046,9356.61,-1477.710000000001,75.69,-6.039999999999992,0.9099999999999966,-1.1799999999999997,1477.710000000001,-6.039999999999992
140,10,54.83,69.54,79.48,7.36,0.884,10277.54,100.0,0,65,1,33.17,148,90,177.3,1,0,0,47.3,7.530000000000001,6.75,0.6100000000000003,0.838,0.04600000000000004,9356.61,920.9300000000003,75.69,-6.1499999999999915,-7.530000000000001,-0.6100000000000003,-920.9300000000003,-6.1499999999999915
141,1,48.27,73.81,85.43,7.72,0.895,10656.84,100.0,0,48,1,26.4,157,68,194.0,0,0,1,48.27,0.0,7.72,0.0,0.895,0.0,10656.84,0.0,73.81,0.0,0.0,0.0,0.0,0.0
141,2,43.5,77.7,82.98,6.55,0.857,8536.75,94.54,0,48,1,26.4,157,68,194.0,0,0,1,48.27,-4.770000000000003,7.72,-1.17,0.895,-0.038000000000000034,10656.84,-2120.09,73.81,3.8900000000000006,4.770000000000003,1.17,2120.09,3.8900000000000006
141,3,35.27,83.95,95.82,6.22,0.815,7238.45,83.71,0,48,1,26.4,157,68,194.0,0,0,1,48.27,-13.0,7.72,-1.5,0.895,-0.08000000000000007,10656.84,-3418.3900000000003,73.81,10.14,13.0,1.5,3418.3900000000003,10.14
141,4,23.94,85.97,91.88,5.29,0.764,4665.31,63.51,0,48,1,26.4,157,68,194.0,0,0,1,48.27,-24.330000000000002,7.72,-2.4299999999999997,0.895,-0.131,10656.84,-5991.53,73.81,12.159999999999997,24.330000000000002,2.4299999999999997,5991.53,12.159999999999997
141,5,28.94,89.07,99.27,4.84,0.625,5136.35,61.26,0,48,1,26.4,157,68,194.0,0,0,1,48.27,-19.330000000000002,7.72,-2.88,0.895,-0.27,10656.84,-5520.49,73.81,15.259999999999991,19.330000000000002,2.88,5520.49,15.259999999999991
141,6,19.16,97.57,104.62,4.21,0.532,2757.86,40.75,1,48,1,26.4,157,68,194.0,0,0,1,48.27,-29.110000000000003,7.72,-3.51,0.895,-0.363,10656.84,-7898.98,73.81,23.75999999999999,29.110000000000003,3.51,7898.98,23.75999999999999
141,7,38.38,84.66,92.11,6.29,0.703,6480.93,73.86,1,48,1,26.4,157,68,194.0,0,0,1,48.27,-9.89,7.72,-1.4299999999999997,0.895,-0.19200000000000006,10656.84,-4175.91,73.81,10.849999999999994,9.89,1.4299999999999997,4175.91,10.849999999999994
141,8,51.46,68.66,78.21,7.19,0.923,9221.47,100.0,0,48,1,26.4,157,68,194.0,0,0,1,48.27,3.1899999999999977,7.72,-0.5299999999999994,0.895,0.028000000000000025,10656.84,-1435.3700000000008,73.81,-5.150000000000006,-3.1899999999999977,0.5299999999999994,1435.3700000000008,-5.150000000000006
141,9,54.4,70.18,80.54,8.07,0.898,8426.96,95.39,0,48,1,26.4,157,68,194.0,0,0,1,48.27,6.1299999999999955,7.72,0.35000000000000053,0.895,0.0030000000000000027,10656.84,-2229.880000000001,73.81,-3.6299999999999955,-6.1299999999999955,-0.35000000000000053,2229.880000000001,-3.6299999999999955
141,10,44.69,68.63,73.46,7.53,0.901,8264.7,94.4,0,48,1,26.4,157,68,194.0,0,0,1,48.27,-3.5800000000000054,7.72,-0.1899999999999995,0.895,0.006000000000000005,10656.84,-2392.1399999999994,73.81,-5.180000000000007,3.5800000000000054,0.1899999999999995,2392.1399999999994,-5.180000000000007
142,1,47.27,63.66,72.19,6.81,0.966,8031.44,95.33,0,60,1,27.79,140,83,206.2,1,0,0,47.27,0.0,6.81,0.0,0.966,0.0,8031.44,0.0,63.66,0.0,0.0,0.0,0.0,0.0
142,2,39.59,76.91,82.01,6.33,0.763,5415.55,68.74,0,60,1,27.79,140,83,206.2,1,0,0,47.27,-7.68,6.81,-0.47999999999999954,0.966,-0.20299999999999996,8031.44,-2615.8899999999994,63.66,13.25,7.68,0.47999999999999954,2615.8899999999994,13.25
142,3,25.95,86.25,98.24,5.05,0.685,6132.98,70.69,0,60,1,27.79,140,83,206.2,1,0,0,47.27,-21.320000000000004,6.81,-1.7599999999999998,0.966,-0.2809999999999999,8031.44,-1898.46,63.66,22.590000000000003,21.320000000000004,1.7599999999999998,1898.46,22.590000000000003
142,4,28.65,87.38,92.72,5.18,0.645,3965.26,53.79,0,60,1,27.79,140,83,206.2,1,0,0,47.27,-18.620000000000005,6.81,-1.63,0.966,-0.32099999999999995,8031.44,-4066.1799999999994,63.66,23.72,18.620000000000005,1.63,4066.1799999999994,23.72
142,5,20.29,96.13,107.45,3.59,0.615,3303.75,47.91,1,60,1,27.79,140,83,206.2,1,0,0,47.27,-26.980000000000004,6.81,-3.2199999999999998,0.966,-0.351,8031.44,-4727.69,63.66,32.47,26.980000000000004,3.2199999999999998,4727.69,32.47
142,6,37.2,75.89,86.35,5.92,0.77,5413.7,69.02,1,60,1,27.79,140,83,206.2,1,0,0,47.27,-10.07,6.81,-0.8899999999999997,0.966,-0.19599999999999995,8031.44,-2617.74,63.66,12.230000000000004,10.07,0.8899999999999997,2617.74,12.230000000000004
142,7,54.17,67.64,75.3,8.12,0.911,8146.63,93.96,0,60,1,27.79,140,83,206.2,1,0,0,47.27,6.899999999999999,6.81,1.3099999999999996,0.966,-0.05499999999999994,8031.44,115.19000000000051,63.66,3.980000000000004,-6.899999999999999,-1.3099999999999996,-115.19000000000051,3.980000000000004
142,8,45.16,66.85,76.82,7.22,0.935,8489.26,97.34,0,60,1,27.79,140,83,206.2,1,0,0,47.27,-2.1100000000000065,6.81,0.41000000000000014,0.966,-0.030999999999999917,8031.44,457.8200000000006,63.66,3.1899999999999977,2.1100000000000065,-0.41000000000000014,-457.8200000000006,3.1899999999999977
142,9,48.74,67.98,75.5,7.63,0.889,7351.35,87.47,0,60,1,27.79,140,83,206.2,1,0,0,47.27,1.4699999999999989,6.81,0.8200000000000003,0.966,-0.07699999999999996,8031.44,-680.0899999999992,63.66,4.320000000000007,-1.4699999999999989,-0.8200000000000003,680.0899999999992,4.320000000000007
142,10,51.67,71.25,83.74,6.7,0.877,7399.84,87.32,0,60,1,27.79,140,83,206.2,1,0,0,47.27,4.399999999999999,6.81,-0.10999999999999943,0.966,-0.08899999999999997,8031.44,-631.5999999999995,63.66,7.590000000000003,-4.399999999999999,0.10999999999999943,631.5999999999995,7.590000000000003
143,1,46.12,67.66,76.91,6.84,0.844,6833.01,82.0,0,62,1,28.78,130,70,175.0,0,0,0,46.12,0.0,6.84,0.0,0.844,0.0,6833.01,0.0,67.66,0.0,0.0,0.0,0.0,0.0
143,2,43.13,74.36,78.09,6.61,0.841,7558.09,86.98,0,62,1,28.78,130,70,175.0,0,0,0,46.12,-2.989999999999995,6.84,-0.22999999999999954,0.844,-0.0030000000000000027,6833.01,725.0799999999999,67.66,6.700000000000003,2.989999999999995,0.22999999999999954,-725.0799999999999,6.700000000000003
143,3,38.3,81.3,89.01,5.94,0.773,5605.43,70.5,0,62,1,28.78,130,70,175.0,0,0,0,46.12,-7.82,6.84,-0.8999999999999995,0.844,-0.07099999999999995,6833.01,-1227.58,67.66,13.64,7.82,0.8999999999999995,1227.58,13.64
143,4,28.08,86.53,94.57,5.4,0.716,3798.32,55.44,0,62,1,28.78,130,70,175.0,0,0,0,46.12,-18.04,6.84,-1.4399999999999995,0.844,-0.128,6833.01,-3034.69,67.66,18.870000000000005,18.04,1.4399999999999995,3034.69,18.870000000000005
143,5,24.69,85.6,98.79,4.23,0.634,3495.73,50.04,0,62,1,28.78,130,70,175.0,0,0,0,46.12,-21.429999999999996,6.84,-2.6099999999999994,0.844,-0.20999999999999996,6833.01,-3337.28,67.66,17.939999999999998,21.429999999999996,2.6099999999999994,3337.28,17.939999999999998
143,6,17.19,97.09,103.9,4.19,0.542,1526.12,32.47,1,62,1,28.78,130,70,175.0,0,0,0,46.12,-28.929999999999996,6.84,-2.6499999999999995,0.844,-0.30199999999999994,6833.01,-5306.89,67.66,29.430000000000007,28.929999999999996,2.6499999999999995,5306.89,29.430000000000007
143,7,37.76,78.01,86.03,6.34,0.714,7026.3,78.14,1,62,1,28.78,130,70,175.0,0,0,0,46.12,-8.36,6.84,-0.5,0.844,-0.13,6833.01,193.28999999999996,67.66,10.350000000000009,8.36,0.5,-193.28999999999996,10.350000000000009
143,8,46.74,68.34,77.88,7.41,0.91,7797.51,91.43,0,62,1,28.78,130,70,175.0,0,0,0,46.12,0.6200000000000045,6.84,0.5700000000000003,0.844,0.06600000000000006,6833.01,964.5,67.66,0.6800000000000068,-0.6200000000000045,-0.5700000000000003,-964.5,0.6800000000000068
143,9,57.68,70.86,82.86,7.8,0.857,9152.85,98.88,0,62,1,28.78,130,70,175.0,0,0,0,46.12,11.560000000000002,6.84,0.96,0.844,0.013000000000000012,6833.01,2319.84,67.66,3.200000000000003,-11.560000000000002,-0.96,-2319.84,3.200000000000003
143,10,52.87,69.84,80.54,7.61,0.919,9583.79,100.0,0,62,1,28.78,130,70,175.0,0,0,0,46.12,6.75,6.84,0.7700000000000005,0.844,0.07500000000000007,6833.01,2750.7800000000007,67.66,2.180000000000007,-6.75,-0.7700000000000005,-2750.7800000000007,2.180000000000007
144,1,49.77,70.62,77.6,7.98,0.911,8403.62,95.75,0,50,0,26.82,123,77,191.0,1,1,1,49.77,0.0,7.98,0.0,0.911,0.0,8403.62,0.0,70.62,0.0,0.0,0.0,0.0,0.0
144,2,43.13,77.6,89.03,6.67,0.8,6997.89,81.4,0,50,0,26.82,123,77,191.0,1,1,1,49.77,-6.640000000000001,7.98,-1.3100000000000005,0.911,-0.11099999999999999,8403.62,-1405.7300000000005,70.62,6.97999999999999,6.640000000000001,1.3100000000000005,1405.7300000000005,6.97999999999999
144,3,30.66,82.6,92.49,6.24,0.783,4497.33,63.07,0,50,0,26.82,123,77,191.0,1,1,1,49.77,-19.110000000000003,7.98,-1.7400000000000002,0.911,-0.128,8403.62,-3906.290000000001,70.62,11.97999999999999,19.110000000000003,1.7400000000000002,3906.290000000001,11.97999999999999
144,4,25.38,82.38,89.85,5.74,0.658,6980.51,75.59,0,50,0,26.82,123,77,191.0,1,1,1,49.77,-24.390000000000004,7.98,-2.24,0.911,-0.253,8403.62,-1423.1100000000006,70.62,11.759999999999991,24.390000000000004,2.24,1423.1100000000006,11.759999999999991
144,5,24.02,91.46,97.51,5.37,0.63,3570.39,50.39,0,50,0,26.82,123,77,191.0,1,1,1,49.77,-25.750000000000004,7.98,-2.6100000000000003,0.911,-0.281,8403.62,-4833.230000000001,70.62,20.83999999999999,25.750000000000004,2.6100000000000003,4833.230000000001,20.83999999999999
144,6,16.02,99.5,108.17,4.03,0.499,3363.13,43.71,1,50,0,26.82,123,77,191.0,1,1,1,49.77,-33.75,7.98,-3.95,0.911,-0.41200000000000003,8403.62,-5040.490000000001,70.62,28.879999999999995,33.75,3.95,5040.490000000001,28.879999999999995
144,7,35.66,85.56,91.03,5.13,0.731,5622.97,68.95,1,50,0,26.82,123,77,191.0,1,1,1,49.77,-14.110000000000007,7.98,-2.8500000000000005,0.911,-0.18000000000000005,8403.62,-2780.6500000000005,70.62,14.939999999999998,14.110000000000007,2.8500000000000005,2780.6500000000005,14.939999999999998
144,8,47.59,73.08,81.72,6.79,0.821,8255.53,91.12,0,50,0,26.82,123,77,191.0,1,1,1,49.77,-2.1799999999999997,7.98,-1.1900000000000004,0.911,-0.09000000000000008,8403.62,-148.09000000000015,70.62,2.4599999999999937,2.1799999999999997,1.1900000000000004,148.09000000000015,2.4599999999999937
144,9,44.91,72.26,81.04,7.09,0.911,8411.77,95.82,0,50,0,26.82,123,77,191.0,1,1,1,49.77,-4.8600000000000065,7.98,-0.8900000000000006,0.911,0.0,8403.62,8.149999999999636,70.62,1.6400000000000006,4.8600000000000065,0.8900000000000006,-8.149999999999636,1.6400000000000006
144,10,47.33,71.43,80.39,7.18,0.877,6620.35,81.81,0,50,0,26.82,123,77,191.0,1,1,1,49.77,-2.440000000000005,7.98,-0.8000000000000007,0.911,-0.03400000000000003,8403.62,-1783.2700000000004,70.62,0.8100000000000023,2.440000000000005,0.8000000000000007,1783.2700000000004,0.8100000000000023
145,1,46.61,71.03,77.74,7.39,0.897,9624.28,100.0,0,68,0,30.44,144,80,181.0,0,0,0,46.61,0.0,7.39,0.0,0.897,0.0,9624.28,0.0,71.03,0.0,0.0,0.0,0.0,0.0
145,2,34.88,74.23,81.9,5.47,0.83,6524.43,79.26,0,68,0,30.44,144,80,181.0,0,0,0,46.61,-11.729999999999997,7.39,-1.92,0.897,-0.06700000000000006,9624.28,-3099.8500000000004,71.03,3.200000000000003,11.729999999999997,1.92,3099.8500000000004,3.200000000000003
145,3,20.19,85.08,95.09,5.91,0.665,3705.32,52.77,0,68,0,30.44,144,80,181.0,0,0,0,46.61,-26.419999999999998,7.39,-1.4799999999999995,0.897,-0.23199999999999998,9624.28,-5918.960000000001,71.03,14.049999999999997,26.419999999999998,1.4799999999999995,5918.960000000001,14.049999999999997
145,4,23.67,95.37,102.0,3.86,0.58,3191.68,45.75,1,68,0,30.44,144,80,181.0,0,0,0,46.61,-22.939999999999998,7.39,-3.53,0.897,-0.31700000000000006,9624.28,-6432.6,71.03,24.340000000000003,22.939999999999998,3.53,6432.6,24.340000000000003
145,5,33.12,82.63,90.34,6.05,0.735,5832.95,70.57,1,68,0,30.44,144,80,181.0,0,0,0,46.61,-13.490000000000002,7.39,-1.3399999999999999,0.897,-0.16200000000000003,9624.28,-3791.330000000001,71.03,11.599999999999994,13.490000000000002,1.3399999999999999,3791.330000000001,11.599999999999994
145,6,47.07,73.52,83.5,7.48,0.906,7556.96,89.58,0,68,0,30.44,144,80,181.0,0,0,0,46.61,0.46000000000000085,7.39,0.09000000000000075,0.897,0.009000000000000008,9624.28,-2067.3200000000006,71.03,2.489999999999995,-0.46000000000000085,-0.09000000000000075,2067.3200000000006,2.489999999999995
145,7,50.11,73.09,77.52,7.54,0.849,8632.51,94.89,0,68,0,30.44,144,80,181.0,0,0,0,46.61,3.5,7.39,0.15000000000000036,0.897,-0.04800000000000004,9624.28,-991.7700000000004,71.03,2.0600000000000023,-3.5,-0.15000000000000036,991.7700000000004,2.0600000000000023
145,8,49.56,68.49,78.51,7.73,0.894,7321.52,87.44,0,68,0,30.44,144,80,181.0,0,0,0,46.61,2.950000000000003,7.39,0.34000000000000075,0.897,-0.0030000000000000027,9624.28,-2302.76,71.03,-2.5400000000000063,-2.950000000000003,-0.34000000000000075,2302.76,-2.5400000000000063
145,9,49.74,66.89,74.69,7.86,0.83,8961.41,96.47,0,68,0,30.44,144,80,181.0,0,0,0,46.61,3.1300000000000026,7.39,0.47000000000000064,0.897,-0.06700000000000006,9624.28,-662.8700000000008,71.03,-4.140000000000001,-3.1300000000000026,-0.47000000000000064,662.8700000000008,-4.140000000000001
145,10,45.06,71.25,81.57,7.36,0.893,10145.53,100.0,0,68,0,30.44,144,80,181.0,0,0,0,46.61,-1.5499999999999972,7.39,-0.02999999999999936,0.897,-0.0040000000000000036,9624.28,521.25,71.03,0.21999999999999886,1.5499999999999972,0.02999999999999936,-521.25,0.21999999999999886
146,1,47.28,69.33,81.12,7.7,0.878,8731.25,96.75,0,49,0,24.07,138,75,167.5,1,1,1,47.28,0.0,7.7,0.0,0.878,0.0,8731.25,0.0,69.33,0.0,0.0,0.0,0.0,0.0
146,2,36.9,79.44,88.55,6.73,0.811,7677.34,86.64,0,49,0,24.07,138,75,167.5,1,1,1,47.28,-10.380000000000003,7.7,-0.9699999999999998,0.878,-0.06699999999999995,8731.25,-1053.9099999999999,69.33,10.11,10.380000000000003,0.9699999999999998,1053.9099999999999,10.11
146,3,32.89,89.28,101.18,5.68,0.72,5785.99,69.65,0,49,0,24.07,138,75,167.5,1,1,1,47.28,-14.39,7.7,-2.0200000000000005,0.878,-0.15800000000000003,8731.25,-2945.26,69.33,19.950000000000003,14.39,2.0200000000000005,2945.26,19.950000000000003
146,4,16.0,97.92,101.81,3.89,0.561,2973.09,43.41,1,49,0,24.07,138,75,167.5,1,1,1,47.28,-31.28,7.7,-3.81,0.878,-0.31699999999999995,8731.25,-5758.16,69.33,28.590000000000003,31.28,3.81,5758.16,28.590000000000003
146,5,35.3,79.87,90.64,5.27,0.733,3213.35,52.0,1,49,0,24.07,138,75,167.5,1,1,1,47.28,-11.980000000000004,7.7,-2.4300000000000006,0.878,-0.14500000000000002,8731.25,-5517.9,69.33,10.540000000000006,11.980000000000004,2.4300000000000006,5517.9,10.540000000000006
146,6,48.77,71.16,81.1,7.63,0.918,8920.47,99.68,0,49,0,24.07,138,75,167.5,1,1,1,47.28,1.490000000000002,7.7,-0.07000000000000028,0.878,0.040000000000000036,8731.25,189.21999999999935,69.33,1.8299999999999983,-1.490000000000002,0.07000000000000028,-189.21999999999935,1.8299999999999983
146,7,50.24,68.38,75.06,7.14,0.946,6759.16,85.56,0,49,0,24.07,138,75,167.5,1,1,1,47.28,2.960000000000001,7.7,-0.5600000000000005,0.878,0.06799999999999995,8731.25,-1972.0900000000001,69.33,-0.9500000000000028,-2.960000000000001,0.5600000000000005,1972.0900000000001,-0.9500000000000028
146,8,51.9,67.59,81.54,7.07,0.852,8677.81,95.32,0,49,0,24.07,138,75,167.5,1,1,1,47.28,4.619999999999997,7.7,-0.6299999999999999,0.878,-0.026000000000000023,8731.25,-53.44000000000051,69.33,-1.7399999999999949,-4.619999999999997,0.6299999999999999,53.44000000000051,-1.7399999999999949
146,9,43.69,72.41,79.44,7.37,0.888,7818.74,90.71,0,49,0,24.07,138,75,167.5,1,1,1,47.28,-3.5900000000000034,7.7,-0.33000000000000007,0.878,0.010000000000000009,8731.25,-912.5100000000002,69.33,3.0799999999999983,3.5900000000000034,0.33000000000000007,912.5100000000002,3.0799999999999983
146,10,50.96,71.12,81.31,6.58,0.907,8792.8,98.37,0,49,0,24.07,138,75,167.5,1,1,1,47.28,3.6799999999999997,7.7,-1.12,0.878,0.029000000000000026,8731.25,61.54999999999927,69.33,1.7900000000000063,-3.6799999999999997,1.12,-61.54999999999927,1.7900000000000063
147,1,51.57,72.02,81.08,7.22,0.861,8005.87,90.95,0,68,1,29.48,114,69,204.3,1,1,1,51.57,0.0,7.22,0.0,0.861,0.0,8005.87,0.0,72.02,0.0,0.0,0.0,0.0,0.0
147,2,41.87,77.9,87.78,6.87,0.797,6598.62,78.44,0,68,1,29.48,114,69,204.3,1,1,1,51.57,-9.700000000000003,7.22,-0.34999999999999964,0.861,-0.06399999999999995,8005.87,-1407.25,72.02,5.88000000000001,9.700000000000003,0.34999999999999964,1407.25,5.88000000000001
147,3,31.47,80.02,90.29,6.2,0.746,5634.34,69.62,0,68,1,29.48,114,69,204.3,1,1,1,51.57,-20.1,7.22,-1.0199999999999996,0.861,-0.11499999999999999,8005.87,-2371.5299999999997,72.02,8.0,20.1,1.0199999999999996,2371.5299999999997,8.0
147,4,28.33,86.11,97.48,5.29,0.675,5165.55,63.44,0,68,1,29.48,114,69,204.3,1,1,1,51.57,-23.240000000000002,7.22,-1.9299999999999997,0.861,-0.18599999999999994,8005.87,-2840.3199999999997,72.02,14.090000000000003,23.240000000000002,1.9299999999999997,2840.3199999999997,14.090000000000003
147,5,16.22,88.25,95.24,5.06,0.652,4050.12,54.65,0,68,1,29.48,114,69,204.3,1,1,1,51.57,-35.35,7.22,-2.16,0.861,-0.20899999999999996,8005.87,-3955.75,72.02,16.230000000000004,35.35,2.16,3955.75,16.230000000000004
147,6,16.0,99.66,103.16,4.6,0.6,2416.87,41.04,1,68,1,29.48,114,69,204.3,1,1,1,51.57,-35.57,7.22,-2.62,0.861,-0.261,8005.87,-5589.0,72.02,27.64,35.57,2.62,5589.0,27.64
147,7,28.86,86.03,97.14,5.45,0.724,4535.89,60.98,1,68,1,29.48,114,69,204.3,1,1,1,51.57,-22.71,7.22,-1.7699999999999996,0.861,-0.137,8005.87,-3469.9799999999996,72.02,14.010000000000005,22.71,1.7699999999999996,3469.9799999999996,14.010000000000005
147,8,48.17,73.65,76.88,6.88,0.926,6183.76,80.69,0,68,1,29.48,114,69,204.3,1,1,1,51.57,-3.3999999999999986,7.22,-0.33999999999999986,0.861,0.06500000000000006,8005.87,-1822.1099999999997,72.02,1.6300000000000097,3.3999999999999986,0.33999999999999986,1822.1099999999997,1.6300000000000097
147,9,41.83,77.22,82.15,7.15,0.9,9166.69,100.0,0,68,1,29.48,114,69,204.3,1,1,1,51.57,-9.740000000000002,7.22,-0.0699999999999994,0.861,0.039000000000000035,8005.87,1160.8200000000006,72.02,5.200000000000003,9.740000000000002,0.0699999999999994,-1160.8200000000006,5.200000000000003
147,10,40.48,72.7,81.06,6.64,0.918,9109.94,100.0,0,68,1,29.48,114,69,204.3,1,1,1,51.57,-11.090000000000003,7.22,-0.5800000000000001,0.861,0.05700000000000005,8005.87,1104.0700000000006,72.02,0.6800000000000068,11.090000000000003,0.5800000000000001,-1104.0700000000006,0.6800000000000068
148,1,52.11,67.95,72.54,7.63,0.92,9059.35,100.0,0,80,0,23.19,120,94,120.0,1,0,0,52.11,0.0,7.63,0.0,0.92,0.0,9059.35,0.0,67.95,0.0,0.0,0.0,0.0,0.0
148,2,46.71,68.96,80.38,7.11,0.845,7443.34,86.34,0,80,0,23.19,120,94,120.0,1,0,0,52.11,-5.399999999999999,7.63,-0.5199999999999996,0.92,-0.07500000000000007,9059.35,-1616.0100000000002,67.95,1.009999999999991,5.399999999999999,0.5199999999999996,1616.0100000000002,1.009999999999991
148,3,34.04,75.36,82.86,5.98,0.765,7266.71,81.9,0,80,0,23.19,120,94,120.0,1,0,0,52.11,-18.07,7.63,-1.6499999999999995,0.92,-0.15500000000000003,9059.35,-1792.6400000000003,67.95,7.409999999999997,18.07,1.6499999999999995,1792.6400000000003,7.409999999999997
148,4,27.8,82.27,88.28,5.96,0.679,4104.19,56.14,0,80,0,23.19,120,94,120.0,1,0,0,52.11,-24.31,7.63,-1.67,0.92,-0.241,9059.35,-4955.160000000001,67.95,14.319999999999993,24.31,1.67,4955.160000000001,14.319999999999993
148,5,21.14,88.67,97.74,5.0,0.604,3748.53,50.63,0,80,0,23.19,120,94,120.0,1,0,0,52.11,-30.97,7.63,-2.63,0.92,-0.31600000000000006,9059.35,-5310.82,67.95,20.72,30.97,2.63,5310.82,20.72
148,6,17.01,92.2,99.67,4.15,0.582,2318.74,39.65,1,80,0,23.19,120,94,120.0,1,0,0,52.11,-35.099999999999994,7.63,-3.4799999999999995,0.92,-0.3380000000000001,9059.35,-6740.610000000001,67.95,24.25,35.099999999999994,3.4799999999999995,6740.610000000001,24.25
148,7,35.2,76.99,84.7,6.46,0.742,7401.21,81.94,1,80,0,23.19,120,94,120.0,1,0,0,52.11,-16.909999999999997,7.63,-1.17,0.92,-0.17800000000000005,9059.35,-1658.1400000000003,67.95,9.039999999999992,16.909999999999997,1.17,1658.1400000000003,9.039999999999992
148,8,44.92,65.98,71.47,7.33,0.896,8193.6,93.68,0,80,0,23.19,120,94,120.0,1,0,0,52.11,-7.189999999999998,7.63,-0.2999999999999998,0.92,-0.02400000000000002,9059.35,-865.75,67.95,-1.9699999999999989,7.189999999999998,0.2999999999999998,865.75,-1.9699999999999989
148,9,52.72,66.86,78.63,7.42,0.9,9081.53,100.0,0,80,0,23.19,120,94,120.0,1,0,0,52.11,0.6099999999999994,7.63,-0.20999999999999996,0.92,-0.020000000000000018,9059.35,22.18000000000029,67.95,-1.0900000000000034,-0.6099999999999994,0.20999999999999996,-22.18000000000029,-1.0900000000000034
148,10,51.33,69.38,79.71,7.85,0.881,7858.75,90.72,0,80,0,23.19,120,94,120.0,1,0,0,52.11,-0.7800000000000011,7.63,0.21999999999999975,0.92,-0.039000000000000035,9059.35,-1200.6000000000004,67.95,1.4299999999999926,0.7800000000000011,-0.21999999999999975,1200.6000000000004,1.4299999999999926
149,1,46.62,66.68,72.84,7.04,0.913,7221.61,87.5,0,56,1,29.55,132,80,148.7,1,1,0,46.62,0.0,7.04,0.0,0.913,0.0,7221.61,0.0,66.68,0.0,0.0,0.0,0.0,0.0
149,2,40.44,72.77,78.54,6.81,0.825,5632.89,72.77,0,56,1,29.55,132,80,148.7,1,1,0,46.62,-6.18,7.04,-0.23000000000000043,0.913,-0.08800000000000008,7221.61,-1588.7199999999993,66.68,6.089999999999989,6.18,0.23000000000000043,1588.7199999999993,6.089999999999989
149,3,38.19,77.53,83.48,6.16,0.861,7186.99,85.16,0,56,1,29.55,132,80,148.7,1,1,0,46.62,-8.43,7.04,-0.8799999999999999,0.913,-0.052000000000000046,7221.61,-34.61999999999989,66.68,10.849999999999994,8.43,0.8799999999999999,34.61999999999989,10.849999999999994
149,4,30.79,81.77,88.88,7.17,0.719,7462.16,81.43,0,56,1,29.55,132,80,148.7,1,1,0,46.62,-15.829999999999998,7.04,0.1299999999999999,0.913,-0.19400000000000006,7221.61,240.55000000000018,66.68,15.08999999999999,15.829999999999998,-0.1299999999999999,-240.55000000000018,15.08999999999999
149,5,36.87,81.67,91.78,6.11,0.701,4057.3,56.66,0,56,1,29.55,132,80,148.7,1,1,0,46.62,-9.75,7.04,-0.9299999999999997,0.913,-0.21200000000000008,7221.61,-3164.3099999999995,66.68,14.989999999999995,9.75,0.9299999999999997,3164.3099999999995,14.989999999999995
149,6,29.41,89.98,98.98,4.68,0.693,4994.27,62.99,0,56,1,29.55,132,80,148.7,1,1,0,46.62,-17.209999999999997,7.04,-2.3600000000000003,0.913,-0.22000000000000008,7221.61,-2227.3399999999992,66.68,23.299999999999997,17.209999999999997,2.3600000000000003,2227.3399999999992,23.299999999999997
149,7,16.33,93.06,100.76,4.17,0.563,4125.46,51.63,0,56,1,29.55,132,80,148.7,1,1,0,46.62,-30.29,7.04,-2.87,0.913,-0.3500000000000001,7221.61,-3096.1499999999996,66.68,26.379999999999995,30.29,2.87,3096.1499999999996,26.379999999999995
149,8,18.91,91.24,100.72,4.3,0.586,2872.66,43.72,1,56,1,29.55,132,80,148.7,1,1,0,46.62,-27.709999999999997,7.04,-2.74,0.913,-0.32700000000000007,7221.61,-4348.95,66.68,24.559999999999988,27.709999999999997,2.74,4348.95,24.559999999999988
149,9,30.05,85.06,93.25,6.32,0.718,7480.57,81.51,1,56,1,29.55,132,80,148.7,1,1,0,46.62,-16.569999999999997,7.04,-0.7199999999999998,0.913,-0.19500000000000006,7221.61,258.96000000000004,66.68,18.379999999999995,16.569999999999997,0.7199999999999998,-258.96000000000004,18.379999999999995
149,10,47.32,71.63,77.56,8.38,0.85,8504.15,94.01,0,56,1,29.55,132,80,148.7,1,1,0,46.62,0.7000000000000028,7.04,1.3400000000000007,0.913,-0.06300000000000006,7221.61,1282.54,66.68,4.949999999999989,-0.7000000000000028,-1.3400000000000007,-1282.54,4.949999999999989
150,1,49.25,65.19,72.26,7.34,0.889,9915.93,100.0,0,42,0,25.79,112,95,162.1,0,1,0,49.25,0.0,7.34,0.0,0.889,0.0,9915.93,0.0,65.19,0.0,0.0,0.0,0.0,0.0
150,2,44.22,73.34,78.98,6.26,0.814,9104.64,96.82,0,42,0,25.79,112,95,162.1,0,1,0,49.25,-5.030000000000001,7.34,-1.08,0.889,-0.07500000000000007,9915.93,-811.2900000000009,65.19,8.150000000000006,5.030000000000001,1.08,811.2900000000009,8.150000000000006
150,3,34.39,78.15,84.91,5.17,0.741,8145.23,87.14,0,42,0,25.79,112,95,162.1,0,1,0,49.25,-14.86,7.34,-2.17,0.889,-0.14800000000000002,9915.93,-1770.7000000000007,65.19,12.960000000000008,14.86,2.17,1770.7000000000007,12.960000000000008
150,4,24.82,84.84,92.24,5.15,0.603,2195.4,39.63,0,42,0,25.79,112,95,162.1,0,1,0,49.25,-24.43,7.34,-2.1899999999999995,0.889,-0.28600000000000003,9915.93,-7720.530000000001,65.19,19.650000000000006,24.43,2.1899999999999995,7720.530000000001,19.650000000000006
150,5,16.63,94.24,102.1,4.66,0.498,2969.36,40.89,1,42,0,25.79,112,95,162.1,0,1,0,49.25,-32.620000000000005,7.34,-2.6799999999999997,0.889,-0.391,9915.93,-6946.57,65.19,29.049999999999997,32.620000000000005,2.6799999999999997,6946.57,29.049999999999997
150,6,38.24,82.69,88.91,5.87,0.727,5602.39,68.64,1,42,0,25.79,112,95,162.1,0,1,0,49.25,-11.009999999999998,7.34,-1.4699999999999998,0.889,-0.16200000000000003,9915.93,-4313.54,65.19,17.5,11.009999999999998,1.4699999999999998,4313.54,17.5
150,7,54.12,72.3,80.37,7.06,0.889,9258.73,100.0,0,42,0,25.79,112,95,162.1,0,1,0,49.25,4.869999999999997,7.34,-0.28000000000000025,0.889,0.0,9915.93,-657.2000000000007,65.19,7.109999999999999,-4.869999999999997,0.28000000000000025,657.2000000000007,7.109999999999999
150,8,55.72,75.4,82.04,7.21,0.872,7712.14,89.33,0,42,0,25.79,112,95,162.1,0,1,0,49.25,6.469999999999999,7.34,-0.1299999999999999,0.889,-0.017000000000000015,9915.93,-2203.79,65.19,10.210000000000008,-6.469999999999999,0.1299999999999999,2203.79,10.210000000000008
150,9,50.77,68.73,76.73,7.3,0.825,9196.79,97.92,0,42,0,25.79,112,95,162.1,0,1,0,49.25,1.5200000000000031,7.34,-0.040000000000000036,0.889,-0.06400000000000006,9915.93,-719.1399999999994,65.19,3.5400000000000063,-1.5200000000000031,0.040000000000000036,719.1399999999994,3.5400000000000063
150,10,52.52,68.22,79.61,7.67,0.841,7638.7,87.54,0,42,0,25.79,112,95,162.1,0,1,0,49.25,3.270000000000003,7.34,0.33000000000000007,0.889,-0.04800000000000004,9915.93,-2277.2300000000005,65.19,3.030000000000001,-3.270000000000003,-0.33000000000000007,2277.2300000000005,3.030000000000001
151,1,48.4,71.68,78.73,7.54,0.913,9346.26,100.0,0,71,0,20.9,120,97,193.1,0,0,0,48.4,0.0,7.54,0.0,0.913,0.0,9346.26,0.0,71.68,0.0,0.0,0.0,0.0,0.0
151,2,43.13,75.44,83.95,6.43,0.785,7727.81,85.97,0,71,0,20.9,120,97,193.1,0,0,0,48.4,-5.269999999999996,7.54,-1.1100000000000003,0.913,-0.128,9346.26,-1618.4499999999998,71.68,3.759999999999991,5.269999999999996,1.1100000000000003,1618.4499999999998,3.759999999999991
151,3,31.23,81.79,89.96,5.76,0.657,4841.16,60.44,0,71,0,20.9,120,97,193.1,0,0,0,48.4,-17.169999999999998,7.54,-1.7800000000000002,0.913,-0.256,9346.26,-4505.1,71.68,10.11,17.169999999999998,1.7800000000000002,4505.1,10.11
151,4,28.71,83.63,96.58,5.28,0.668,2891.17,47.14,0,71,0,20.9,120,97,193.1,0,0,0,48.4,-19.689999999999998,7.54,-2.26,0.913,-0.245,9346.26,-6455.09,71.68,11.949999999999989,19.689999999999998,2.26,6455.09,11.949999999999989
151,5,16.0,89.64,96.87,4.2,0.536,2215.76,37.07,1,71,0,20.9,120,97,193.1,0,0,0,48.4,-32.4,7.54,-3.34,0.913,-0.377,9346.26,-7130.5,71.68,17.959999999999994,32.4,3.34,7130.5,17.959999999999994
151,6,31.07,81.69,94.39,6.1,0.729,6374.88,74.18,1,71,0,20.9,120,97,193.1,0,0,0,48.4,-17.33,7.54,-1.4400000000000004,0.913,-0.18400000000000005,9346.26,-2971.38,71.68,10.009999999999991,17.33,1.4400000000000004,2971.38,10.009999999999991
151,7,51.05,67.26,72.63,8.22,0.892,7146.69,86.12,0,71,0,20.9,120,97,193.1,0,0,0,48.4,2.6499999999999986,7.54,0.6800000000000006,0.913,-0.02100000000000002,9346.26,-2199.5700000000006,71.68,-4.420000000000002,-2.6499999999999986,-0.6800000000000006,2199.5700000000006,-4.420000000000002
151,8,50.76,65.58,73.67,7.07,0.879,9581.8,100.0,0,71,0,20.9,120,97,193.1,0,0,0,48.4,2.3599999999999994,7.54,-0.46999999999999975,0.913,-0.03400000000000003,9346.26,235.53999999999905,71.68,-6.1000000000000085,-2.3599999999999994,0.46999999999999975,-235.53999999999905,-6.1000000000000085
151,9,55.22,65.75,73.37,7.67,0.839,7714.74,88.03,0,71,0,20.9,120,97,193.1,0,0,0,48.4,6.82,7.54,0.1299999999999999,0.913,-0.07400000000000007,9346.26,-1631.5200000000004,71.68,-5.930000000000007,-6.82,-0.1299999999999999,1631.5200000000004,-5.930000000000007
151,10,49.64,69.7,75.11,7.68,0.912,8338.8,95.35,0,71,0,20.9,120,97,193.1,0,0,0,48.4,1.240000000000002,7.54,0.13999999999999968,0.913,-0.0010000000000000009,9346.26,-1007.460000000001,71.68,-1.980000000000004,-1.240000000000002,-0.13999999999999968,1007.460000000001,-1.980000000000004
152,1,44.07,71.87,81.3,7.22,0.842,9253.66,98.98,0,43,1,33.65,142,83,134.4,0,1,0,44.07,0.0,7.22,0.0,0.842,0.0,9253.66,0.0,71.87,0.0,0.0,0.0,0.0,0.0
152,2,48.04,76.22,86.32,6.47,0.81,6548.2,78.64,0,43,1,33.65,142,83,134.4,0,1,0,44.07,3.969999999999999,7.22,-0.75,0.842,-0.03199999999999992,9253.66,-2705.46,71.87,4.349999999999994,-3.969999999999999,0.75,2705.46,4.349999999999994
152,3,38.83,78.27,86.86,6.45,0.783,10003.44,100.0,0,43,1,33.65,142,83,134.4,0,1,0,44.07,-5.240000000000002,7.22,-0.7699999999999996,0.842,-0.05899999999999994,9253.66,749.7800000000007,71.87,6.3999999999999915,5.240000000000002,0.7699999999999996,-749.7800000000007,6.3999999999999915
152,4,39.26,81.07,89.59,5.49,0.748,7204.88,80.77,0,43,1,33.65,142,83,134.4,0,1,0,44.07,-4.810000000000002,7.22,-1.7299999999999995,0.842,-0.09399999999999997,9253.66,-2048.7799999999997,71.87,9.199999999999989,4.810000000000002,1.7299999999999995,2048.7799999999997,9.199999999999989
152,5,33.1,84.97,89.53,4.75,0.695,4182.51,57.33,0,43,1,33.65,142,83,134.4,0,1,0,44.07,-10.969999999999999,7.22,-2.4699999999999998,0.842,-0.14700000000000002,9253.66,-5071.15,71.87,13.099999999999994,10.969999999999999,2.4699999999999998,5071.15,13.099999999999994
152,6,22.71,90.42,96.76,4.26,0.622,3303.78,48.19,0,43,1,33.65,142,83,134.4,0,1,0,44.07,-21.36,7.22,-2.96,0.842,-0.21999999999999997,9253.66,-5949.879999999999,71.87,18.549999999999997,21.36,2.96,5949.879999999999,18.549999999999997
152,7,16.0,91.15,102.42,4.82,0.603,3419.3,48.25,1,43,1,33.65,142,83,134.4,0,1,0,44.07,-28.07,7.22,-2.3999999999999995,0.842,-0.239,9253.66,-5834.36,71.87,19.28,28.07,2.3999999999999995,5834.36,19.28
152,8,37.43,80.34,87.62,5.87,0.8,7635.35,85.9,1,43,1,33.65,142,83,134.4,0,1,0,44.07,-6.640000000000001,7.22,-1.3499999999999996,0.842,-0.041999999999999926,9253.66,-1618.3099999999995,71.87,8.469999999999999,6.640000000000001,1.3499999999999996,1618.3099999999995,8.469999999999999
152,9,50.62,73.08,82.07,7.67,0.823,10439.29,100.0,0,43,1,33.65,142,83,134.4,0,1,0,44.07,6.549999999999997,7.22,0.4500000000000002,0.842,-0.019000000000000017,9253.66,1185.630000000001,71.87,1.2099999999999937,-6.549999999999997,-0.4500000000000002,-1185.630000000001,1.2099999999999937
152,10,48.22,66.72,75.94,6.33,0.932,8946.41,100.0,0,43,1,33.65,142,83,134.4,0,1,0,44.07,4.149999999999999,7.22,-0.8899999999999997,0.842,0.09000000000000008,9253.66,-307.25,71.87,-5.150000000000006,-4.149999999999999,0.8899999999999997,307.25,-5.150000000000006
153,1,50.74,67.52,75.75,7.09,0.935,10133.46,100.0,0,61,1,29.94,125,80,192.5,0,0,0,50.74,0.0,7.09,0.0,0.935,0.0,10133.46,0.0,67.52,0.0,0.0,0.0,0.0,0.0
153,2,43.76,70.25,77.34,7.26,0.841,9227.46,98.77,0,61,1,29.94,125,80,192.5,0,0,0,50.74,-6.980000000000004,7.09,0.16999999999999993,0.935,-0.09400000000000008,10133.46,-906.0,67.52,2.730000000000004,6.980000000000004,-0.16999999999999993,906.0,2.730000000000004
153,3,37.99,73.88,77.61,6.37,0.756,5552.44,69.45,0,61,1,29.94,125,80,192.5,0,0,0,50.74,-12.75,7.09,-0.7199999999999998,0.935,-0.17900000000000005,10133.46,-4581.0199999999995,67.52,6.359999999999999,12.75,0.7199999999999998,4581.0199999999995,6.359999999999999
153,4,39.96,79.7,85.53,5.7,0.77,5162.29,67.22,0,61,1,29.94,125,80,192.5,0,0,0,50.74,-10.780000000000001,7.09,-1.3899999999999997,0.935,-0.16500000000000004,10133.46,-4971.169999999999,67.52,12.180000000000007,10.780000000000001,1.3899999999999997,4971.169999999999,12.180000000000007
153,5,32.99,81.28,89.01,6.28,0.719,3837.4,55.84,0,61,1,29.94,125,80,192.5,0,0,0,50.74,-17.75,7.09,-0.8099999999999996,0.935,-0.21600000000000008,10133.46,-6296.0599999999995,67.52,13.760000000000005,17.75,0.8099999999999996,6296.0599999999995,13.760000000000005
153,6,24.28,82.69,90.67,5.62,0.631,4389.12,56.23,0,61,1,29.94,125,80,192.5,0,0,0,50.74,-26.46,7.09,-1.4699999999999998,0.935,-0.30400000000000005,10133.46,-5744.339999999999,67.52,15.170000000000002,26.46,1.4699999999999998,5744.339999999999,15.170000000000002
153,7,31.97,94.44,102.89,4.49,0.624,3143.2,47.14,0,61,1,29.94,125,80,192.5,0,0,0,50.74,-18.770000000000003,7.09,-2.5999999999999996,0.935,-0.31100000000000005,10133.46,-6990.259999999999,67.52,26.92,18.770000000000003,2.5999999999999996,6990.259999999999,26.92
153,8,16.0,95.12,103.85,3.78,0.512,3712.36,46.67,1,61,1,29.94,125,80,192.5,0,0,0,50.74,-34.74,7.09,-3.31,0.935,-0.42300000000000004,10133.46,-6421.0999999999985,67.52,27.60000000000001,34.74,3.31,6421.0999999999985,27.60000000000001
153,9,32.41,80.36,87.28,5.68,0.77,5759.94,71.46,1,61,1,29.94,125,80,192.5,0,0,0,50.74,-18.330000000000005,7.09,-1.4100000000000001,0.935,-0.16500000000000004,10133.46,-4373.5199999999995,67.52,12.840000000000003,18.330000000000005,1.4100000000000001,4373.5199999999995,12.840000000000003
153,10,51.42,74.36,82.09,7.5,0.871,8122.32,92.19,0,61,1,29.94,125,80,192.5,0,0,0,50.74,0.6799999999999997,7.09,0.41000000000000014,0.935,-0.06400000000000006,10133.46,-2011.1399999999994,67.52,6.840000000000003,-0.6799999999999997,-0.41000000000000014,2011.1399999999994,6.840000000000003
154,1,55.16,70.56,76.88,7.73,0.889,8863.47,98.11,0,59,0,22.68,98,84,232.4,1,0,0,55.16,0.0,7.73,0.0,0.889,0.0,8863.47,0.0,70.56,0.0,0.0,0.0,0.0,0.0
154,2,32.12,77.01,83.29,6.15,0.824,7110.98,83.17,0,59,0,22.68,98,84,232.4,1,0,0,55.16,-23.04,7.73,-1.58,0.889,-0.06500000000000006,8863.47,-1752.4899999999998,70.56,6.450000000000003,23.04,1.58,1752.4899999999998,6.450000000000003
154,3,27.14,79.37,89.03,5.92,0.727,4260.72,59.14,0,59,0,22.68,98,84,232.4,1,0,0,55.16,-28.019999999999996,7.73,-1.8100000000000005,0.889,-0.16200000000000003,8863.47,-4602.749999999999,70.56,8.810000000000002,28.019999999999996,1.8100000000000005,4602.749999999999,8.810000000000002
154,4,19.3,89.28,98.13,3.85,0.553,2971.37,43.09,1,59,0,22.68,98,84,232.4,1,0,0,55.16,-35.86,7.73,-3.8800000000000003,0.889,-0.33599999999999997,8863.47,-5892.099999999999,70.56,18.72,35.86,3.8800000000000003,5892.099999999999,18.72
154,5,30.69,77.15,83.13,5.74,0.748,3923.52,57.61,1,59,0,22.68,98,84,232.4,1,0,0,55.16,-24.469999999999995,7.73,-1.9900000000000002,0.889,-0.14100000000000001,8863.47,-4939.949999999999,70.56,6.590000000000003,24.469999999999995,1.9900000000000002,4939.949999999999,6.590000000000003
154,6,46.41,66.7,68.8,8.06,0.873,9242.5,100.0,0,59,0,22.68,98,84,232.4,1,0,0,55.16,-8.75,7.73,0.33000000000000007,0.889,-0.016000000000000014,8863.47,379.03000000000065,70.56,-3.8599999999999994,8.75,-0.33000000000000007,-379.03000000000065,-3.8599999999999994
154,7,48.61,69.75,78.99,6.2,0.858,6814.31,82.41,0,59,0,22.68,98,84,232.4,1,0,0,55.16,-6.549999999999997,7.73,-1.5300000000000002,0.889,-0.031000000000000028,8863.47,-2049.159999999999,70.56,-0.8100000000000023,6.549999999999997,1.5300000000000002,2049.159999999999,-0.8100000000000023
154,8,49.31,68.74,75.5,7.51,0.861,7746.4,89.14,0,59,0,22.68,98,84,232.4,1,0,0,55.16,-5.849999999999994,7.73,-0.22000000000000064,0.889,-0.028000000000000025,8863.47,-1117.0699999999997,70.56,-1.8200000000000074,5.849999999999994,0.22000000000000064,1117.0699999999997,-1.8200000000000074
154,9,47.35,72.72,80.33,6.93,0.882,9409.51,100.0,0,59,0,22.68,98,84,232.4,1,0,0,55.16,-7.809999999999995,7.73,-0.8000000000000007,0.889,-0.007000000000000006,8863.47,546.0400000000009,70.56,2.1599999999999966,7.809999999999995,0.8000000000000007,-546.0400000000009,2.1599999999999966
154,10,56.78,68.36,77.45,7.69,0.886,7886.42,91.12,0,59,0,22.68,98,84,232.4,1,0,0,55.16,1.6200000000000045,7.73,-0.040000000000000036,0.889,-0.0030000000000000027,8863.47,-977.0499999999993,70.56,-2.200000000000003,-1.6200000000000045,0.040000000000000036,977.0499999999993,-2.200000000000003
155,1,48.03,70.59,81.67,7.26,0.924,7693.98,91.27,0,60,0,29.67,140,76,183.6,0,0,0,48.03,0.0,7.26,0.0,0.924,0.0,7693.98,0.0,70.59,0.0,0.0,0.0,0.0,0.0
155,2,48.07,74.38,82.46,7.41,0.831,8971.79,96.56,0,60,0,29.67,140,76,183.6,0,0,0,48.03,0.03999999999999915,7.26,0.15000000000000036,0.924,-0.09300000000000008,7693.98,1277.8100000000013,70.59,3.789999999999992,-0.03999999999999915,-0.15000000000000036,-1277.8100000000013,3.789999999999992
155,3,34.79,75.67,86.15,6.7,0.812,7584.77,86.03,0,60,0,29.67,140,76,183.6,0,0,0,48.03,-13.240000000000002,7.26,-0.5599999999999996,0.924,-0.11199999999999999,7693.98,-109.20999999999913,70.59,5.079999999999998,13.240000000000002,0.5599999999999996,109.20999999999913,5.079999999999998
155,4,36.97,85.31,89.95,5.91,0.735,7392.99,81.58,0,60,0,29.67,140,76,183.6,0,0,0,48.03,-11.060000000000002,7.26,-1.3499999999999996,0.924,-0.18900000000000006,7693.98,-300.9899999999998,70.59,14.719999999999999,11.060000000000002,1.3499999999999996,300.9899999999998,14.719999999999999
155,5,30.02,82.38,92.43,4.87,0.665,4418.46,57.77,0,60,0,29.67,140,76,183.6,0,0,0,48.03,-18.01,7.26,-2.3899999999999997,0.924,-0.259,7693.98,-3275.5199999999995,70.59,11.789999999999992,18.01,2.3899999999999997,3275.5199999999995,11.789999999999992
155,6,22.6,93.4,104.55,4.11,0.641,3426.23,49.83,0,60,0,29.67,140,76,183.6,0,0,0,48.03,-25.43,7.26,-3.1499999999999995,0.924,-0.28300000000000003,7693.98,-4267.75,70.59,22.810000000000002,25.43,3.1499999999999995,4267.75,22.810000000000002
155,7,18.12,95.34,100.44,3.91,0.574,2103.17,37.8,1,60,0,29.67,140,76,183.6,0,0,0,48.03,-29.91,7.26,-3.3499999999999996,0.924,-0.3500000000000001,7693.98,-5590.8099999999995,70.59,24.75,29.91,3.3499999999999996,5590.8099999999995,24.75
155,8,36.72,85.44,92.19,5.99,0.744,6110.08,72.9,1,60,0,29.67,140,76,183.6,0,0,0,48.03,-11.310000000000002,7.26,-1.2699999999999996,0.924,-0.18000000000000005,7693.98,-1583.8999999999996,70.59,14.849999999999994,11.310000000000002,1.2699999999999996,1583.8999999999996,14.849999999999994
155,9,54.35,72.6,79.86,7.45,0.923,6288.45,81.31,0,60,0,29.67,140,76,183.6,0,0,0,48.03,6.32,7.26,0.1900000000000004,0.924,-0.0010000000000000009,7693.98,-1405.5299999999997,70.59,2.009999999999991,-6.32,-0.1900000000000004,1405.5299999999997,2.009999999999991
155,10,54.12,71.31,78.5,7.48,0.881,8754.14,97.04,0,60,0,29.67,140,76,183.6,0,0,0,48.03,6.089999999999996,7.26,0.22000000000000064,0.924,-0.04300000000000004,7693.98,1060.1599999999999,70.59,0.7199999999999989,-6.089999999999996,-0.22000000000000064,-1060.1599999999999,0.7199999999999989
156,1,54.02,65.41,73.75,7.23,0.919,8549.22,97.11,0,50,1,21.49,134,98,207.8,1,0,0,54.02,0.0,7.23,0.0,0.919,0.0,8549.22,0.0,65.41,0.0,0.0,0.0,0.0,0.0
156,2,51.0,70.86,77.88,6.21,0.856,8918.33,97.19,0,50,1,21.49,134,98,207.8,1,0,0,54.02,-3.020000000000003,7.23,-1.0200000000000005,0.919,-0.06300000000000006,8549.22,369.1100000000006,65.41,5.450000000000003,3.020000000000003,1.0200000000000005,-369.1100000000006,5.450000000000003
156,3,49.31,74.33,85.03,6.34,0.709,7713.58,82.81,0,50,1,21.49,134,98,207.8,1,0,0,54.02,-4.710000000000001,7.23,-0.8900000000000006,0.919,-0.21000000000000008,8549.22,-835.6399999999994,65.41,8.920000000000002,4.710000000000001,0.8900000000000006,835.6399999999994,8.920000000000002
156,4,41.17,82.05,92.06,5.89,0.715,4723.71,61.94,0,50,1,21.49,134,98,207.8,1,0,0,54.02,-12.850000000000001,7.23,-1.3400000000000007,0.919,-0.20400000000000007,8549.22,-3825.5099999999993,65.41,16.64,12.850000000000001,1.3400000000000007,3825.5099999999993,16.64
156,5,26.26,85.66,92.31,5.3,0.755,4273.87,60.38,0,50,1,21.49,134,98,207.8,1,0,0,54.02,-27.76,7.23,-1.9300000000000006,0.919,-0.16400000000000003,8549.22,-4275.349999999999,65.41,20.25,27.76,1.9300000000000006,4275.349999999999,20.25
156,6,27.25,89.4,95.45,4.41,0.618,4406.02,55.8,0,50,1,21.49,134,98,207.8,1,0,0,54.02,-26.770000000000003,7.23,-2.8200000000000003,0.919,-0.30100000000000005,8549.22,-4143.199999999999,65.41,23.99000000000001,26.770000000000003,2.8200000000000003,4143.199999999999,23.99000000000001
156,7,21.45,91.04,98.83,4.88,0.601,2651.43,42.77,1,50,1,21.49,134,98,207.8,1,0,0,54.02,-32.57000000000001,7.23,-2.3500000000000005,0.919,-0.31800000000000006,8549.22,-5897.789999999999,65.41,25.63000000000001,32.57000000000001,2.3500000000000005,5897.789999999999,25.63000000000001
156,8,37.67,76.73,81.51,5.87,0.78,4688.45,64.3,1,50,1,21.49,134,98,207.8,1,0,0,54.02,-16.35,7.23,-1.3600000000000003,0.919,-0.139,8549.22,-3860.7699999999995,65.41,11.320000000000007,16.35,1.3600000000000003,3860.7699999999995,11.320000000000007
156,9,53.1,63.15,69.01,7.15,0.89,9672.74,100.0,0,50,1,21.49,134,98,207.8,1,0,0,54.02,-0.9200000000000017,7.23,-0.08000000000000007,0.919,-0.029000000000000026,8549.22,1123.5200000000004,65.41,-2.259999999999998,0.9200000000000017,0.08000000000000007,-1123.5200000000004,-2.259999999999998
156,10,56.49,64.59,71.57,7.11,0.823,9299.74,98.57,0,50,1,21.49,134,98,207.8,1,0,0,54.02,2.469999999999999,7.23,-0.1200000000000001,0.919,-0.09600000000000009,8549.22,750.5200000000004,65.41,-0.8199999999999932,-2.469999999999999,0.1200000000000001,-750.5200000000004,-0.8199999999999932
157,1,52.47,70.15,80.72,6.87,0.901,8975.88,99.38,0,61,1,30.46,140,81,159.2,0,0,0,52.47,0.0,6.87,0.0,0.901,0.0,8975.88,0.0,70.15,0.0,0.0,0.0,0.0,0.0
157,2,38.53,77.66,89.34,6.73,0.721,6240.81,72.89,0,61,1,30.46,140,81,159.2,0,0,0,52.47,-13.939999999999998,6.87,-0.13999999999999968,0.901,-0.18000000000000005,8975.88,-2735.069999999999,70.15,7.509999999999991,13.939999999999998,0.13999999999999968,2735.069999999999,7.509999999999991
157,3,32.1,84.81,91.91,4.82,0.66,3210.45,49.06,0,61,1,30.46,140,81,159.2,0,0,0,52.47,-20.369999999999997,6.87,-2.05,0.901,-0.241,8975.88,-5765.429999999999,70.15,14.659999999999997,20.369999999999997,2.05,5765.429999999999,14.659999999999997
157,4,19.39,95.5,102.8,3.8,0.575,4034.71,51.49,1,61,1,30.46,140,81,159.2,0,0,0,52.47,-33.08,6.87,-3.0700000000000003,0.901,-0.32600000000000007,8975.88,-4941.169999999999,70.15,25.349999999999994,33.08,3.0700000000000003,4941.169999999999,25.349999999999994
157,5,37.95,79.81,89.33,5.67,0.693,4980.28,62.87,1,61,1,30.46,140,81,159.2,0,0,0,52.47,-14.519999999999996,6.87,-1.2000000000000002,0.901,-0.20800000000000007,8975.88,-3995.5999999999995,70.15,9.659999999999997,14.519999999999996,1.2000000000000002,3995.5999999999995,9.659999999999997
157,6,46.61,72.35,78.59,7.37,0.89,8001.61,92.09,0,61,1,30.46,140,81,159.2,0,0,0,52.47,-5.859999999999999,6.87,0.5,0.901,-0.01100000000000001,8975.88,-974.2699999999995,70.15,2.1999999999999886,5.859999999999999,-0.5,974.2699999999995,2.1999999999999886
157,7,50.02,70.34,77.09,6.98,0.928,7978.0,93.45,0,61,1,30.46,140,81,159.2,0,0,0,52.47,-2.4499999999999957,6.87,0.11000000000000032,0.901,0.027000000000000024,8975.88,-997.8799999999992,70.15,0.18999999999999773,2.4499999999999957,-0.11000000000000032,997.8799999999992,0.18999999999999773
157,8,48.36,69.84,79.25,7.93,0.87,8525.97,94.98,0,61,1,30.46,140,81,159.2,0,0,0,52.47,-4.109999999999999,6.87,1.0599999999999996,0.901,-0.031000000000000028,8975.88,-449.90999999999985,70.15,-0.3100000000000023,4.109999999999999,-1.0599999999999996,449.90999999999985,-0.3100000000000023
157,9,53.64,69.88,76.93,7.16,0.91,7551.85,89.69,0,61,1,30.46,140,81,159.2,0,0,0,52.47,1.1700000000000017,6.87,0.29000000000000004,0.901,0.009000000000000008,8975.88,-1424.0299999999988,70.15,-0.27000000000001023,-1.1700000000000017,-0.29000000000000004,1424.0299999999988,-0.27000000000001023
157,10,59.16,70.45,76.97,7.63,0.899,8558.17,96.39,0,61,1,30.46,140,81,159.2,0,0,0,52.47,6.689999999999998,6.87,0.7599999999999998,0.901,-0.0020000000000000018,8975.88,-417.7099999999991,70.15,0.29999999999999716,-6.689999999999998,-0.7599999999999998,417.7099999999991,0.29999999999999716
158,1,43.43,66.86,79.12,7.73,0.889,7917.27,91.44,0,73,0,20.51,109,77,201.2,0,1,1,43.43,0.0,7.73,0.0,0.889,0.0,7917.27,0.0,66.86,0.0,0.0,0.0,0.0,0.0
158,2,32.94,76.74,81.81,6.11,0.806,6394.46,77.37,0,73,0,20.51,109,77,201.2,0,1,1,43.43,-10.490000000000002,7.73,-1.62,0.889,-0.08299999999999996,7917.27,-1522.8100000000004,66.86,9.879999999999995,10.490000000000002,1.62,1522.8100000000004,9.879999999999995
158,3,17.01,90.65,97.28,4.94,0.694,3917.57,55.43,0,73,0,20.51,109,77,201.2,0,1,1,43.43,-26.419999999999998,7.73,-2.79,0.889,-0.19500000000000006,7917.27,-3999.7000000000003,66.86,23.790000000000006,26.419999999999998,2.79,3999.7000000000003,23.790000000000006
158,4,20.58,94.12,103.31,3.72,0.613,2990.63,45.62,1,73,0,20.51,109,77,201.2,0,1,1,43.43,-22.85,7.73,-4.01,0.889,-0.276,7917.27,-4926.64,66.86,27.260000000000005,22.85,4.01,4926.64,27.260000000000005
158,5,29.94,83.89,93.04,5.97,0.76,7408.01,82.69,1,73,0,20.51,109,77,201.2,0,1,1,43.43,-13.489999999999998,7.73,-1.7600000000000007,0.889,-0.129,7917.27,-509.2600000000002,66.86,17.03,13.489999999999998,1.7600000000000007,509.2600000000002,17.03
158,6,45.07,74.52,85.78,7.23,0.924,8609.35,97.72,0,73,0,20.51,109,77,201.2,0,1,1,43.43,1.6400000000000006,7.73,-0.5,0.889,0.03500000000000003,7917.27,692.0799999999999,66.86,7.659999999999997,-1.6400000000000006,0.5,-692.0799999999999,7.659999999999997
158,7,43.9,73.77,84.34,7.39,0.874,8645.62,96.0,0,73,0,20.51,109,77,201.2,0,1,1,43.43,0.46999999999999886,7.73,-0.34000000000000075,0.889,-0.015000000000000013,7917.27,728.3500000000004,66.86,6.909999999999997,-0.46999999999999886,0.34000000000000075,-728.3500000000004,6.909999999999997
158,8,44.13,66.59,75.44,7.62,0.868,9319.8,100.0,0,73,0,20.51,109,77,201.2,0,1,1,43.43,0.7000000000000028,7.73,-0.11000000000000032,0.889,-0.02100000000000002,7917.27,1402.5299999999988,66.86,-0.269999999999996,-0.7000000000000028,0.11000000000000032,-1402.5299999999988,-0.269999999999996
158,9,48.62,67.79,77.44,7.38,0.891,9530.86,100.0,0,73,0,20.51,109,77,201.2,0,1,1,43.43,5.189999999999998,7.73,-0.35000000000000053,0.889,0.0020000000000000018,7917.27,1613.5900000000001,66.86,0.9300000000000068,-5.189999999999998,0.35000000000000053,-1613.5900000000001,0.9300000000000068
158,10,45.35,71.52,79.19,7.38,0.897,8003.3,92.38,0,73,0,20.51,109,77,201.2,0,1,1,43.43,1.9200000000000017,7.73,-0.35000000000000053,0.889,0.008000000000000007,7917.27,86.02999999999975,66.86,4.659999999999997,-1.9200000000000017,0.35000000000000053,-86.02999999999975,4.659999999999997
159,1,43.37,71.16,76.32,7.26,0.916,8435.54,96.17,0,45,0,27.0,144,91,221.8,0,0,1,43.37,0.0,7.26,0.0,0.916,0.0,8435.54,0.0,71.16,0.0,0.0,0.0,0.0,0.0
159,2,47.11,77.13,82.15,7.19,0.82,7465.91,85.5,0,45,0,27.0,144,91,221.8,0,0,1,43.37,3.740000000000002,7.26,-0.0699999999999994,0.916,-0.09600000000000009,8435.54,-969.630000000001,71.16,5.969999999999999,-3.740000000000002,0.0699999999999994,969.630000000001,5.969999999999999
159,3,34.85,85.16,90.56,5.95,0.769,4733.66,64.17,0,45,0,27.0,144,91,221.8,0,0,1,43.37,-8.519999999999996,7.26,-1.3099999999999996,0.916,-0.14700000000000002,8435.54,-3701.880000000001,71.16,14.0,8.519999999999996,1.3099999999999996,3701.880000000001,14.0
159,4,32.19,89.05,95.98,4.95,0.601,4313.59,54.5,0,45,0,27.0,144,91,221.8,0,0,1,43.37,-11.18,7.26,-2.3099999999999996,0.916,-0.31500000000000006,8435.54,-4121.950000000001,71.16,17.89,11.18,2.3099999999999996,4121.950000000001,17.89
159,5,20.49,99.69,112.42,4.1,0.573,2040.52,37.34,1,45,0,27.0,144,91,221.8,0,0,1,43.37,-22.88,7.26,-3.16,0.916,-0.3430000000000001,8435.54,-6395.02,71.16,28.53,22.88,3.16,6395.02,28.53
159,6,28.1,88.44,98.34,5.39,0.705,4194.49,57.82,1,45,0,27.0,144,91,221.8,0,0,1,43.37,-15.269999999999996,7.26,-1.87,0.916,-0.21100000000000008,8435.54,-4241.050000000001,71.16,17.28,15.269999999999996,1.87,4241.050000000001,17.28
159,7,53.09,74.31,82.52,6.89,0.841,7463.86,86.33,0,45,0,27.0,144,91,221.8,0,0,1,43.37,9.720000000000006,7.26,-0.3700000000000001,0.916,-0.07500000000000007,8435.54,-971.6800000000012,71.16,3.1500000000000057,-9.720000000000006,0.3700000000000001,971.6800000000012,3.1500000000000057
159,8,52.44,71.81,79.54,8.15,0.845,6353.29,78.65,0,45,0,27.0,144,91,221.8,0,0,1,43.37,9.07,7.26,0.8900000000000006,0.916,-0.07100000000000006,8435.54,-2082.250000000001,71.16,0.6500000000000057,-9.07,-0.8900000000000006,2082.250000000001,0.6500000000000057
159,9,46.58,71.81,83.81,7.36,0.863,7707.5,88.91,0,45,0,27.0,144,91,221.8,0,0,1,43.37,3.210000000000001,7.26,0.10000000000000053,0.916,-0.05300000000000005,8435.54,-728.0400000000009,71.16,0.6500000000000057,-3.210000000000001,-0.10000000000000053,728.0400000000009,0.6500000000000057
159,10,55.2,70.84,78.71,6.99,0.89,6727.21,83.09,0,45,0,27.0,144,91,221.8,0,0,1,43.37,11.830000000000005,7.26,-0.2699999999999996,0.916,-0.026000000000000023,8435.54,-1708.3300000000008,71.16,-0.3199999999999932,-11.830000000000005,0.2699999999999996,1708.3300000000008,-0.3199999999999932
160,1,45.09,71.84,81.24,6.99,0.916,7600.03,90.28,0,69,0,26.73,150,95,137.8,0,0,1,45.09,0.0,6.99,0.0,0.916,0.0,7600.03,0.0,71.84,0.0,0.0,0.0,0.0,0.0
160,2,45.93,75.3,81.74,6.96,0.855,8557.53,94.61,0,69,0,26.73,150,95,137.8,0,0,1,45.09,0.8399999999999963,6.99,-0.03000000000000025,0.916,-0.061000000000000054,7600.03,957.5000000000009,71.84,3.4599999999999937,-0.8399999999999963,0.03000000000000025,-957.5000000000009,3.4599999999999937
160,3,45.62,82.96,90.36,5.81,0.807,6517.95,78.27,0,69,0,26.73,150,95,137.8,0,0,1,45.09,0.529999999999994,6.99,-1.1800000000000006,0.916,-0.10899999999999999,7600.03,-1082.08,71.84,11.11999999999999,-0.529999999999994,1.1800000000000006,1082.08,11.11999999999999
160,4,33.75,84.3,93.65,5.78,0.764,5766.83,71.27,0,69,0,26.73,150,95,137.8,0,0,1,45.09,-11.340000000000003,6.99,-1.21,0.916,-0.15200000000000002,7600.03,-1833.1999999999998,71.84,12.459999999999994,11.340000000000003,1.21,1833.1999999999998,12.459999999999994
160,5,30.19,86.66,92.34,5.6,0.742,4847.22,63.89,0,69,0,26.73,150,95,137.8,0,0,1,45.09,-14.900000000000002,6.99,-1.3900000000000006,0.916,-0.17400000000000004,7600.03,-2752.8099999999995,71.84,14.819999999999993,14.900000000000002,1.3900000000000006,2752.8099999999995,14.819999999999993
160,6,24.33,93.18,101.73,4.9,0.645,3045.55,47.29,0,69,0,26.73,150,95,137.8,0,0,1,45.09,-20.760000000000005,6.99,-2.09,0.916,-0.271,7600.03,-4554.48,71.84,21.340000000000003,20.760000000000005,2.09,4554.48,21.340000000000003
160,7,25.01,93.81,98.68,4.4,0.605,1724.69,36.36,0,69,0,26.73,150,95,137.8,0,0,1,45.09,-20.080000000000002,6.99,-2.59,0.916,-0.31100000000000005,7600.03,-5875.34,71.84,21.97,20.080000000000002,2.59,5875.34,21.97
160,8,16.0,97.03,106.01,4.63,0.538,2757.12,40.99,1,69,0,26.73,150,95,137.8,0,0,1,45.09,-29.090000000000003,6.99,-2.3600000000000003,0.916,-0.378,7600.03,-4842.91,71.84,25.189999999999998,29.090000000000003,2.3600000000000003,4842.91,25.189999999999998
160,9,28.73,82.17,94.17,5.52,0.684,5471.74,65.97,1,69,0,26.73,150,95,137.8,0,0,1,45.09,-16.360000000000003,6.99,-1.4700000000000006,0.916,-0.23199999999999998,7600.03,-2128.29,71.84,10.329999999999998,16.360000000000003,1.4700000000000006,2128.29,10.329999999999998
160,10,53.43,74.83,85.64,7.49,0.909,9254.79,100.0,0,69,0,26.73,150,95,137.8,0,0,1,45.09,8.339999999999996,6.99,0.5,0.916,-0.007000000000000006,7600.03,1654.7600000000011,71.84,2.989999999999995,-8.339999999999996,-0.5,-1654.7600000000011,2.989999999999995
161,1,52.22,70.99,79.12,7.11,0.894,8463.71,95.5,0,48,0,30.89,148,67,178.9,0,0,0,52.22,0.0,7.11,0.0,0.894,0.0,8463.71,0.0,70.99,0.0,0.0,0.0,0.0,0.0
161,2,45.75,81.08,94.41,6.69,0.855,6198.27,77.94,0,48,0,30.89,148,67,178.9,0,0,0,52.22,-6.469999999999999,7.11,-0.41999999999999993,0.894,-0.039000000000000035,8463.71,-2265.4399999999987,70.99,10.090000000000003,6.469999999999999,0.41999999999999993,2265.4399999999987,10.090000000000003
161,3,35.93,80.59,91.19,6.32,0.758,5562.58,69.59,0,48,0,30.89,148,67,178.9,0,0,0,52.22,-16.29,7.11,-0.79,0.894,-0.136,8463.71,-2901.129999999999,70.99,9.600000000000009,16.29,0.79,2901.129999999999,9.600000000000009
161,4,31.69,82.33,91.02,5.24,0.723,4131.84,58.07,0,48,0,30.89,148,67,178.9,0,0,0,52.22,-20.529999999999998,7.11,-1.87,0.894,-0.17100000000000004,8463.71,-4331.869999999999,70.99,11.340000000000003,20.529999999999998,1.87,4331.869999999999,11.340000000000003
161,5,31.79,91.41,100.54,5.29,0.622,4002.93,53.14,0,48,0,30.89,148,67,178.9,0,0,0,52.22,-20.43,7.11,-1.8200000000000003,0.894,-0.272,8463.71,-4460.779999999999,70.99,20.42,20.43,1.8200000000000003,4460.779999999999,20.42
161,6,23.87,97.48,103.02,4.68,0.596,1200.0,32.32,1,48,0,30.89,148,67,178.9,0,0,0,52.22,-28.349999999999998,7.11,-2.4300000000000006,0.894,-0.29800000000000004,8463.71,-7263.709999999999,70.99,26.49000000000001,28.349999999999998,2.4300000000000006,7263.709999999999,26.49000000000001
161,7,39.54,84.67,95.25,5.96,0.708,4036.65,56.8,1,48,0,30.89,148,67,178.9,0,0,0,52.22,-12.68,7.11,-1.1500000000000004,0.894,-0.18600000000000005,8463.71,-4427.0599999999995,70.99,13.680000000000007,12.68,1.1500000000000004,4427.0599999999995,13.680000000000007
161,8,49.58,72.29,78.19,7.9,0.888,7746.5,90.2,0,48,0,30.89,148,67,178.9,0,0,0,52.22,-2.6400000000000006,7.11,0.79,0.894,-0.006000000000000005,8463.71,-717.2099999999991,70.99,1.3000000000000114,2.6400000000000006,-0.79,717.2099999999991,1.3000000000000114
161,9,53.48,69.95,76.63,7.66,0.916,8587.61,97.26,0,48,0,30.89,148,67,178.9,0,0,0,52.22,1.259999999999998,7.11,0.5499999999999998,0.894,0.02200000000000002,8463.71,123.90000000000146,70.99,-1.039999999999992,-1.259999999999998,-0.5499999999999998,-123.90000000000146,-1.039999999999992
161,10,54.29,66.54,73.13,7.47,0.876,7795.9,90.07,0,48,0,30.89,148,67,178.9,0,0,0,52.22,2.0700000000000003,7.11,0.35999999999999943,0.894,-0.018000000000000016,8463.71,-667.8099999999995,70.99,-4.449999999999989,-2.0700000000000003,-0.35999999999999943,667.8099999999995,-4.449999999999989
162,1,51.44,73.83,81.33,6.99,0.91,8177.45,94.12,0,41,1,26.73,150,81,171.0,0,1,0,51.44,0.0,6.99,0.0,0.91,0.0,8177.45,0.0,73.83,0.0,0.0,0.0,0.0,0.0
162,2,50.07,72.15,84.16,6.69,0.842,6344.23,78.46,0,41,1,26.73,150,81,171.0,0,1,0,51.44,-1.3699999999999974,6.99,-0.2999999999999998,0.91,-0.06800000000000006,8177.45,-1833.2200000000003,73.83,-1.6799999999999926,1.3699999999999974,0.2999999999999998,1833.2200000000003,-1.6799999999999926
162,3,43.83,71.79,79.76,5.64,0.839,6710.73,80.92,0,41,1,26.73,150,81,171.0,0,1,0,51.44,-7.609999999999999,6.99,-1.3500000000000005,0.91,-0.07100000000000006,8177.45,-1466.7200000000003,73.83,-2.039999999999992,7.609999999999999,1.3500000000000005,1466.7200000000003,-2.039999999999992
162,4,34.24,71.84,82.27,6.39,0.734,6850.22,77.71,0,41,1,26.73,150,81,171.0,0,1,0,51.44,-17.199999999999996,6.99,-0.6000000000000005,0.91,-0.17600000000000005,8177.45,-1327.2299999999996,73.83,-1.9899999999999949,17.199999999999996,0.6000000000000005,1327.2299999999996,-1.9899999999999949
162,5,38.63,81.77,89.23,5.51,0.709,5004.42,63.67,0,41,1,26.73,150,81,171.0,0,1,0,51.44,-12.809999999999995,6.99,-1.4800000000000004,0.91,-0.20100000000000007,8177.45,-3173.0299999999997,73.83,7.939999999999998,12.809999999999995,1.4800000000000004,3173.0299999999997,7.939999999999998
162,6,30.25,86.95,97.15,4.85,0.607,3977.08,52.34,0,41,1,26.73,150,81,171.0,0,1,0,51.44,-21.189999999999998,6.99,-2.1400000000000006,0.91,-0.30300000000000005,8177.45,-4200.37,73.83,13.120000000000005,21.189999999999998,2.1400000000000006,4200.37,13.120000000000005
162,7,20.84,91.27,96.91,4.84,0.639,4566.48,57.78,0,41,1,26.73,150,81,171.0,0,1,0,51.44,-30.599999999999998,6.99,-2.1500000000000004,0.91,-0.271,8177.45,-3610.9700000000003,73.83,17.439999999999998,30.599999999999998,2.1500000000000004,3610.9700000000003,17.439999999999998
162,8,17.48,96.5,103.25,4.32,0.588,1814.54,36.32,1,41,1,26.73,150,81,171.0,0,1,0,51.44,-33.959999999999994,6.99,-2.67,0.91,-0.32200000000000006,8177.45,-6362.91,73.83,22.67,33.959999999999994,2.67,6362.91,22.67
162,9,31.33,79.37,83.06,6.46,0.716,5532.42,67.7,1,41,1,26.73,150,81,171.0,0,1,0,51.44,-20.11,6.99,-0.5300000000000002,0.91,-0.19400000000000006,8177.45,-2645.0299999999997,73.83,5.540000000000006,20.11,0.5300000000000002,2645.0299999999997,5.540000000000006
162,10,52.51,68.39,73.79,7.39,0.891,8788.09,97.69,0,41,1,26.73,150,81,171.0,0,1,0,51.44,1.0700000000000003,6.99,0.39999999999999947,0.91,-0.019000000000000017,8177.45,610.6400000000003,73.83,-5.439999999999998,-1.0700000000000003,-0.39999999999999947,-610.6400000000003,-5.439999999999998
163,1,43.93,66.06,76.53,7.52,0.875,8576.22,95.55,0,63,1,24.87,124,79,202.3,1,1,0,43.93,0.0,7.52,0.0,0.875,0.0,8576.22,0.0,66.06,0.0,0.0,0.0,0.0,0.0
163,2,33.67,75.09,84.14,6.03,0.839,7976.41,89.86,0,63,1,24.87,124,79,202.3,1,1,0,43.93,-10.259999999999998,7.52,-1.4899999999999993,0.875,-0.03600000000000003,8576.22,-599.8099999999995,66.06,9.030000000000001,10.259999999999998,1.4899999999999993,599.8099999999995,9.030000000000001
163,3,32.83,83.34,90.11,6.29,0.723,5875.95,70.41,0,63,1,24.87,124,79,202.3,1,1,0,43.93,-11.100000000000001,7.52,-1.2299999999999995,0.875,-0.15200000000000002,8576.22,-2700.2699999999995,66.06,17.28,11.100000000000001,1.2299999999999995,2700.2699999999995,17.28
163,4,28.83,84.81,91.28,4.58,0.68,3185.28,49.68,0,63,1,24.87,124,79,202.3,1,1,0,43.93,-15.100000000000001,7.52,-2.9399999999999995,0.875,-0.19499999999999995,8576.22,-5390.939999999999,66.06,18.75,15.100000000000001,2.9399999999999995,5390.939999999999,18.75
163,5,16.0,91.32,97.37,3.83,0.598,2778.03,43.53,1,63,1,24.87,124,79,202.3,1,1,0,43.93,-27.93,7.52,-3.6899999999999995,0.875,-0.277,8576.22,-5798.189999999999,66.06,25.25999999999999,27.93,3.6899999999999995,5798.189999999999,25.25999999999999
163,6,28.38,83.28,92.34,6.01,0.734,6183.41,73.0,1,63,1,24.87,124,79,202.3,1,1,0,43.93,-15.55,7.52,-1.5099999999999998,0.875,-0.14100000000000001,8576.22,-2392.8099999999995,66.06,17.22,15.55,1.5099999999999998,2392.8099999999995,17.22
163,7,44.58,70.34,78.55,7.66,0.88,8291.68,93.72,0,63,1,24.87,124,79,202.3,1,1,0,43.93,0.6499999999999986,7.52,0.14000000000000057,0.875,0.0050000000000000044,8576.22,-284.53999999999905,66.06,4.280000000000001,-0.6499999999999986,-0.14000000000000057,284.53999999999905,4.280000000000001
163,8,40.15,71.22,76.37,8.18,0.913,7290.04,87.99,0,63,1,24.87,124,79,202.3,1,1,0,43.93,-3.780000000000001,7.52,0.6600000000000001,0.875,0.038000000000000034,8576.22,-1286.1799999999994,66.06,5.159999999999997,3.780000000000001,-0.6600000000000001,1286.1799999999994,5.159999999999997
163,9,51.8,68.66,78.06,6.97,0.827,7736.43,87.69,0,63,1,24.87,124,79,202.3,1,1,0,43.93,7.869999999999997,7.52,-0.5499999999999998,0.875,-0.04800000000000004,8576.22,-839.789999999999,66.06,2.5999999999999943,-7.869999999999997,0.5499999999999998,839.789999999999,2.5999999999999943
163,10,48.58,70.35,74.65,7.15,0.917,7098.96,86.8,0,63,1,24.87,124,79,202.3,1,1,0,43.93,4.649999999999999,7.52,-0.3699999999999992,0.875,0.04200000000000004,8576.22,-1477.2599999999993,66.06,4.289999999999992,-4.649999999999999,0.3699999999999992,1477.2599999999993,4.289999999999992
164,1,56.99,72.93,79.99,7.15,0.908,6121.84,79.54,0,37,1,34.36,127,79,179.4,1,0,0,56.99,0.0,7.15,0.0,0.908,0.0,6121.84,0.0,72.93,0.0,0.0,0.0,0.0,0.0
164,2,41.82,74.44,83.57,6.91,0.884,8550.42,95.71,0,37,1,34.36,127,79,179.4,1,0,0,56.99,-15.170000000000002,7.15,-0.2400000000000002,0.908,-0.02400000000000002,6121.84,2428.58,72.93,1.509999999999991,15.170000000000002,0.2400000000000002,-2428.58,1.509999999999991
164,3,44.48,81.23,90.86,7.1,0.822,6346.48,77.66,0,37,1,34.36,127,79,179.4,1,0,0,56.99,-12.510000000000005,7.15,-0.05000000000000071,0.908,-0.08600000000000008,6121.84,224.63999999999942,72.93,8.299999999999997,12.510000000000005,0.05000000000000071,-224.63999999999942,8.299999999999997
164,4,42.21,83.64,90.02,6.68,0.706,6226.01,72.18,0,37,1,34.36,127,79,179.4,1,0,0,56.99,-14.780000000000001,7.15,-0.47000000000000064,0.908,-0.20200000000000007,6121.84,104.17000000000007,72.93,10.709999999999994,14.780000000000001,0.47000000000000064,-104.17000000000007,10.709999999999994
164,5,35.38,88.53,97.93,5.17,0.678,3574.16,52.36,0,37,1,34.36,127,79,179.4,1,0,0,56.99,-21.61,7.15,-1.9800000000000004,0.908,-0.22999999999999998,6121.84,-2547.6800000000003,72.93,15.599999999999994,21.61,1.9800000000000004,2547.6800000000003,15.599999999999994
164,6,33.52,93.72,99.55,4.25,0.63,3541.37,50.18,0,37,1,34.36,127,79,179.4,1,0,0,56.99,-23.47,7.15,-2.9000000000000004,0.908,-0.278,6121.84,-2580.4700000000003,72.93,20.789999999999992,23.47,2.9000000000000004,2580.4700000000003,20.789999999999992
164,7,21.76,95.65,97.91,3.75,0.519,2209.44,36.36,1,37,1,34.36,127,79,179.4,1,0,0,56.99,-35.230000000000004,7.15,-3.4000000000000004,0.908,-0.389,6121.84,-3912.4,72.93,22.72,35.230000000000004,3.4000000000000004,3912.4,22.72
164,8,45.54,83.31,90.78,5.97,0.72,6535.11,74.94,1,37,1,34.36,127,79,179.4,1,0,0,56.99,-11.450000000000003,7.15,-1.1800000000000006,0.908,-0.18800000000000006,6121.84,413.2699999999995,72.93,10.379999999999995,11.450000000000003,1.1800000000000006,-413.2699999999995,10.379999999999995
164,9,50.4,72.46,82.01,7.44,0.922,8461.33,96.62,0,37,1,34.36,127,79,179.4,1,0,0,56.99,-6.590000000000003,7.15,0.29000000000000004,0.908,0.014000000000000012,6121.84,2339.49,72.93,-0.4700000000000131,6.590000000000003,-0.29000000000000004,-2339.49,-0.4700000000000131
164,10,54.4,70.21,74.49,7.54,0.901,8206.92,93.99,0,37,1,34.36,127,79,179.4,1,0,0,56.99,-2.5900000000000034,7.15,0.3899999999999997,0.908,-0.007000000000000006,6121.84,2085.08,72.93,-2.720000000000013,2.5900000000000034,-0.3899999999999997,-2085.08,-2.720000000000013
165,1,48.73,74.7,86.52,7.31,0.916,9361.12,100.0,0,61,0,36.55,139,69,223.8,0,1,0,48.73,0.0,7.31,0.0,0.916,0.0,9361.12,0.0,74.7,0.0,0.0,0.0,0.0,0.0
165,2,34.81,76.01,84.82,6.28,0.812,6509.82,78.43,0,61,0,36.55,139,69,223.8,0,1,0,48.73,-13.919999999999995,7.31,-1.0299999999999994,0.916,-0.10399999999999998,9361.12,-2851.300000000001,74.7,1.3100000000000023,13.919999999999995,1.0299999999999994,2851.300000000001,1.3100000000000023
165,3,35.17,79.16,86.02,6.4,0.75,5817.43,71.05,0,61,0,36.55,139,69,223.8,0,1,0,48.73,-13.559999999999995,7.31,-0.9099999999999993,0.916,-0.16600000000000004,9361.12,-3543.6900000000005,74.7,4.459999999999994,13.559999999999995,0.9099999999999993,3543.6900000000005,4.459999999999994
165,4,32.9,86.29,91.67,4.92,0.749,5715.43,70.29,0,61,0,36.55,139,69,223.8,0,1,0,48.73,-15.829999999999998,7.31,-2.3899999999999997,0.916,-0.16700000000000004,9361.12,-3645.6900000000005,74.7,11.590000000000003,15.829999999999998,2.3899999999999997,3645.6900000000005,11.590000000000003
165,5,22.78,90.21,99.68,4.93,0.681,4586.8,59.62,0,61,0,36.55,139,69,223.8,0,1,0,48.73,-25.949999999999996,7.31,-2.38,0.916,-0.235,9361.12,-4774.320000000001,74.7,15.509999999999991,25.949999999999996,2.38,4774.320000000001,15.509999999999991
165,6,16.0,87.59,98.6,5.06,0.627,3471.75,49.59,0,61,0,36.55,139,69,223.8,0,1,0,48.73,-32.73,7.31,-2.25,0.916,-0.28900000000000003,9361.12,-5889.370000000001,74.7,12.89,32.73,2.25,5889.370000000001,12.89
165,7,16.0,95.6,106.56,4.11,0.59,2305.05,39.86,1,61,0,36.55,139,69,223.8,0,1,0,48.73,-32.73,7.31,-3.1999999999999993,0.916,-0.32600000000000007,9361.12,-7056.070000000001,74.7,20.89999999999999,32.73,3.1999999999999993,7056.070000000001,20.89999999999999
165,8,29.73,84.59,94.79,5.88,0.749,5558.83,69.21,1,61,0,36.55,139,69,223.8,0,1,0,48.73,-18.999999999999996,7.31,-1.4299999999999997,0.916,-0.16700000000000004,9361.12,-3802.290000000001,74.7,9.89,18.999999999999996,1.4299999999999997,3802.290000000001,9.89
165,9,52.74,71.71,78.38,7.58,0.869,8024.66,91.4,0,61,0,36.55,139,69,223.8,0,1,0,48.73,4.010000000000005,7.31,0.27000000000000046,0.916,-0.04700000000000004,9361.12,-1336.460000000001,74.7,-2.990000000000009,-4.010000000000005,-0.27000000000000046,1336.460000000001,-2.990000000000009
165,10,49.17,72.26,83.9,7.37,0.85,8549.33,94.36,0,61,0,36.55,139,69,223.8,0,1,0,48.73,0.44000000000000483,7.31,0.0600000000000005,0.916,-0.06600000000000006,9361.12,-811.7900000000009,74.7,-2.4399999999999977,-0.44000000000000483,-0.0600000000000005,811.7900000000009,-2.4399999999999977
166,1,50.41,63.87,75.08,7.78,0.844,8332.12,92.56,0,76,1,29.49,145,84,137.9,1,0,0,50.41,0.0,7.78,0.0,0.844,0.0,8332.12,0.0,63.87,0.0,0.0,0.0,0.0,0.0
166,2,40.05,77.61,86.96,6.29,0.772,6911.94,79.68,0,76,1,29.49,145,84,137.9,1,0,0,50.41,-10.36,7.78,-1.4900000000000002,0.844,-0.07199999999999995,8332.12,-1420.1800000000012,63.87,13.740000000000002,10.36,1.4900000000000002,1420.1800000000012,13.740000000000002
166,3,29.06,88.53,100.22,5.41,0.68,5345.53,64.95,0,76,1,29.49,145,84,137.9,1,0,0,50.41,-21.349999999999998,7.78,-2.37,0.844,-0.16399999999999992,8332.12,-2986.590000000001,63.87,24.660000000000004,21.349999999999998,2.37,2986.590000000001,24.660000000000004
166,4,18.4,96.05,102.67,3.9,0.562,3375.57,46.32,1,76,1,29.49,145,84,137.9,1,0,0,50.41,-32.01,7.78,-3.8800000000000003,0.844,-0.2819999999999999,8332.12,-4956.550000000001,63.87,32.18,32.01,3.8800000000000003,4956.550000000001,32.18
166,5,31.13,80.76,86.53,5.78,0.73,5115.57,65.31,1,76,1,29.49,145,84,137.9,1,0,0,50.41,-19.279999999999998,7.78,-2.0,0.844,-0.11399999999999999,8332.12,-3216.550000000001,63.87,16.890000000000008,19.279999999999998,2.0,3216.550000000001,16.890000000000008
166,6,45.43,65.92,75.09,7.31,0.914,6899.8,85.28,0,76,1,29.49,145,84,137.9,1,0,0,50.41,-4.979999999999997,7.78,-0.47000000000000064,0.844,0.07000000000000006,8332.12,-1432.3200000000006,63.87,2.0500000000000043,4.979999999999997,0.47000000000000064,1432.3200000000006,2.0500000000000043
166,7,55.54,74.39,79.88,8.07,0.913,7144.8,86.95,0,76,1,29.49,145,84,137.9,1,0,0,50.41,5.130000000000003,7.78,0.29000000000000004,0.844,0.06900000000000006,8332.12,-1187.3200000000006,63.87,10.520000000000003,-5.130000000000003,-0.29000000000000004,1187.3200000000006,10.520000000000003
166,8,48.27,69.59,77.87,7.66,0.855,7990.74,90.62,0,76,1,29.49,145,84,137.9,1,0,0,50.41,-2.1399999999999935,7.78,-0.1200000000000001,0.844,0.01100000000000001,8332.12,-341.380000000001,63.87,5.720000000000006,2.1399999999999935,0.1200000000000001,341.380000000001,5.720000000000006
166,9,52.06,64.34,69.13,7.91,0.839,9073.61,97.6,0,76,1,29.49,145,84,137.9,1,0,0,50.41,1.6500000000000057,7.78,0.1299999999999999,0.844,-0.0050000000000000044,8332.12,741.4899999999998,63.87,0.47000000000000597,-1.6500000000000057,-0.1299999999999999,-741.4899999999998,0.47000000000000597
166,10,44.24,63.65,69.23,7.34,0.877,7484.74,87.93,0,76,1,29.49,145,84,137.9,1,0,0,50.41,-6.169999999999995,7.78,-0.4400000000000004,0.844,0.03300000000000003,8332.12,-847.380000000001,63.87,-0.21999999999999886,6.169999999999995,0.4400000000000004,847.380000000001,-0.21999999999999886
167,1,49.27,72.09,80.96,6.67,0.875,9344.64,100.0,0,52,0,27.36,137,92,196.2,0,1,0,49.27,0.0,6.67,0.0,0.875,0.0,9344.64,0.0,72.09,0.0,0.0,0.0,0.0,0.0
167,2,50.75,73.6,85.23,6.35,0.81,7500.95,85.36,0,52,0,27.36,137,92,196.2,0,1,0,49.27,1.4799999999999969,6.67,-0.3200000000000003,0.875,-0.06499999999999995,9344.64,-1843.6899999999996,72.09,1.509999999999991,-1.4799999999999969,0.3200000000000003,1843.6899999999996,1.509999999999991
167,3,42.92,74.73,81.02,6.72,0.834,6449.37,78.89,0,52,0,27.36,137,92,196.2,0,1,0,49.27,-6.350000000000001,6.67,0.04999999999999982,0.875,-0.041000000000000036,9344.64,-2895.2699999999995,72.09,2.6400000000000006,6.350000000000001,-0.04999999999999982,2895.2699999999995,2.6400000000000006
167,4,36.69,79.03,83.86,5.67,0.785,5076.25,67.25,0,52,0,27.36,137,92,196.2,0,1,0,49.27,-12.580000000000005,6.67,-1.0,0.875,-0.08999999999999997,9344.64,-4268.389999999999,72.09,6.939999999999998,12.580000000000005,1.0,4268.389999999999,6.939999999999998
167,5,31.9,80.79,88.06,5.59,0.698,6015.66,70.39,0,52,0,27.36,137,92,196.2,0,1,0,49.27,-17.370000000000005,6.67,-1.08,0.875,-0.17700000000000005,9344.64,-3328.9799999999996,72.09,8.700000000000003,17.370000000000005,1.08,3328.9799999999996,8.700000000000003
167,6,30.81,84.39,88.95,5.1,0.692,6079.64,70.61,0,52,0,27.36,137,92,196.2,0,1,0,49.27,-18.460000000000004,6.67,-1.5700000000000003,0.875,-0.18300000000000005,9344.64,-3264.999999999999,72.09,12.299999999999997,18.460000000000004,1.5700000000000003,3264.999999999999,12.299999999999997
167,7,16.44,87.62,97.88,4.84,0.646,3405.49,49.87,0,52,0,27.36,137,92,196.2,0,1,0,49.27,-32.83,6.67,-1.83,0.875,-0.22899999999999998,9344.64,-5939.15,72.09,15.530000000000001,32.83,1.83,5939.15,15.530000000000001
167,8,16.42,96.28,108.87,4.53,0.545,2795.82,41.52,1,52,0,27.36,137,92,196.2,0,1,0,49.27,-32.85,6.67,-2.1399999999999997,0.875,-0.32999999999999996,9344.64,-6548.82,72.09,24.189999999999998,32.85,2.1399999999999997,6548.82,24.189999999999998
167,9,31.32,82.44,88.22,6.47,0.703,4376.4,59.0,1,52,0,27.36,137,92,196.2,0,1,0,49.27,-17.950000000000003,6.67,-0.20000000000000018,0.875,-0.17200000000000004,9344.64,-4968.24,72.09,10.349999999999994,17.950000000000003,0.20000000000000018,4968.24,10.349999999999994
167,10,48.24,71.45,78.88,7.4,0.876,7281.0,86.43,0,52,0,27.36,137,92,196.2,0,1,0,49.27,-1.0300000000000011,6.67,0.7300000000000004,0.875,0.0010000000000000009,9344.64,-2063.6399999999994,72.09,-0.6400000000000006,1.0300000000000011,-0.7300000000000004,2063.6399999999994,-0.6400000000000006
168,1,48.4,74.14,79.27,7.26,0.929,8834.06,99.51,0,59,1,29.95,141,73,144.4,1,0,1,48.4,0.0,7.26,0.0,0.929,0.0,8834.06,0.0,74.14,0.0,0.0,0.0,0.0,0.0
168,2,43.09,79.97,90.12,6.48,0.785,7058.9,81.21,0,59,1,29.95,141,73,144.4,1,0,1,48.4,-5.309999999999995,7.26,-0.7799999999999994,0.929,-0.14400000000000002,8834.06,-1775.1599999999999,74.14,5.829999999999998,5.309999999999995,0.7799999999999994,1775.1599999999999,5.829999999999998
168,3,33.95,84.2,89.08,5.79,0.774,6563.73,77.29,0,59,1,29.95,141,73,144.4,1,0,1,48.4,-14.449999999999996,7.26,-1.4699999999999998,0.929,-0.15500000000000003,8834.06,-2270.33,74.14,10.060000000000002,14.449999999999996,1.4699999999999998,2270.33,10.060000000000002
168,4,27.54,89.27,97.26,5.36,0.684,4436.67,58.68,0,59,1,29.95,141,73,144.4,1,0,1,48.4,-20.86,7.26,-1.8999999999999995,0.929,-0.245,8834.06,-4397.389999999999,74.14,15.129999999999995,20.86,1.8999999999999995,4397.389999999999,15.129999999999995
168,5,21.79,97.74,108.67,5.04,0.67,4548.1,58.9,0,59,1,29.95,141,73,144.4,1,0,1,48.4,-26.61,7.26,-2.2199999999999998,0.929,-0.259,8834.06,-4285.959999999999,74.14,23.599999999999994,26.61,2.2199999999999998,4285.959999999999,23.599999999999994
168,6,16.0,98.7,105.04,4.97,0.581,2041.2,37.65,1,59,1,29.95,141,73,144.4,1,0,1,48.4,-32.4,7.26,-2.29,0.929,-0.3480000000000001,8834.06,-6792.86,74.14,24.560000000000002,32.4,2.29,6792.86,24.560000000000002
168,7,36.33,87.64,93.63,5.95,0.76,5575.11,69.77,1,59,1,29.95,141,73,144.4,1,0,1,48.4,-12.07,7.26,-1.3099999999999996,0.929,-0.16900000000000004,8834.06,-3258.95,74.14,13.5,12.07,1.3099999999999996,3258.95,13.5
168,8,51.42,72.61,84.98,7.78,0.864,7370.11,86.6,0,59,1,29.95,141,73,144.4,1,0,1,48.4,3.020000000000003,7.26,0.5200000000000005,0.929,-0.06500000000000006,8834.06,-1463.9499999999998,74.14,-1.5300000000000011,-3.020000000000003,-0.5200000000000005,1463.9499999999998,-1.5300000000000011
168,9,50.47,73.31,80.24,7.6,0.9,8567.51,96.48,0,59,1,29.95,141,73,144.4,1,0,1,48.4,2.0700000000000003,7.26,0.33999999999999986,0.929,-0.029000000000000026,8834.06,-266.5499999999993,74.14,-0.8299999999999983,-2.0700000000000003,-0.33999999999999986,266.5499999999993,-0.8299999999999983
168,10,42.69,76.3,87.1,7.41,0.867,6588.66,81.18,0,59,1,29.95,141,73,144.4,1,0,1,48.4,-5.710000000000001,7.26,0.15000000000000036,0.929,-0.062000000000000055,8834.06,-2245.3999999999996,74.14,2.1599999999999966,5.710000000000001,-0.15000000000000036,2245.3999999999996,2.1599999999999966
169,1,51.66,65.24,71.69,6.79,0.867,8621.82,95.54,0,59,0,18.43,132,78,226.1,0,0,0,51.66,0.0,6.79,0.0,0.867,0.0,8621.82,0.0,65.24,0.0,0.0,0.0,0.0,0.0
169,2,45.46,74.23,85.57,7.02,0.848,5787.39,74.78,0,59,0,18.43,132,78,226.1,0,0,0,51.66,-6.199999999999996,6.79,0.22999999999999954,0.867,-0.019000000000000017,8621.82,-2834.4299999999994,65.24,8.990000000000009,6.199999999999996,-0.22999999999999954,2834.4299999999994,8.990000000000009
169,3,35.84,75.98,82.93,6.15,0.803,7744.44,86.77,0,59,0,18.43,132,78,226.1,0,0,0,51.66,-15.819999999999993,6.79,-0.6399999999999997,0.867,-0.06399999999999995,8621.82,-877.3800000000001,65.24,10.740000000000009,15.819999999999993,0.6399999999999997,877.3800000000001,10.740000000000009
169,4,35.78,81.67,85.01,5.86,0.689,6085.04,70.51,0,59,0,18.43,132,78,226.1,0,0,0,51.66,-15.879999999999995,6.79,-0.9299999999999997,0.867,-0.17800000000000005,8621.82,-2536.7799999999997,65.24,16.430000000000007,15.879999999999995,0.9299999999999997,2536.7799999999997,16.430000000000007
169,5,32.41,86.77,93.18,5.5,0.703,4985.68,63.32,0,59,0,18.43,132,78,226.1,0,0,0,51.66,-19.25,6.79,-1.29,0.867,-0.16400000000000003,8621.82,-3636.1399999999994,65.24,21.53,19.25,1.29,3636.1399999999994,21.53
169,6,24.63,84.79,89.65,4.78,0.648,3159.8,48.22,0,59,0,18.43,132,78,226.1,0,0,0,51.66,-27.029999999999998,6.79,-2.01,0.867,-0.21899999999999997,8621.82,-5462.0199999999995,65.24,19.55000000000001,27.029999999999998,2.01,5462.0199999999995,19.55000000000001
169,7,22.42,91.81,103.64,3.43,0.57,1778.43,35.36,1,59,0,18.43,132,78,226.1,0,0,0,51.66,-29.239999999999995,6.79,-3.36,0.867,-0.29700000000000004,8621.82,-6843.389999999999,65.24,26.570000000000007,29.239999999999995,3.36,6843.389999999999,26.570000000000007
169,8,27.7,77.76,85.98,5.88,0.743,5370.68,67.61,1,59,0,18.43,132,78,226.1,0,0,0,51.66,-23.959999999999997,6.79,-0.9100000000000001,0.867,-0.124,8621.82,-3251.1399999999994,65.24,12.52000000000001,23.959999999999997,0.9100000000000001,3251.1399999999994,12.52000000000001
169,9,51.44,70.57,77.17,7.22,0.865,8450.97,94.24,0,59,0,18.43,132,78,226.1,0,0,0,51.66,-0.21999999999999886,6.79,0.4299999999999997,0.867,-0.0020000000000000018,8621.82,-170.85000000000036,65.24,5.329999999999998,0.21999999999999886,-0.4299999999999997,170.85000000000036,5.329999999999998
169,10,48.29,67.4,74.83,7.0,0.897,8102.47,93.08,0,59,0,18.43,132,78,226.1,0,0,0,51.66,-3.3699999999999974,6.79,0.20999999999999996,0.867,0.030000000000000027,8621.82,-519.3499999999995,65.24,2.160000000000011,3.3699999999999974,-0.20999999999999996,519.3499999999995,2.160000000000011
170,1,51.36,72.8,84.16,7.39,0.9,8073.5,93.0,0,69,0,27.79,162,87,195.3,1,0,1,51.36,0.0,7.39,0.0,0.9,0.0,8073.5,0.0,72.8,0.0,0.0,0.0,0.0,0.0
170,2,46.72,78.83,84.63,6.75,0.784,6613.6,78.04,0,69,0,27.79,162,87,195.3,1,0,1,51.36,-4.640000000000001,7.39,-0.6399999999999997,0.9,-0.11599999999999999,8073.5,-1459.8999999999996,72.8,6.030000000000001,4.640000000000001,0.6399999999999997,1459.8999999999996,6.030000000000001
170,3,36.24,77.83,90.45,6.35,0.801,7949.54,88.14,0,69,0,27.79,162,87,195.3,1,0,1,51.36,-15.119999999999997,7.39,-1.04,0.9,-0.09899999999999998,8073.5,-123.96000000000004,72.8,5.030000000000001,15.119999999999997,1.04,123.96000000000004,5.030000000000001
170,4,30.55,87.63,94.25,5.74,0.629,4998.85,60.44,0,69,0,27.79,162,87,195.3,1,0,1,51.36,-20.81,7.39,-1.6499999999999995,0.9,-0.271,8073.5,-3074.6499999999996,72.8,14.829999999999998,20.81,1.6499999999999995,3074.6499999999996,14.829999999999998
170,5,19.56,92.96,106.19,5.45,0.653,3305.56,49.46,0,69,0,27.79,162,87,195.3,1,0,1,51.36,-31.8,7.39,-1.9399999999999995,0.9,-0.247,8073.5,-4767.9400000000005,72.8,20.159999999999997,31.8,1.9399999999999995,4767.9400000000005,20.159999999999997
170,6,16.37,95.61,105.64,4.28,0.562,2628.03,41.05,1,69,0,27.79,162,87,195.3,1,0,1,51.36,-34.989999999999995,7.39,-3.1099999999999994,0.9,-0.33799999999999997,8073.5,-5445.469999999999,72.8,22.810000000000002,34.989999999999995,3.1099999999999994,5445.469999999999,22.810000000000002
170,7,32.81,88.59,96.14,5.14,0.731,3368.86,53.04,1,69,0,27.79,162,87,195.3,1,0,1,51.36,-18.549999999999997,7.39,-2.25,0.9,-0.16900000000000004,8073.5,-4704.639999999999,72.8,15.790000000000006,18.549999999999997,2.25,4704.639999999999,15.790000000000006
170,8,49.11,73.96,77.89,7.88,0.857,6211.08,78.12,0,69,0,27.79,162,87,195.3,1,0,1,51.36,-2.25,7.39,0.4900000000000002,0.9,-0.04300000000000004,8073.5,-1862.42,72.8,1.1599999999999966,2.25,-0.4900000000000002,1862.42,1.1599999999999966
170,9,43.77,74.55,79.95,7.34,0.902,9294.44,100.0,0,69,0,27.79,162,87,195.3,1,0,1,51.36,-7.589999999999996,7.39,-0.04999999999999982,0.9,0.0020000000000000018,8073.5,1220.9400000000005,72.8,1.75,7.589999999999996,0.04999999999999982,-1220.9400000000005,1.75
170,10,48.67,77.13,85.6,7.3,0.874,7438.9,87.47,0,69,0,27.79,162,87,195.3,1,0,1,51.36,-2.6899999999999977,7.39,-0.08999999999999986,0.9,-0.026000000000000023,8073.5,-634.6000000000004,72.8,4.329999999999998,2.6899999999999977,0.08999999999999986,634.6000000000004,4.329999999999998
171,1,49.49,74.85,84.44,7.67,0.841,8663.88,94.81,0,64,1,24.39,141,76,142.3,0,0,1,49.49,0.0,7.67,0.0,0.841,0.0,8663.88,0.0,74.85,0.0,0.0,0.0,0.0,0.0
171,2,46.75,76.16,85.04,6.27,0.867,7408.12,86.97,0,64,1,24.39,141,76,142.3,0,0,1,49.49,-2.740000000000002,7.67,-1.4000000000000004,0.841,0.026000000000000023,8663.88,-1255.7599999999993,74.85,1.3100000000000023,2.740000000000002,1.4000000000000004,1255.7599999999993,1.3100000000000023
171,3,40.46,78.67,84.39,5.9,0.735,7201.07,80.23,0,64,1,24.39,141,76,142.3,0,0,1,49.49,-9.030000000000001,7.67,-1.7699999999999996,0.841,-0.10599999999999998,8663.88,-1462.8099999999995,74.85,3.8200000000000074,9.030000000000001,1.7699999999999996,1462.8099999999995,3.8200000000000074
171,4,31.04,85.49,90.91,5.35,0.758,4192.39,59.9,0,64,1,24.39,141,76,142.3,0,0,1,49.49,-18.450000000000003,7.67,-2.3200000000000003,0.841,-0.08299999999999996,8663.88,-4471.489999999999,74.85,10.64,18.450000000000003,2.3200000000000003,4471.489999999999,10.64
171,5,21.38,91.31,99.57,4.81,0.677,4316.22,57.56,0,64,1,24.39,141,76,142.3,0,0,1,49.49,-28.110000000000003,7.67,-2.8600000000000003,0.841,-0.16399999999999992,8663.88,-4347.659999999999,74.85,16.460000000000008,28.110000000000003,2.8600000000000003,4347.659999999999,16.460000000000008
171,6,23.1,90.26,102.27,5.28,0.646,5874.59,67.3,0,64,1,24.39,141,76,142.3,0,0,1,49.49,-26.39,7.67,-2.3899999999999997,0.841,-0.19499999999999995,8663.88,-2789.289999999999,74.85,15.41000000000001,26.39,2.3899999999999997,2789.289999999999,15.41000000000001
171,7,24.85,96.15,103.67,3.67,0.587,2419.32,40.54,1,64,1,24.39,141,76,142.3,0,0,1,49.49,-24.64,7.67,-4.0,0.841,-0.254,8663.88,-6244.5599999999995,74.85,21.30000000000001,24.64,4.0,6244.5599999999995,21.30000000000001
171,8,28.86,86.38,94.18,5.95,0.775,6347.91,75.83,1,64,1,24.39,141,76,142.3,0,0,1,49.49,-20.630000000000003,7.67,-1.7199999999999998,0.841,-0.06599999999999995,8663.88,-2315.9699999999993,74.85,11.530000000000001,20.630000000000003,1.7199999999999998,2315.9699999999993,11.530000000000001
171,9,47.4,70.95,75.76,7.06,0.912,5621.72,76.15,0,64,1,24.39,141,76,142.3,0,0,1,49.49,-2.0900000000000034,7.67,-0.6100000000000003,0.841,0.07100000000000006,8663.88,-3042.159999999999,74.85,-3.8999999999999915,2.0900000000000034,0.6100000000000003,3042.159999999999,-3.8999999999999915
171,10,46.34,69.22,75.4,7.41,0.864,7972.95,90.82,0,64,1,24.39,141,76,142.3,0,0,1,49.49,-3.1499999999999986,7.67,-0.2599999999999998,0.841,0.02300000000000002,8663.88,-690.9299999999994,74.85,-5.6299999999999955,3.1499999999999986,0.2599999999999998,690.9299999999994,-5.6299999999999955
172,1,50.22,68.61,79.31,7.31,0.83,9403.02,99.59,0,72,1,28.11,121,81,162.4,0,0,0,50.22,0.0,7.31,0.0,0.83,0.0,9403.02,0.0,68.61,0.0,0.0,0.0,0.0,0.0
172,2,39.67,77.25,86.75,6.9,0.828,6759.59,80.85,0,72,1,28.11,121,81,162.4,0,0,0,50.22,-10.549999999999997,7.31,-0.40999999999999925,0.83,-0.0020000000000000018,9403.02,-2643.4300000000003,68.61,8.64,10.549999999999997,0.40999999999999925,2643.4300000000003,8.64
172,3,35.46,75.69,84.01,6.09,0.742,6865.29,78.13,0,72,1,28.11,121,81,162.4,0,0,0,50.22,-14.759999999999998,7.31,-1.2199999999999998,0.83,-0.08799999999999997,9403.02,-2537.7300000000005,68.61,7.079999999999998,14.759999999999998,1.2199999999999998,2537.7300000000005,7.079999999999998
172,4,29.75,92.49,101.02,5.07,0.592,3496.57,48.35,0,72,1,28.11,121,81,162.4,0,0,0,50.22,-20.47,7.31,-2.2399999999999993,0.83,-0.238,9403.02,-5906.450000000001,68.61,23.879999999999995,20.47,2.2399999999999993,5906.450000000001,23.879999999999995
172,5,19.91,93.45,96.68,4.69,0.582,3684.61,49.28,1,72,1,28.11,121,81,162.4,0,0,0,50.22,-30.31,7.31,-2.619999999999999,0.83,-0.248,9403.02,-5718.41,68.61,24.840000000000003,30.31,2.619999999999999,5718.41,24.840000000000003
172,6,30.48,83.47,87.28,5.75,0.724,4356.37,59.69,1,72,1,28.11,121,81,162.4,0,0,0,50.22,-19.74,7.31,-1.5599999999999996,0.83,-0.10599999999999998,9403.02,-5046.650000000001,68.61,14.86,19.74,1.5599999999999996,5046.650000000001,14.86
172,7,51.08,71.91,83.39,7.12,0.96,8422.55,97.86,0,72,1,28.11,121,81,162.4,0,0,0,50.22,0.8599999999999994,7.31,-0.1899999999999995,0.83,0.13,9403.02,-980.4700000000012,68.61,3.299999999999997,-0.8599999999999994,0.1899999999999995,980.4700000000012,3.299999999999997
172,8,49.89,68.68,74.36,7.11,0.93,9278.49,100.0,0,72,1,28.11,121,81,162.4,0,0,0,50.22,-0.3299999999999983,7.31,-0.1999999999999993,0.83,0.10000000000000009,9403.02,-124.53000000000065,68.61,0.07000000000000739,0.3299999999999983,0.1999999999999993,124.53000000000065,0.07000000000000739
172,9,45.03,70.01,75.06,7.27,0.9,9430.95,100.0,0,72,1,28.11,121,81,162.4,0,0,0,50.22,-5.189999999999998,7.31,-0.040000000000000036,0.83,0.07000000000000006,9403.02,27.93000000000029,68.61,1.4000000000000057,5.189999999999998,0.040000000000000036,-27.93000000000029,1.4000000000000057
172,10,49.91,66.41,74.98,7.48,0.86,7784.05,89.34,0,72,1,28.11,121,81,162.4,0,0,0,50.22,-0.3100000000000023,7.31,0.17000000000000082,0.83,0.030000000000000027,9403.02,-1618.9700000000003,68.61,-2.200000000000003,0.3100000000000023,-0.17000000000000082,1618.9700000000003,-2.200000000000003
173,1,54.88,72.17,79.02,8.29,0.925,7886.2,92.66,0,41,0,23.65,141,77,218.8,1,0,0,54.88,0.0,8.29,0.0,0.925,0.0,7886.2,0.0,72.17,0.0,0.0,0.0,0.0,0.0
173,2,42.83,73.23,77.76,6.74,0.778,5581.21,70.52,0,41,0,23.65,141,77,218.8,1,0,0,54.88,-12.050000000000004,8.29,-1.549999999999999,0.925,-0.14700000000000002,7886.2,-2304.99,72.17,1.0600000000000023,12.050000000000004,1.549999999999999,2304.99,1.0600000000000023
173,3,38.01,83.06,92.92,5.56,0.714,5744.65,69.1,0,41,0,23.65,141,77,218.8,1,0,0,54.88,-16.870000000000005,8.29,-2.7299999999999995,0.925,-0.21100000000000008,7886.2,-2141.55,72.17,10.89,16.870000000000005,2.7299999999999995,2141.55,10.89
173,4,29.89,85.75,91.62,4.84,0.655,5342.02,63.93,0,41,0,23.65,141,77,218.8,1,0,0,54.88,-24.990000000000002,8.29,-3.4499999999999993,0.925,-0.27,7886.2,-2544.1799999999994,72.17,13.579999999999998,24.990000000000002,3.4499999999999993,2544.1799999999994,13.579999999999998
173,5,21.86,92.22,103.11,4.09,0.566,3065.68,44.29,1,41,0,23.65,141,77,218.8,1,0,0,54.88,-33.02,8.29,-4.199999999999999,0.925,-0.3590000000000001,7886.2,-4820.52,72.17,20.049999999999997,33.02,4.199999999999999,4820.52,20.049999999999997
173,6,35.08,78.75,87.83,5.8,0.777,6741.82,78.66,1,41,0,23.65,141,77,218.8,1,0,0,54.88,-19.800000000000004,8.29,-2.4899999999999993,0.925,-0.14800000000000002,7886.2,-1144.38,72.17,6.579999999999998,19.800000000000004,2.4899999999999993,1144.38,6.579999999999998
173,7,58.47,68.59,80.96,7.56,0.886,6388.52,80.54,0,41,0,23.65,141,77,218.8,1,0,0,54.88,3.5899999999999963,8.29,-0.7299999999999995,0.925,-0.039000000000000035,7886.2,-1497.6799999999994,72.17,-3.5799999999999983,-3.5899999999999963,0.7299999999999995,1497.6799999999994,-3.5799999999999983
173,8,55.68,68.01,76.36,7.23,0.861,6991.64,83.8,0,41,0,23.65,141,77,218.8,1,0,0,54.88,0.7999999999999972,8.29,-1.0599999999999987,0.925,-0.06400000000000006,7886.2,-894.5599999999995,72.17,-4.159999999999997,-0.7999999999999972,1.0599999999999987,894.5599999999995,-4.159999999999997
173,9,58.15,73.42,84.27,7.95,0.919,9518.68,100.0,0,41,0,23.65,141,77,218.8,1,0,0,54.88,3.269999999999996,8.29,-0.33999999999999897,0.925,-0.006000000000000005,7886.2,1632.4800000000005,72.17,1.25,-3.269999999999996,0.33999999999999897,-1632.4800000000005,1.25
173,10,53.85,70.28,83.94,7.13,0.9,9187.06,100.0,0,41,0,23.65,141,77,218.8,1,0,0,54.88,-1.0300000000000011,8.29,-1.1599999999999993,0.925,-0.025000000000000022,7886.2,1300.8599999999997,72.17,-1.8900000000000006,1.0300000000000011,1.1599999999999993,-1300.8599999999997,-1.8900000000000006
174,1,52.27,67.85,76.0,7.11,0.89,7131.58,85.94,0,56,1,29.11,122,74,211.2,1,0,0,52.27,0.0,7.11,0.0,0.89,0.0,7131.58,0.0,67.85,0.0,0.0,0.0,0.0,0.0
174,2,45.71,74.74,84.94,6.64,0.826,6640.27,79.9,0,56,1,29.11,122,74,211.2,1,0,0,52.27,-6.560000000000002,7.11,-0.47000000000000064,0.89,-0.06400000000000006,7131.58,-491.3099999999995,67.85,6.890000000000001,6.560000000000002,0.47000000000000064,491.3099999999995,6.890000000000001
174,3,41.17,86.22,92.2,6.45,0.715,6409.74,73.84,0,56,1,29.11,122,74,211.2,1,0,0,52.27,-11.100000000000001,7.11,-0.6600000000000001,0.89,-0.17500000000000004,7131.58,-721.8400000000001,67.85,18.370000000000005,11.100000000000001,0.6600000000000001,721.8400000000001,18.370000000000005
174,4,33.84,89.53,95.07,4.62,0.596,3241.89,46.74,0,56,1,29.11,122,74,211.2,1,0,0,52.27,-18.43,7.11,-2.49,0.89,-0.29400000000000004,7131.58,-3889.69,67.85,21.680000000000007,18.43,2.49,3889.69,21.680000000000007
174,5,16.97,95.07,104.17,4.37,0.591,2967.46,44.59,1,56,1,29.11,122,74,211.2,1,0,0,52.27,-35.300000000000004,7.11,-2.74,0.89,-0.29900000000000004,7131.58,-4164.12,67.85,27.22,35.300000000000004,2.74,4164.12,27.22
174,6,34.44,87.7,89.61,5.25,0.722,5055.89,64.56,1,56,1,29.11,122,74,211.2,1,0,0,52.27,-17.830000000000005,7.11,-1.8600000000000003,0.89,-0.16800000000000004,7131.58,-2075.6899999999996,67.85,19.85000000000001,17.830000000000005,1.8600000000000003,2075.6899999999996,19.85000000000001
174,7,53.82,71.05,79.39,6.67,0.914,9238.75,100.0,0,56,1,29.11,122,74,211.2,1,0,0,52.27,1.5499999999999972,7.11,-0.4400000000000004,0.89,0.02400000000000002,7131.58,2107.17,67.85,3.200000000000003,-1.5499999999999972,0.4400000000000004,-2107.17,3.200000000000003
174,8,48.95,66.53,72.34,7.26,0.887,8552.5,95.85,0,56,1,29.11,122,74,211.2,1,0,0,52.27,-3.3200000000000003,7.11,0.14999999999999947,0.89,-0.0030000000000000027,7131.58,1420.92,67.85,-1.3199999999999932,3.3200000000000003,-0.14999999999999947,-1420.92,-1.3199999999999932
174,9,53.27,65.66,70.91,7.82,0.901,9785.24,100.0,0,56,1,29.11,122,74,211.2,1,0,0,52.27,1.0,7.11,0.71,0.89,0.01100000000000001,7131.58,2653.66,67.85,-2.1899999999999977,-1.0,-0.71,-2653.66,-2.1899999999999977
174,10,48.67,74.93,87.01,7.58,0.902,8040.71,92.84,0,56,1,29.11,122,74,211.2,1,0,0,52.27,-3.6000000000000014,7.11,0.46999999999999975,0.89,0.01200000000000001,7131.58,909.1300000000001,67.85,7.0800000000000125,3.6000000000000014,-0.46999999999999975,-909.1300000000001,7.0800000000000125
175,1,46.99,72.64,80.15,6.97,0.911,9891.73,100.0,0,37,1,31.13,117,75,243.9,0,0,1,46.99,0.0,6.97,0.0,0.911,0.0,9891.73,0.0,72.64,0.0,0.0,0.0,0.0,0.0
175,2,49.95,79.49,83.89,6.59,0.854,8297.03,92.74,0,37,1,31.13,117,75,243.9,0,0,1,46.99,2.960000000000001,6.97,-0.3799999999999999,0.911,-0.05700000000000005,9891.73,-1594.699999999999,72.64,6.849999999999994,-2.960000000000001,0.3799999999999999,1594.699999999999,6.849999999999994
175,3,36.0,85.41,94.23,6.31,0.762,4788.02,64.29,0,37,1,31.13,117,75,243.9,0,0,1,46.99,-10.990000000000002,6.97,-0.6600000000000001,0.911,-0.14900000000000002,9891.73,-5103.709999999999,72.64,12.769999999999996,10.990000000000002,0.6600000000000001,5103.709999999999,12.769999999999996
175,4,37.44,85.72,95.7,5.87,0.688,6398.88,72.7,0,37,1,31.13,117,75,243.9,0,0,1,46.99,-9.550000000000004,6.97,-1.0999999999999996,0.911,-0.2230000000000001,9891.73,-3492.8499999999995,72.64,13.079999999999998,9.550000000000004,1.0999999999999996,3492.8499999999995,13.079999999999998
175,5,27.28,92.28,98.83,5.17,0.663,1989.61,40.56,0,37,1,31.13,117,75,243.9,0,0,1,46.99,-19.71,6.97,-1.7999999999999998,0.911,-0.248,9891.73,-7902.12,72.64,19.64,19.71,1.7999999999999998,7902.12,19.64
175,6,24.66,92.14,97.78,4.7,0.573,2693.76,41.92,0,37,1,31.13,117,75,243.9,0,0,1,46.99,-22.330000000000002,6.97,-2.2699999999999996,0.911,-0.3380000000000001,9891.73,-7197.969999999999,72.64,19.5,22.330000000000002,2.2699999999999996,7197.969999999999,19.5
175,7,16.06,99.36,108.13,3.99,0.539,3199.05,44.16,1,37,1,31.13,117,75,243.9,0,0,1,46.99,-30.930000000000003,6.97,-2.9799999999999995,0.911,-0.372,9891.73,-6692.679999999999,72.64,26.72,30.930000000000003,2.9799999999999995,6692.679999999999,26.72
175,8,32.29,82.72,93.31,5.63,0.761,6550.03,76.68,1,37,1,31.13,117,75,243.9,0,0,1,46.99,-14.700000000000003,6.97,-1.3399999999999999,0.911,-0.15000000000000002,9891.73,-3341.7,72.64,10.079999999999998,14.700000000000003,1.3399999999999999,3341.7,10.079999999999998
175,9,49.16,77.22,89.48,6.74,0.854,8379.83,93.32,0,37,1,31.13,117,75,243.9,0,0,1,46.99,2.1699999999999946,6.97,-0.22999999999999954,0.911,-0.05700000000000005,9891.73,-1511.8999999999996,72.64,4.579999999999998,-2.1699999999999946,0.22999999999999954,1511.8999999999996,4.579999999999998
175,10,49.43,69.85,77.2,7.09,0.852,9053.54,97.99,0,37,1,31.13,117,75,243.9,0,0,1,46.99,2.4399999999999977,6.97,0.1200000000000001,0.911,-0.05900000000000005,9891.73,-838.1899999999987,72.64,-2.7900000000000063,-2.4399999999999977,-0.1200000000000001,838.1899999999987,-2.7900000000000063
176,1,45.97,64.38,69.96,7.21,0.862,9445.87,100.0,0,61,1,33.47,140,75,210.6,0,1,0,45.97,0.0,7.21,0.0,0.862,0.0,9445.87,0.0,64.38,0.0,0.0,0.0,0.0,0.0
176,2,30.83,79.53,87.21,6.5,0.803,5464.56,70.69,0,61,1,33.47,140,75,210.6,0,1,0,45.97,-15.14,7.21,-0.71,0.862,-0.05899999999999994,9445.87,-3981.3100000000004,64.38,15.150000000000006,15.14,0.71,3981.3100000000004,15.150000000000006
176,3,27.44,86.14,94.36,5.15,0.724,5081.32,64.85,0,61,1,33.47,140,75,210.6,0,1,0,45.97,-18.529999999999998,7.21,-2.0599999999999996,0.862,-0.138,9445.87,-4364.550000000001,64.38,21.760000000000005,18.529999999999998,2.0599999999999996,4364.550000000001,21.760000000000005
176,4,19.61,93.97,101.63,3.62,0.552,1200.0,30.54,1,61,1,33.47,140,75,210.6,0,1,0,45.97,-26.36,7.21,-3.59,0.862,-0.30999999999999994,9445.87,-8245.87,64.38,29.590000000000003,26.36,3.59,8245.87,29.590000000000003
176,5,34.86,84.86,95.88,6.52,0.709,5724.82,68.78,1,61,1,33.47,140,75,210.6,0,1,0,45.97,-11.11,7.21,-0.6900000000000004,0.862,-0.15300000000000002,9445.87,-3721.050000000001,64.38,20.480000000000004,11.11,0.6900000000000004,3721.050000000001,20.480000000000004
176,6,43.23,73.35,79.54,7.42,0.881,9054.94,99.15,0,61,1,33.47,140,75,210.6,0,1,0,45.97,-2.740000000000002,7.21,0.20999999999999996,0.862,0.019000000000000017,9445.87,-390.9300000000003,64.38,8.969999999999999,2.740000000000002,-0.20999999999999996,390.9300000000003,8.969999999999999
176,7,48.83,68.95,80.07,7.76,0.926,10647.95,100.0,0,61,1,33.47,140,75,210.6,0,1,0,45.97,2.8599999999999994,7.21,0.5499999999999998,0.862,0.06400000000000006,9445.87,1202.08,64.38,4.570000000000007,-2.8599999999999994,-0.5499999999999998,-1202.08,4.570000000000007
176,8,46.89,69.52,77.81,7.43,0.961,9077.24,100.0,0,61,1,33.47,140,75,210.6,0,1,0,45.97,0.9200000000000017,7.21,0.21999999999999975,0.862,0.09899999999999998,9445.87,-368.630000000001,64.38,5.140000000000001,-0.9200000000000017,-0.21999999999999975,368.630000000001,5.140000000000001
176,9,54.76,72.55,78.81,7.93,0.911,9769.13,100.0,0,61,1,33.47,140,75,210.6,0,1,0,45.97,8.79,7.21,0.7199999999999998,0.862,0.049000000000000044,9445.87,323.2599999999984,64.38,8.170000000000002,-8.79,-0.7199999999999998,-323.2599999999984,8.170000000000002
176,10,45.76,72.42,81.5,7.27,0.916,8805.39,98.81,0,61,1,33.47,140,75,210.6,0,1,0,45.97,-0.21000000000000085,7.21,0.05999999999999961,0.862,0.05400000000000005,9445.87,-640.4800000000014,64.38,8.040000000000006,0.21000000000000085,-0.05999999999999961,640.4800000000014,8.040000000000006
177,1,55.03,66.41,76.93,7.54,0.904,9197.35,100.0,0,50,0,28.16,134,68,197.3,1,0,0,55.03,0.0,7.54,0.0,0.904,0.0,9197.35,0.0,66.41,0.0,0.0,0.0,0.0,0.0
177,2,45.08,78.93,85.64,6.23,0.774,7971.93,87.22,0,50,0,28.16,134,68,197.3,1,0,0,55.03,-9.950000000000003,7.54,-1.3099999999999996,0.904,-0.13,9197.35,-1225.42,66.41,12.52000000000001,9.950000000000003,1.3099999999999996,1225.42,12.52000000000001
177,3,40.89,77.25,88.07,6.35,0.777,6115.53,74.23,0,50,0,28.16,134,68,197.3,1,0,0,55.03,-14.14,7.54,-1.1900000000000004,0.904,-0.127,9197.35,-3081.8200000000006,66.41,10.840000000000003,14.14,1.1900000000000004,3081.8200000000006,10.840000000000003
177,4,37.32,80.02,87.39,5.58,0.693,5544.11,66.85,0,50,0,28.16,134,68,197.3,1,0,0,55.03,-17.71,7.54,-1.96,0.904,-0.21100000000000008,9197.35,-3653.2400000000007,66.41,13.61,17.71,1.96,3653.2400000000007,13.61
177,5,34.06,86.35,97.12,6.04,0.652,3502.89,50.81,0,50,0,28.16,134,68,197.3,1,0,0,55.03,-20.97,7.54,-1.5,0.904,-0.252,9197.35,-5694.460000000001,66.41,19.939999999999998,20.97,1.5,5694.460000000001,19.939999999999998
177,6,24.29,90.96,101.32,4.81,0.648,1453.06,36.19,0,50,0,28.16,134,68,197.3,1,0,0,55.03,-30.740000000000002,7.54,-2.7300000000000004,0.904,-0.256,9197.35,-7744.290000000001,66.41,24.549999999999997,30.740000000000002,2.7300000000000004,7744.290000000001,24.549999999999997
177,7,18.39,97.25,107.38,3.89,0.577,1200.0,31.54,1,50,0,28.16,134,68,197.3,1,0,0,55.03,-36.64,7.54,-3.65,0.904,-0.32700000000000007,9197.35,-7997.35,66.41,30.840000000000003,36.64,3.65,7997.35,30.840000000000003
177,8,36.78,85.25,95.89,6.7,0.751,6255.21,74.18,1,50,0,28.16,134,68,197.3,1,0,0,55.03,-18.25,7.54,-0.8399999999999999,0.904,-0.15300000000000002,9197.35,-2942.1400000000003,66.41,18.840000000000003,18.25,0.8399999999999999,2942.1400000000003,18.840000000000003
177,9,49.22,72.66,79.7,7.97,0.861,8849.16,96.91,0,50,0,28.16,134,68,197.3,1,0,0,55.03,-5.810000000000002,7.54,0.4299999999999997,0.904,-0.04300000000000004,9197.35,-348.1900000000005,66.41,6.25,5.810000000000002,-0.4299999999999997,348.1900000000005,6.25
177,10,52.86,65.4,72.13,7.56,0.886,9492.65,100.0,0,50,0,28.16,134,68,197.3,1,0,0,55.03,-2.1700000000000017,7.54,0.019999999999999574,0.904,-0.018000000000000016,9197.35,295.2999999999993,66.41,-1.009999999999991,2.1700000000000017,-0.019999999999999574,-295.2999999999993,-1.009999999999991
178,1,52.61,72.1,82.14,7.2,0.925,9096.98,100.0,0,64,1,30.41,121,80,266.7,0,1,0,52.61,0.0,7.2,0.0,0.925,0.0,9096.98,0.0,72.1,0.0,0.0,0.0,0.0,0.0
178,2,43.8,69.87,80.88,7.17,0.87,5712.54,75.14,0,64,1,30.41,121,80,266.7,0,1,0,52.61,-8.810000000000002,7.2,-0.03000000000000025,0.925,-0.05500000000000005,9096.98,-3384.4399999999996,72.1,-2.2299999999999898,8.810000000000002,0.03000000000000025,3384.4399999999996,-2.2299999999999898
178,3,36.01,79.7,90.14,6.16,0.745,6761.05,77.52,0,64,1,30.41,121,80,266.7,0,1,0,52.61,-16.6,7.2,-1.04,0.925,-0.18000000000000005,9096.98,-2335.9299999999994,72.1,7.6000000000000085,16.6,1.04,2335.9299999999994,7.6000000000000085
178,4,28.31,81.34,94.72,5.57,0.723,4276.83,59.12,0,64,1,30.41,121,80,266.7,0,1,0,52.61,-24.3,7.2,-1.63,0.925,-0.20200000000000007,9096.98,-4820.15,72.1,9.240000000000009,24.3,1.63,4820.15,9.240000000000009
178,5,24.31,88.18,93.57,5.41,0.718,4228.05,58.56,0,64,1,30.41,121,80,266.7,0,1,0,52.61,-28.3,7.2,-1.79,0.925,-0.20700000000000007,9096.98,-4868.929999999999,72.1,16.080000000000013,28.3,1.79,4868.929999999999,16.080000000000013
178,6,17.9,89.9,95.04,4.84,0.572,3516.01,47.69,0,64,1,30.41,121,80,266.7,0,1,0,52.61,-34.71,7.2,-2.3600000000000003,0.925,-0.3530000000000001,9096.98,-5580.969999999999,72.1,17.80000000000001,34.71,2.3600000000000003,5580.969999999999,17.80000000000001
178,7,17.13,91.16,97.41,4.63,0.59,2639.64,42.22,1,64,1,30.41,121,80,266.7,0,1,0,52.61,-35.480000000000004,7.2,-2.5700000000000003,0.925,-0.3350000000000001,9096.98,-6457.34,72.1,19.060000000000002,35.480000000000004,2.5700000000000003,6457.34,19.060000000000002
178,8,28.74,81.03,84.89,5.0,0.711,6009.06,70.84,1,64,1,30.41,121,80,266.7,0,1,0,52.61,-23.87,7.2,-2.2,0.925,-0.21400000000000008,9096.98,-3087.919999999999,72.1,8.930000000000007,23.87,2.2,3087.919999999999,8.930000000000007
178,9,54.39,74.78,85.29,7.4,0.887,8119.61,92.8,0,64,1,30.41,121,80,266.7,0,1,0,52.61,1.7800000000000011,7.2,0.20000000000000018,0.925,-0.038000000000000034,9096.98,-977.3699999999999,72.1,2.680000000000007,-1.7800000000000011,-0.20000000000000018,977.3699999999999,2.680000000000007
178,10,50.4,72.49,81.34,7.5,0.896,8231.88,93.94,0,64,1,30.41,121,80,266.7,0,1,0,52.61,-2.210000000000001,7.2,0.2999999999999998,0.925,-0.029000000000000026,9096.98,-865.1000000000004,72.1,0.39000000000000057,2.210000000000001,-0.2999999999999998,865.1000000000004,0.39000000000000057
179,1,50.81,71.53,81.74,7.28,0.901,8375.16,95.16,0,61,1,30.38,157,83,189.5,0,0,0,50.81,0.0,7.28,0.0,0.901,0.0,8375.16,0.0,71.53,0.0,0.0,0.0,0.0,0.0
179,2,47.76,77.0,90.38,6.12,0.809,7442.67,84.91,0,61,1,30.38,157,83,189.5,0,0,0,50.81,-3.0500000000000043,7.28,-1.1600000000000001,0.901,-0.09199999999999997,8375.16,-932.4899999999998,71.53,5.469999999999999,3.0500000000000043,1.1600000000000001,932.4899999999998,5.469999999999999
179,3,36.27,81.29,92.09,5.88,0.797,5443.25,70.28,0,61,1,30.38,157,83,189.5,0,0,0,50.81,-14.54,7.28,-1.4000000000000004,0.901,-0.10399999999999998,8375.16,-2931.91,71.53,9.760000000000005,14.54,1.4000000000000004,2931.91,9.760000000000005
179,4,30.12,85.23,92.1,5.71,0.697,5628.82,67.6,0,61,1,30.38,157,83,189.5,0,0,0,50.81,-20.69,7.28,-1.5700000000000003,0.901,-0.20400000000000007,8375.16,-2746.34,71.53,13.700000000000003,20.69,1.5700000000000003,2746.34,13.700000000000003
179,5,30.23,86.19,98.01,4.93,0.649,4805.63,59.88,0,61,1,30.38,157,83,189.5,0,0,0,50.81,-20.580000000000002,7.28,-2.3500000000000005,0.901,-0.252,8375.16,-3569.5299999999997,71.53,14.659999999999997,20.580000000000002,2.3500000000000005,3569.5299999999997,14.659999999999997
179,6,16.78,94.84,102.03,4.81,0.563,2427.44,39.65,1,61,1,30.38,157,83,189.5,0,0,0,50.81,-34.03,7.28,-2.4700000000000006,0.901,-0.3380000000000001,8375.16,-5947.719999999999,71.53,23.310000000000002,34.03,2.4700000000000006,5947.719999999999,23.310000000000002
179,7,28.73,87.17,96.38,5.43,0.726,4177.44,58.54,1,61,1,30.38,157,83,189.5,0,0,0,50.81,-22.080000000000002,7.28,-1.8500000000000005,0.901,-0.17500000000000004,8375.16,-4197.72,71.53,15.64,22.080000000000002,1.8500000000000005,4197.72,15.64
179,8,48.83,74.47,80.53,7.5,0.885,7645.4,89.36,0,61,1,30.38,157,83,189.5,0,0,0,50.81,-1.980000000000004,7.28,0.21999999999999975,0.901,-0.016000000000000014,8375.16,-729.7600000000002,71.53,2.9399999999999977,1.980000000000004,-0.21999999999999975,729.7600000000002,2.9399999999999977
179,9,48.22,68.1,76.87,7.88,0.879,8556.35,95.55,0,61,1,30.38,157,83,189.5,0,0,0,50.81,-2.5900000000000034,7.28,0.5999999999999996,0.901,-0.02200000000000002,8375.16,181.1900000000005,71.53,-3.430000000000007,2.5900000000000034,-0.5999999999999996,-181.1900000000005,-3.430000000000007
179,10,50.82,70.9,79.11,7.44,0.911,8437.19,96.01,0,61,1,30.38,157,83,189.5,0,0,0,50.81,0.00999999999999801,7.28,0.16000000000000014,0.901,0.010000000000000009,8375.16,62.030000000000655,71.53,-0.6299999999999955,-0.00999999999999801,-0.16000000000000014,-62.030000000000655,-0.6299999999999955
180,1,48.11,70.68,77.14,7.22,0.88,8781.38,97.2,0,66,0,25.02,139,77,168.7,0,0,1,48.11,0.0,7.22,0.0,0.88,0.0,8781.38,0.0,70.68,0.0,0.0,0.0,0.0,0.0
180,2,36.4,78.61,88.19,6.33,0.83,6619.7,79.94,0,66,0,25.02,139,77,168.7,0,0,1,48.11,-11.71,7.22,-0.8899999999999997,0.88,-0.050000000000000044,8781.38,-2161.6799999999994,70.68,7.929999999999993,11.71,0.8899999999999997,2161.6799999999994,7.929999999999993
180,3,35.63,79.71,86.38,6.16,0.746,6352.05,74.69,0,66,0,25.02,139,77,168.7,0,0,1,48.11,-12.479999999999997,7.22,-1.0599999999999996,0.88,-0.134,8781.38,-2429.329999999999,70.68,9.029999999999987,12.479999999999997,1.0599999999999996,2429.329999999999,9.029999999999987
180,4,28.37,85.43,89.04,5.15,0.656,5514.01,65.17,0,66,0,25.02,139,77,168.7,0,0,1,48.11,-19.74,7.22,-2.0699999999999994,0.88,-0.22399999999999998,8781.38,-3267.369999999999,70.68,14.75,19.74,2.0699999999999994,3267.369999999999,14.75
180,5,23.36,92.81,99.02,4.8,0.591,3047.93,45.16,0,66,0,25.02,139,77,168.7,0,0,1,48.11,-24.75,7.22,-2.42,0.88,-0.28900000000000003,8781.38,-5733.449999999999,70.68,22.129999999999995,24.75,2.42,5733.449999999999,22.129999999999995
180,6,16.0,97.35,109.6,4.87,0.544,2604.48,40.16,1,66,0,25.02,139,77,168.7,0,0,1,48.11,-32.11,7.22,-2.3499999999999996,0.88,-0.33599999999999997,8781.38,-6176.9,70.68,26.669999999999987,32.11,2.3499999999999996,6176.9,26.669999999999987
180,7,32.97,86.41,96.08,5.85,0.733,5681.24,69.44,1,66,0,25.02,139,77,168.7,0,0,1,48.11,-15.14,7.22,-1.37,0.88,-0.14700000000000002,8781.38,-3100.1399999999994,70.68,15.72999999999999,15.14,1.37,3100.1399999999994,15.72999999999999
180,8,46.92,68.97,79.86,6.97,0.861,9194.23,99.35,0,66,0,25.02,139,77,168.7,0,0,1,48.11,-1.1899999999999977,7.22,-0.25,0.88,-0.019000000000000017,8781.38,412.85000000000036,70.68,-1.710000000000008,1.1899999999999977,0.25,-412.85000000000036,-1.710000000000008
180,9,52.54,72.67,81.98,7.91,0.911,8229.51,94.54,0,66,0,25.02,139,77,168.7,0,0,1,48.11,4.43,7.22,0.6900000000000004,0.88,0.031000000000000028,8781.38,-551.869999999999,70.68,1.9899999999999949,-4.43,-0.6900000000000004,551.869999999999,1.9899999999999949
180,10,47.28,71.73,82.22,7.15,0.867,8707.14,96.15,0,66,0,25.02,139,77,168.7,0,0,1,48.11,-0.8299999999999983,7.22,-0.0699999999999994,0.88,-0.013000000000000012,8781.38,-74.23999999999978,70.68,1.0499999999999972,0.8299999999999983,0.0699999999999994,74.23999999999978,1.0499999999999972
181,1,45.04,74.66,85.84,7.47,0.9,8053.83,92.84,0,49,1,28.78,120,79,216.0,0,1,1,45.04,0.0,7.47,0.0,0.9,0.0,8053.83,0.0,74.66,0.0,0.0,0.0,0.0,0.0
181,2,41.09,80.28,87.4,6.83,0.825,6795.03,80.97,0,49,1,28.78,120,79,216.0,0,1,1,45.04,-3.9499999999999957,7.47,-0.6399999999999997,0.9,-0.07500000000000007,8053.83,-1258.8000000000002,74.66,5.6200000000000045,3.9499999999999957,0.6399999999999997,1258.8000000000002,5.6200000000000045
181,3,33.27,84.97,95.43,5.88,0.721,5303.61,66.27,0,49,1,28.78,120,79,216.0,0,1,1,45.04,-11.769999999999996,7.47,-1.5899999999999999,0.9,-0.17900000000000005,8053.83,-2750.2200000000003,74.66,10.310000000000002,11.769999999999996,1.5899999999999999,2750.2200000000003,10.310000000000002
181,4,29.3,91.7,97.55,4.8,0.632,3691.45,51.36,0,49,1,28.78,120,79,216.0,0,1,1,45.04,-15.739999999999998,7.47,-2.67,0.9,-0.268,8053.83,-4362.38,74.66,17.040000000000006,15.739999999999998,2.67,4362.38,17.040000000000006
181,5,16.0,97.16,105.48,4.09,0.563,2722.61,41.72,1,49,1,28.78,120,79,216.0,0,1,1,45.04,-29.04,7.47,-3.38,0.9,-0.3370000000000001,8053.83,-5331.219999999999,74.66,22.5,29.04,3.38,5331.219999999999,22.5
181,6,28.79,84.83,93.89,5.34,0.739,5806.97,70.55,1,49,1,28.78,120,79,216.0,0,1,1,45.04,-16.25,7.47,-2.13,0.9,-0.16100000000000003,8053.83,-2246.8599999999997,74.66,10.170000000000002,16.25,2.13,2246.8599999999997,10.170000000000002
181,7,40.7,76.76,87.16,7.3,0.906,8466.3,95.98,0,49,1,28.78,120,79,216.0,0,1,1,45.04,-4.339999999999996,7.47,-0.16999999999999993,0.9,0.006000000000000005,8053.83,412.46999999999935,74.66,2.1000000000000085,4.339999999999996,0.16999999999999993,-412.46999999999935,2.1000000000000085
181,8,49.77,72.24,79.07,6.74,0.921,7563.07,90.21,0,49,1,28.78,120,79,216.0,0,1,1,45.04,4.730000000000004,7.47,-0.7299999999999995,0.9,0.02100000000000002,8053.83,-490.7600000000002,74.66,-2.4200000000000017,-4.730000000000004,0.7299999999999995,490.7600000000002,-2.4200000000000017
181,9,49.81,73.61,83.61,6.83,0.907,6859.64,84.71,0,49,1,28.78,120,79,216.0,0,1,1,45.04,4.770000000000003,7.47,-0.6399999999999997,0.9,0.007000000000000006,8053.83,-1194.1899999999996,74.66,-1.0499999999999972,-4.770000000000003,0.6399999999999997,1194.1899999999996,-1.0499999999999972
181,10,49.06,75.91,84.99,7.29,0.871,8248.09,93.07,0,49,1,28.78,120,79,216.0,0,1,1,45.04,4.020000000000003,7.47,-0.17999999999999972,0.9,-0.029000000000000026,8053.83,194.26000000000022,74.66,1.25,-4.020000000000003,0.17999999999999972,-194.26000000000022,1.25
182,1,50.79,73.12,82.21,7.49,0.899,8257.34,94.25,0,65,1,25.7,139,74,240.0,1,0,1,50.79,0.0,7.49,0.0,0.899,0.0,8257.34,0.0,73.12,0.0,0.0,0.0,0.0,0.0
182,2,40.33,75.43,83.09,6.77,0.797,7405.55,84.17,0,65,1,25.7,139,74,240.0,1,0,1,50.79,-10.46,7.49,-0.7200000000000006,0.899,-0.10199999999999998,8257.34,-851.79,73.12,2.3100000000000023,10.46,0.7200000000000006,851.79,2.3100000000000023
182,3,41.63,82.24,87.29,6.81,0.733,7474.86,82.08,0,65,1,25.7,139,74,240.0,1,0,1,50.79,-9.159999999999997,7.49,-0.6800000000000006,0.899,-0.16600000000000004,8257.34,-782.4800000000005,73.12,9.11999999999999,9.159999999999997,0.6800000000000006,782.4800000000005,9.11999999999999
182,4,31.07,80.01,90.39,6.21,0.74,6332.33,74.29,0,65,1,25.7,139,74,240.0,1,0,1,50.79,-19.72,7.49,-1.2800000000000002,0.899,-0.15900000000000003,8257.34,-1925.0100000000002,73.12,6.890000000000001,19.72,1.2800000000000002,1925.0100000000002,6.890000000000001
182,5,25.24,89.53,95.31,4.49,0.674,4034.91,55.43,0,65,1,25.7,139,74,240.0,1,0,1,50.79,-25.55,7.49,-3.0,0.899,-0.22499999999999998,8257.34,-4222.43,73.12,16.409999999999997,25.55,3.0,4222.43,16.409999999999997
182,6,18.47,94.3,100.5,4.79,0.586,3916.44,51.09,0,65,1,25.7,139,74,240.0,1,0,1,50.79,-32.32,7.49,-2.7,0.899,-0.31300000000000006,8257.34,-4340.9,73.12,21.179999999999993,32.32,2.7,4340.9,21.179999999999993
182,7,16.0,91.77,101.72,3.87,0.576,4083.3,51.86,1,65,1,25.7,139,74,240.0,1,0,1,50.79,-34.79,7.49,-3.62,0.899,-0.32300000000000006,8257.34,-4174.04,73.12,18.64999999999999,34.79,3.62,4174.04,18.64999999999999
182,8,33.46,80.59,87.95,4.99,0.767,6200.77,74.45,1,65,1,25.7,139,74,240.0,1,0,1,50.79,-17.33,7.49,-2.5,0.899,-0.132,8257.34,-2056.5699999999997,73.12,7.469999999999999,17.33,2.5,2056.5699999999997,7.469999999999999
182,9,48.37,72.63,77.79,6.86,0.916,8691.76,98.0,0,65,1,25.7,139,74,240.0,1,0,1,50.79,-2.4200000000000017,7.49,-0.6299999999999999,0.899,0.017000000000000015,8257.34,434.4200000000001,73.12,-0.4900000000000091,2.4200000000000017,0.6299999999999999,-434.4200000000001,-0.4900000000000091
182,10,47.63,74.48,86.42,6.72,0.897,6861.7,84.33,0,65,1,25.7,139,74,240.0,1,0,1,50.79,-3.1599999999999966,7.49,-0.7700000000000005,0.899,-0.0020000000000000018,8257.34,-1395.6400000000003,73.12,1.3599999999999994,3.1599999999999966,0.7700000000000005,1395.6400000000003,1.3599999999999994
183,1,52.75,73.02,82.6,8.03,0.949,8904.3,100.0,0,48,1,26.08,120,69,215.6,0,0,1,52.75,0.0,8.03,0.0,0.949,0.0,8904.3,0.0,73.02,0.0,0.0,0.0,0.0,0.0
183,2,43.41,81.36,88.95,6.73,0.809,6123.37,75.58,0,48,1,26.08,120,69,215.6,0,0,1,52.75,-9.340000000000003,8.03,-1.299999999999999,0.949,-0.1399999999999999,8904.3,-2780.9299999999994,73.02,8.340000000000003,9.340000000000003,1.299999999999999,2780.9299999999994,8.340000000000003
183,3,31.68,87.14,94.76,5.83,0.753,4167.28,59.53,0,48,1,26.08,120,69,215.6,0,0,1,52.75,-21.07,8.03,-2.1999999999999993,0.949,-0.19599999999999995,8904.3,-4737.0199999999995,73.02,14.120000000000005,21.07,2.1999999999999993,4737.0199999999995,14.120000000000005
183,4,20.84,89.62,98.64,5.05,0.598,3800.76,50.76,0,48,1,26.08,120,69,215.6,0,0,1,52.75,-31.91,8.03,-2.9799999999999995,0.949,-0.351,8904.3,-5103.539999999999,73.02,16.60000000000001,31.91,2.9799999999999995,5103.539999999999,16.60000000000001
183,5,16.61,95.79,104.92,4.0,0.56,2417.2,39.47,1,48,1,26.08,120,69,215.6,0,0,1,52.75,-36.14,8.03,-4.029999999999999,0.949,-0.3889999999999999,8904.3,-6487.099999999999,73.02,22.77000000000001,36.14,4.029999999999999,6487.099999999999,22.77000000000001
183,6,44.17,87.85,98.22,5.28,0.788,5479.41,70.19,1,48,1,26.08,120,69,215.6,0,0,1,52.75,-8.579999999999998,8.03,-2.749999999999999,0.949,-0.16099999999999992,8904.3,-3424.8899999999994,73.02,14.829999999999998,8.579999999999998,2.749999999999999,3424.8899999999994,14.829999999999998
183,7,48.18,72.63,82.1,6.45,0.876,8655.12,96.12,0,48,1,26.08,120,69,215.6,0,0,1,52.75,-4.57,8.03,-1.5799999999999992,0.949,-0.07299999999999995,8904.3,-249.17999999999847,73.02,-0.39000000000000057,4.57,1.5799999999999992,249.17999999999847,-0.39000000000000057
183,8,44.65,77.96,79.98,7.84,0.899,9565.56,100.0,0,48,1,26.08,120,69,215.6,0,0,1,52.75,-8.100000000000001,8.03,-0.1899999999999995,0.949,-0.04999999999999993,8904.3,661.2600000000002,73.02,4.939999999999998,8.100000000000001,0.1899999999999995,-661.2600000000002,4.939999999999998
183,9,45.29,70.6,76.21,7.44,0.944,7425.35,90.18,0,48,1,26.08,120,69,215.6,0,0,1,52.75,-7.460000000000001,8.03,-0.589999999999999,0.949,-0.0050000000000000044,8904.3,-1478.949999999999,73.02,-2.4200000000000017,7.460000000000001,0.589999999999999,1478.949999999999,-2.4200000000000017
183,10,46.02,70.13,81.4,6.61,0.92,9314.73,100.0,0,48,1,26.08,120,69,215.6,0,0,1,52.75,-6.729999999999997,8.03,-1.419999999999999,0.949,-0.028999999999999915,8904.3,410.4300000000003,73.02,-2.8900000000000006,6.729999999999997,1.419999999999999,-410.4300000000003,-2.8900000000000006
184,1,48.79,66.72,80.57,7.92,0.894,7779.86,90.67,0,30,1,22.26,122,93,162.8,0,0,1,48.79,0.0,7.92,0.0,0.894,0.0,7779.86,0.0,66.72,0.0,0.0,0.0,0.0,0.0
184,2,43.7,70.79,86.79,6.97,0.841,6624.5,80.38,0,30,1,22.26,122,93,162.8,0,0,1,48.79,-5.089999999999996,7.92,-0.9500000000000002,0.894,-0.05300000000000005,7779.86,-1155.3599999999997,66.72,4.070000000000007,5.089999999999996,0.9500000000000002,1155.3599999999997,4.070000000000007
184,3,42.12,77.66,80.15,6.05,0.812,6206.2,76.27,0,30,1,22.26,122,93,162.8,0,0,1,48.79,-6.670000000000002,7.92,-1.87,0.894,-0.08199999999999996,7779.86,-1573.6599999999999,66.72,10.939999999999998,6.670000000000002,1.87,1573.6599999999999,10.939999999999998
184,4,30.59,88.71,100.04,6.2,0.627,4426.59,56.34,0,30,1,22.26,122,93,162.8,0,0,1,48.79,-18.2,7.92,-1.7199999999999998,0.894,-0.267,7779.86,-3353.2699999999995,66.72,21.989999999999995,18.2,1.7199999999999998,3353.2699999999995,21.989999999999995
184,5,30.53,89.4,99.3,4.79,0.667,4373.83,57.54,0,30,1,22.26,122,93,162.8,0,0,1,48.79,-18.259999999999998,7.92,-3.13,0.894,-0.22699999999999998,7779.86,-3406.0299999999997,66.72,22.680000000000007,18.259999999999998,3.13,3406.0299999999997,22.680000000000007
184,6,19.64,98.01,101.55,4.17,0.603,1822.57,37.0,1,30,1,22.26,122,93,162.8,0,0,1,48.79,-29.15,7.92,-3.75,0.894,-0.29100000000000004,7779.86,-5957.29,66.72,31.290000000000006,29.15,3.75,5957.29,31.290000000000006
184,7,33.85,78.03,84.99,6.07,0.716,5412.43,66.84,1,30,1,22.26,122,93,162.8,0,0,1,48.79,-14.939999999999998,7.92,-1.8499999999999996,0.894,-0.17800000000000005,7779.86,-2367.4299999999994,66.72,11.310000000000002,14.939999999999998,1.8499999999999996,2367.4299999999994,11.310000000000002
184,8,52.69,76.27,83.57,7.79,0.839,8636.38,94.51,0,30,1,22.26,122,93,162.8,0,0,1,48.79,3.8999999999999986,7.92,-0.1299999999999999,0.894,-0.05500000000000005,7779.86,856.5199999999995,66.72,9.549999999999997,-3.8999999999999986,0.1299999999999999,-856.5199999999995,9.549999999999997
184,9,54.6,71.16,74.99,7.53,0.853,8066.93,91.05,0,30,1,22.26,122,93,162.8,0,0,1,48.79,5.810000000000002,7.92,-0.3899999999999997,0.894,-0.041000000000000036,7779.86,287.0700000000006,66.72,4.439999999999998,-5.810000000000002,0.3899999999999997,-287.0700000000006,4.439999999999998
184,10,50.58,72.25,84.9,6.86,0.894,8122.46,93.11,0,30,1,22.26,122,93,162.8,0,0,1,48.79,1.7899999999999991,7.92,-1.0599999999999996,0.894,0.0,7779.86,342.60000000000036,66.72,5.530000000000001,-1.7899999999999991,1.0599999999999996,-342.60000000000036,5.530000000000001
185,1,57.73,70.62,80.02,6.84,0.911,9522.01,100.0,0,59,0,26.3,141,88,161.9,1,0,0,57.73,0.0,6.84,0.0,0.911,0.0,9522.01,0.0,70.62,0.0,0.0,0.0,0.0,0.0
185,2,45.48,71.53,80.36,7.26,0.821,6714.82,80.24,0,59,0,26.3,141,88,161.9,1,0,0,57.73,-12.25,6.84,0.41999999999999993,0.911,-0.09000000000000008,9522.01,-2807.1900000000005,70.62,0.9099999999999966,12.25,-0.41999999999999993,2807.1900000000005,0.9099999999999966
185,3,47.77,74.96,79.84,7.17,0.801,7586.29,85.59,0,59,0,26.3,141,88,161.9,1,0,0,57.73,-9.959999999999994,6.84,0.33000000000000007,0.911,-0.10999999999999999,9522.01,-1935.7200000000003,70.62,4.339999999999989,9.959999999999994,-0.33000000000000007,1935.7200000000003,4.339999999999989
185,4,33.38,82.0,92.77,6.19,0.723,7390.28,81.09,0,59,0,26.3,141,88,161.9,1,0,0,57.73,-24.349999999999994,6.84,-0.6499999999999995,0.911,-0.18800000000000006,9522.01,-2131.7300000000005,70.62,11.379999999999995,24.349999999999994,0.6499999999999995,2131.7300000000005,11.379999999999995
185,5,29.83,90.49,97.04,5.5,0.683,4661.51,60.24,0,59,0,26.3,141,88,161.9,1,0,0,57.73,-27.9,6.84,-1.3399999999999999,0.911,-0.22799999999999998,9522.01,-4860.5,70.62,19.86999999999999,27.9,1.3399999999999999,4860.5,19.86999999999999
185,6,27.92,86.01,94.07,5.21,0.64,4766.02,59.23,0,59,0,26.3,141,88,161.9,1,0,0,57.73,-29.809999999999995,6.84,-1.63,0.911,-0.271,9522.01,-4755.99,70.62,15.39,29.809999999999995,1.63,4755.99,15.39
185,7,16.0,93.42,99.6,3.89,0.526,3915.79,48.67,1,59,0,26.3,141,88,161.9,1,0,0,57.73,-41.73,6.84,-2.9499999999999997,0.911,-0.385,9522.01,-5606.22,70.62,22.799999999999997,41.73,2.9499999999999997,5606.22,22.799999999999997
185,8,29.32,86.08,90.36,5.46,0.76,6710.6,77.77,1,59,0,26.3,141,88,161.9,1,0,0,57.73,-28.409999999999997,6.84,-1.38,0.911,-0.15100000000000002,9522.01,-2811.41,70.62,15.459999999999994,28.409999999999997,1.38,2811.41,15.459999999999994
185,9,49.58,72.1,81.23,7.11,0.892,9189.52,100.0,0,59,0,26.3,141,88,161.9,1,0,0,57.73,-8.149999999999999,6.84,0.27000000000000046,0.911,-0.019000000000000017,9522.01,-332.4899999999998,70.62,1.4799999999999898,8.149999999999999,-0.27000000000000046,332.4899999999998,1.4799999999999898
185,10,57.47,69.67,80.0,7.23,0.884,8158.29,92.96,0,59,0,26.3,141,88,161.9,1,0,0,57.73,-0.259999999999998,6.84,0.39000000000000057,0.911,-0.027000000000000024,9522.01,-1363.7200000000003,70.62,-0.9500000000000028,0.259999999999998,-0.39000000000000057,1363.7200000000003,-0.9500000000000028
186,1,61.72,74.71,82.27,6.95,0.888,8527.85,95.72,0,65,1,28.24,124,76,148.1,0,1,0,61.72,0.0,6.95,0.0,0.888,0.0,8527.85,0.0,74.71,0.0,0.0,0.0,0.0,0.0
186,2,43.24,78.21,88.57,6.91,0.793,8666.3,92.91,0,65,1,28.24,124,76,148.1,0,1,0,61.72,-18.479999999999997,6.95,-0.040000000000000036,0.888,-0.09499999999999997,8527.85,138.4499999999989,74.71,3.5,18.479999999999997,0.040000000000000036,-138.4499999999989,3.5
186,3,32.01,78.78,87.1,5.78,0.794,6092.74,74.78,0,65,1,28.24,124,76,148.1,0,1,0,61.72,-29.71,6.95,-1.17,0.888,-0.09399999999999997,8527.85,-2435.1100000000006,74.71,4.070000000000007,29.71,1.17,2435.1100000000006,4.070000000000007
186,4,29.07,88.03,91.09,5.65,0.729,4661.9,62.06,0,65,1,28.24,124,76,148.1,0,1,0,61.72,-32.65,6.95,-1.2999999999999998,0.888,-0.15900000000000003,8527.85,-3865.9500000000007,74.71,13.320000000000007,32.65,1.2999999999999998,3865.9500000000007,13.320000000000007
186,5,20.57,92.31,102.3,4.67,0.66,3704.57,52.53,0,65,1,28.24,124,76,148.1,0,1,0,61.72,-41.15,6.95,-2.2800000000000002,0.888,-0.22799999999999998,8527.85,-4823.280000000001,74.71,17.60000000000001,41.15,2.2800000000000002,4823.280000000001,17.60000000000001
186,6,16.0,95.94,100.13,3.68,0.574,2387.66,39.81,1,65,1,28.24,124,76,148.1,0,1,0,61.72,-45.72,6.95,-3.27,0.888,-0.31400000000000006,8527.85,-6140.1900000000005,74.71,21.230000000000004,45.72,3.27,6140.1900000000005,21.230000000000004
186,7,26.51,79.61,90.92,5.24,0.749,6332.82,74.66,1,65,1,28.24,124,76,148.1,0,1,0,61.72,-35.209999999999994,6.95,-1.71,0.888,-0.139,8527.85,-2195.0300000000007,74.71,4.900000000000006,35.209999999999994,1.71,2195.0300000000007,4.900000000000006
186,8,40.65,69.23,75.54,7.21,0.886,8168.67,93.1,0,65,1,28.24,124,76,148.1,0,1,0,61.72,-21.07,6.95,0.2599999999999998,0.888,-0.0020000000000000018,8527.85,-359.1800000000003,74.71,-5.47999999999999,21.07,-0.2599999999999998,359.1800000000003,-5.47999999999999
186,9,53.37,76.74,88.56,7.0,0.933,8319.89,96.04,0,65,1,28.24,124,76,148.1,0,1,0,61.72,-8.350000000000001,6.95,0.04999999999999982,0.888,0.04500000000000004,8527.85,-207.96000000000095,74.71,2.030000000000001,8.350000000000001,-0.04999999999999982,207.96000000000095,2.030000000000001
186,10,48.88,72.8,81.85,7.05,0.909,8508.34,96.43,0,65,1,28.24,124,76,148.1,0,1,0,61.72,-12.839999999999996,6.95,0.09999999999999964,0.888,0.02100000000000002,8527.85,-19.51000000000022,74.71,-1.9099999999999966,12.839999999999996,-0.09999999999999964,19.51000000000022,-1.9099999999999966
187,1,55.26,76.05,84.97,6.93,0.881,9192.91,100.0,0,59,0,35.95,137,83,191.6,1,0,1,55.26,0.0,6.93,0.0,0.881,0.0,9192.91,0.0,76.05,0.0,0.0,0.0,0.0,0.0
187,2,40.6,80.2,91.75,5.95,0.792,7178.29,82.34,0,59,0,35.95,137,83,191.6,1,0,1,55.26,-14.659999999999997,6.93,-0.9799999999999995,0.881,-0.08899999999999997,9192.91,-2014.62,76.05,4.150000000000006,14.659999999999997,0.9799999999999995,2014.62,4.150000000000006
187,3,26.95,86.4,92.72,5.48,0.739,5688.99,69.74,0,59,0,35.95,137,83,191.6,1,0,1,55.26,-28.31,6.93,-1.4499999999999993,0.881,-0.14200000000000002,9192.91,-3503.92,76.05,10.350000000000009,28.31,1.4499999999999993,3503.92,10.350000000000009
187,4,19.54,92.52,95.53,4.64,0.687,4736.42,60.89,0,59,0,35.95,137,83,191.6,1,0,1,55.26,-35.72,6.93,-2.29,0.881,-0.19399999999999995,9192.91,-4456.49,76.05,16.47,35.72,2.29,4456.49,16.47
187,5,16.0,94.87,102.38,4.62,0.578,2557.52,41.16,1,59,0,35.95,137,83,191.6,1,0,1,55.26,-39.26,6.93,-2.3099999999999996,0.881,-0.30300000000000005,9192.91,-6635.389999999999,76.05,18.820000000000007,39.26,2.3099999999999996,6635.389999999999,18.820000000000007
187,6,37.92,87.61,97.76,6.04,0.735,7746.77,84.09,1,59,0,35.95,137,83,191.6,1,0,1,55.26,-17.339999999999996,6.93,-0.8899999999999997,0.881,-0.14600000000000002,9192.91,-1446.1399999999994,76.05,11.560000000000002,17.339999999999996,0.8899999999999997,1446.1399999999994,11.560000000000002
187,7,46.96,72.83,76.64,7.29,0.888,9415.84,100.0,0,59,0,35.95,137,83,191.6,1,0,1,55.26,-8.299999999999997,6.93,0.3600000000000003,0.881,0.007000000000000006,9192.91,222.9300000000003,76.05,-3.219999999999999,8.299999999999997,-0.3600000000000003,-222.9300000000003,-3.219999999999999
187,8,46.13,73.88,80.84,7.15,0.875,8581.91,95.58,0,59,0,35.95,137,83,191.6,1,0,1,55.26,-9.129999999999995,6.93,0.22000000000000064,0.881,-0.006000000000000005,9192.91,-611.0,76.05,-2.1700000000000017,9.129999999999995,-0.22000000000000064,611.0,-2.1700000000000017
187,9,45.94,73.5,83.3,8.15,0.905,9064.46,100.0,0,59,0,35.95,137,83,191.6,1,0,1,55.26,-9.32,6.93,1.2200000000000006,0.881,0.02400000000000002,9192.91,-128.45000000000073,76.05,-2.549999999999997,9.32,-1.2200000000000006,128.45000000000073,-2.549999999999997
187,10,49.22,77.66,84.6,7.53,0.88,8657.0,96.31,0,59,0,35.95,137,83,191.6,1,0,1,55.26,-6.039999999999999,6.93,0.6000000000000005,0.881,-0.0010000000000000009,9192.91,-535.9099999999999,76.05,1.6099999999999994,6.039999999999999,-0.6000000000000005,535.9099999999999,1.6099999999999994
188,1,43.59,69.93,79.3,7.9,0.845,6754.16,81.48,0,47,0,27.33,129,78,153.5,0,0,0,43.59,0.0,7.9,0.0,0.845,0.0,6754.16,0.0,69.93,0.0,0.0,0.0,0.0,0.0
188,2,48.05,78.76,83.99,7.12,0.815,7152.13,83.09,0,47,0,27.33,129,78,153.5,0,0,0,43.59,4.459999999999994,7.9,-0.7800000000000002,0.845,-0.030000000000000027,6754.16,397.97000000000025,69.93,8.829999999999998,-4.459999999999994,0.7800000000000002,-397.97000000000025,8.829999999999998
188,3,34.34,84.3,93.13,5.77,0.712,6288.33,72.87,0,47,0,27.33,129,78,153.5,0,0,0,43.59,-9.25,7.9,-2.130000000000001,0.845,-0.133,6754.16,-465.8299999999999,69.93,14.36999999999999,9.25,2.130000000000001,465.8299999999999,14.36999999999999
188,4,30.03,89.6,97.38,5.1,0.63,4929.42,60.01,0,47,0,27.33,129,78,153.5,0,0,0,43.59,-13.560000000000002,7.9,-2.8000000000000007,0.845,-0.21499999999999997,6754.16,-1824.7399999999998,69.93,19.669999999999987,13.560000000000002,2.8000000000000007,1824.7399999999998,19.669999999999987
188,5,22.89,98.87,106.99,4.96,0.62,2360.68,41.46,1,47,0,27.33,129,78,153.5,0,0,0,43.59,-20.700000000000003,7.9,-2.9400000000000004,0.845,-0.22499999999999998,6754.16,-4393.48,69.93,28.939999999999998,20.700000000000003,2.9400000000000004,4393.48,28.939999999999998
188,6,33.95,80.96,90.79,5.54,0.689,5124.41,63.72,1,47,0,27.33,129,78,153.5,0,0,0,43.59,-9.64,7.9,-2.3600000000000003,0.845,-0.15600000000000003,6754.16,-1629.75,69.93,11.029999999999987,9.64,2.3600000000000003,1629.75,11.029999999999987
188,7,50.71,67.99,75.18,6.89,0.833,8901.64,96.15,0,47,0,27.33,129,78,153.5,0,0,0,43.59,7.119999999999997,7.9,-1.0100000000000007,0.845,-0.01200000000000001,6754.16,2147.4799999999996,69.93,-1.940000000000012,-7.119999999999997,1.0100000000000007,-2147.4799999999996,-1.940000000000012
188,8,46.52,70.83,79.22,7.07,0.908,6354.62,81.18,0,47,0,27.33,129,78,153.5,0,0,0,43.59,2.9299999999999997,7.9,-0.8300000000000001,0.845,0.06300000000000006,6754.16,-399.53999999999996,69.93,0.8999999999999915,-2.9299999999999997,0.8300000000000001,399.53999999999996,0.8999999999999915
188,9,51.36,73.48,80.24,7.35,0.91,6698.77,83.7,0,47,0,27.33,129,78,153.5,0,0,0,43.59,7.769999999999996,7.9,-0.5500000000000007,0.845,0.06500000000000006,6754.16,-55.38999999999942,69.93,3.549999999999997,-7.769999999999996,0.5500000000000007,55.38999999999942,3.549999999999997
188,10,53.22,65.13,69.25,7.31,0.903,7625.71,89.95,0,47,0,27.33,129,78,153.5,0,0,0,43.59,9.629999999999995,7.9,-0.5900000000000007,0.845,0.05800000000000005,6754.16,871.5500000000002,69.93,-4.800000000000011,-9.629999999999995,0.5900000000000007,-871.5500000000002,-4.800000000000011
189,1,48.46,68.12,79.74,6.86,0.816,9806.93,100.0,0,68,0,25.14,109,60,186.9,0,0,0,48.46,0.0,6.86,0.0,0.816,0.0,9806.93,0.0,68.12,0.0,0.0,0.0,0.0,0.0
189,2,32.92,76.81,85.65,5.94,0.796,5561.4,71.1,0,68,0,25.14,109,60,186.9,0,0,0,48.46,-15.54,6.86,-0.9199999999999999,0.816,-0.019999999999999907,9806.93,-4245.530000000001,68.12,8.689999999999998,15.54,0.9199999999999999,4245.530000000001,8.689999999999998
189,3,32.89,81.12,89.96,4.57,0.705,5107.88,64.25,0,68,0,25.14,109,60,186.9,0,0,0,48.46,-15.57,6.86,-2.29,0.816,-0.11099999999999999,9806.93,-4699.05,68.12,13.0,15.57,2.29,4699.05,13.0
189,4,24.89,91.73,99.18,3.94,0.585,2784.14,43.05,1,68,0,25.14,109,60,186.9,0,0,0,48.46,-23.57,6.86,-2.9200000000000004,0.816,-0.23099999999999998,9806.93,-7022.790000000001,68.12,23.61,23.57,2.9200000000000004,7022.790000000001,23.61
189,5,40.36,81.85,90.14,5.98,0.741,6294.92,74.06,1,68,0,25.14,109,60,186.9,0,0,0,48.46,-8.100000000000001,6.86,-0.8799999999999999,0.816,-0.07499999999999996,9806.93,-3512.01,68.12,13.72999999999999,8.100000000000001,0.8799999999999999,3512.01,13.72999999999999
189,6,48.34,68.15,75.73,7.23,0.863,7985.07,90.89,0,68,0,25.14,109,60,186.9,0,0,0,48.46,-0.11999999999999744,6.86,0.3700000000000001,0.816,0.04700000000000004,9806.93,-1821.8600000000006,68.12,0.030000000000001137,0.11999999999999744,-0.3700000000000001,1821.8600000000006,0.030000000000001137
189,7,51.01,70.32,76.75,7.47,0.91,6047.99,79.1,0,68,0,25.14,109,60,186.9,0,0,0,48.46,2.549999999999997,6.86,0.6099999999999994,0.816,0.09400000000000008,9806.93,-3758.9400000000005,68.12,2.1999999999999886,-2.549999999999997,-0.6099999999999994,3758.9400000000005,2.1999999999999886
189,8,54.95,68.93,75.83,8.0,0.871,7627.96,88.7,0,68,0,25.14,109,60,186.9,0,0,0,48.46,6.490000000000002,6.86,1.1399999999999997,0.816,0.05500000000000005,9806.93,-2178.9700000000003,68.12,0.8100000000000023,-6.490000000000002,-1.1399999999999997,2178.9700000000003,0.8100000000000023
189,9,53.46,67.54,80.23,7.38,0.854,9530.99,100.0,0,68,0,25.14,109,60,186.9,0,0,0,48.46,5.0,6.86,0.5199999999999996,0.816,0.038000000000000034,9806.93,-275.9400000000005,68.12,-0.5799999999999983,-5.0,-0.5199999999999996,275.9400000000005,-0.5799999999999983
189,10,51.44,71.4,78.12,6.66,0.896,8793.86,97.9,0,68,0,25.14,109,60,186.9,0,0,0,48.46,2.979999999999997,6.86,-0.20000000000000018,0.816,0.08000000000000007,9806.93,-1013.0699999999997,68.12,3.280000000000001,-2.979999999999997,0.20000000000000018,1013.0699999999997,3.280000000000001
190,1,51.88,69.84,79.61,7.1,0.828,7950.78,89.26,0,44,0,24.39,147,68,168.5,0,1,0,51.88,0.0,7.1,0.0,0.828,0.0,7950.78,0.0,69.84,0.0,0.0,0.0,0.0,0.0
190,2,42.53,73.09,83.65,6.26,0.823,7549.45,86.22,0,44,0,24.39,147,68,168.5,0,1,0,51.88,-9.350000000000001,7.1,-0.8399999999999999,0.828,-0.0050000000000000044,7950.78,-401.3299999999999,69.84,3.25,9.350000000000001,0.8399999999999999,401.3299999999999,3.25
190,3,33.33,76.75,86.74,5.72,0.743,6156.51,73.16,0,44,0,24.39,147,68,168.5,0,1,0,51.88,-18.550000000000004,7.1,-1.38,0.828,-0.08499999999999996,7950.78,-1794.2699999999995,69.84,6.909999999999997,18.550000000000004,1.38,1794.2699999999995,6.909999999999997
190,4,35.06,89.6,99.84,5.06,0.654,2936.06,46.89,0,44,0,24.39,147,68,168.5,0,1,0,51.88,-16.82,7.1,-2.04,0.828,-0.17399999999999993,7950.78,-5014.719999999999,69.84,19.75999999999999,16.82,2.04,5014.719999999999,19.75999999999999
190,5,17.33,94.33,102.52,3.88,0.546,3562.07,46.99,1,44,0,24.39,147,68,168.5,0,1,0,51.88,-34.550000000000004,7.1,-3.2199999999999998,0.828,-0.2819999999999999,7950.78,-4388.709999999999,69.84,24.489999999999995,34.550000000000004,3.2199999999999998,4388.709999999999,24.489999999999995
190,6,36.29,82.06,86.76,6.41,0.713,6077.53,71.4,1,44,0,24.39,147,68,168.5,0,1,0,51.88,-15.590000000000003,7.1,-0.6899999999999995,0.828,-0.11499999999999999,7950.78,-1873.25,69.84,12.219999999999999,15.590000000000003,0.6899999999999995,1873.25,12.219999999999999
190,7,48.85,67.46,76.36,7.31,0.897,8424.96,95.35,0,44,0,24.39,147,68,168.5,0,1,0,51.88,-3.030000000000001,7.1,0.20999999999999996,0.828,0.06900000000000006,7950.78,474.1799999999994,69.84,-2.3800000000000097,3.030000000000001,-0.20999999999999996,-474.1799999999994,-2.3800000000000097
190,8,50.25,71.22,78.41,7.37,0.907,8947.84,99.43,0,44,0,24.39,147,68,168.5,0,1,0,51.88,-1.6300000000000026,7.1,0.27000000000000046,0.828,0.07900000000000007,7950.78,997.0600000000004,69.84,1.3799999999999955,1.6300000000000026,-0.27000000000000046,-997.0600000000004,1.3799999999999955
190,9,48.15,68.44,80.34,7.76,0.89,9733.98,100.0,0,44,0,24.39,147,68,168.5,0,1,0,51.88,-3.730000000000004,7.1,0.6600000000000001,0.828,0.062000000000000055,7950.78,1783.1999999999998,69.84,-1.4000000000000057,3.730000000000004,-0.6600000000000001,-1783.1999999999998,-1.4000000000000057
190,10,54.59,66.99,76.13,7.59,0.855,7033.81,83.84,0,44,0,24.39,147,68,168.5,0,1,0,51.88,2.710000000000001,7.1,0.4900000000000002,0.828,0.027000000000000024,7950.78,-916.9699999999993,69.84,-2.8500000000000085,-2.710000000000001,-0.4900000000000002,916.9699999999993,-2.8500000000000085
191,1,56.27,70.01,78.43,6.64,0.834,9770.59,100.0,0,45,0,30.22,115,76,120.0,0,0,0,56.27,0.0,6.64,0.0,0.834,0.0,9770.59,0.0,70.01,0.0,0.0,0.0,0.0,0.0
191,2,50.63,76.55,85.42,6.87,0.8,6608.83,78.64,0,45,0,30.22,115,76,120.0,0,0,0,56.27,-5.640000000000001,6.64,0.23000000000000043,0.834,-0.03399999999999992,9770.59,-3161.76,70.01,6.539999999999992,5.640000000000001,-0.23000000000000043,3161.76,6.539999999999992
191,3,36.98,83.33,91.96,6.0,0.766,6511.63,76.59,0,45,0,30.22,115,76,120.0,0,0,0,56.27,-19.290000000000006,6.64,-0.6399999999999997,0.834,-0.06799999999999995,9770.59,-3258.96,70.01,13.319999999999993,19.290000000000006,0.6399999999999997,3258.96,13.319999999999993
191,4,33.15,92.26,101.16,5.58,0.689,3168.86,49.93,0,45,0,30.22,115,76,120.0,0,0,0,56.27,-23.120000000000005,6.64,-1.0599999999999996,0.834,-0.14500000000000002,9770.59,-6601.73,70.01,22.25,23.120000000000005,1.0599999999999996,6601.73,22.25
191,5,18.46,97.27,103.11,4.51,0.514,3552.59,45.65,1,45,0,30.22,115,76,120.0,0,0,0,56.27,-37.81,6.64,-2.13,0.834,-0.31999999999999995,9770.59,-6218.0,70.01,27.25999999999999,37.81,2.13,6218.0,27.25999999999999
191,6,35.02,82.74,88.68,5.99,0.724,6029.79,71.51,1,45,0,30.22,115,76,120.0,0,0,0,56.27,-21.25,6.64,-0.6499999999999995,0.834,-0.10999999999999999,9770.59,-3740.8,70.01,12.72999999999999,21.25,0.6499999999999995,3740.8,12.72999999999999
191,7,54.0,75.36,81.1,7.09,0.927,6981.69,86.35,0,45,0,30.22,115,76,120.0,0,0,0,56.27,-2.270000000000003,6.64,0.4500000000000002,0.834,0.09300000000000008,9770.59,-2788.9000000000005,70.01,5.349999999999994,2.270000000000003,-0.4500000000000002,2788.9000000000005,5.349999999999994
191,8,54.11,73.68,85.5,7.73,0.868,8819.53,96.96,0,45,0,30.22,115,76,120.0,0,0,0,56.27,-2.1600000000000037,6.64,1.0900000000000007,0.834,0.03400000000000003,9770.59,-951.0599999999995,70.01,3.6700000000000017,2.1600000000000037,-1.0900000000000007,951.0599999999995,3.6700000000000017
191,9,52.23,68.33,72.25,7.3,0.898,7734.44,90.5,0,45,0,30.22,115,76,120.0,0,0,0,56.27,-4.040000000000006,6.64,0.6600000000000001,0.834,0.06400000000000006,9770.59,-2036.1500000000005,70.01,-1.6800000000000068,4.040000000000006,-0.6600000000000001,2036.1500000000005,-1.6800000000000068
191,10,54.1,71.07,76.42,7.79,0.901,7187.44,86.79,0,45,0,30.22,115,76,120.0,0,0,0,56.27,-2.1700000000000017,6.64,1.1500000000000004,0.834,0.06700000000000006,9770.59,-2583.1500000000005,70.01,1.059999999999988,2.1700000000000017,-1.1500000000000004,2583.1500000000005,1.059999999999988
192,1,55.35,71.65,81.61,7.91,0.905,7599.23,89.83,0,58,0,35.0,129,86,182.2,0,0,0,55.35,0.0,7.91,0.0,0.905,0.0,7599.23,0.0,71.65,0.0,0.0,0.0,0.0,0.0
192,2,47.55,73.48,79.55,6.36,0.842,7058.82,83.51,0,58,0,35.0,129,86,182.2,0,0,0,55.35,-7.800000000000004,7.91,-1.5499999999999998,0.905,-0.06300000000000006,7599.23,-540.4099999999999,71.65,1.8299999999999983,7.800000000000004,1.5499999999999998,540.4099999999999,1.8299999999999983
192,3,41.87,82.78,88.97,5.56,0.77,5485.58,69.53,0,58,0,35.0,129,86,182.2,0,0,0,55.35,-13.480000000000004,7.91,-2.3500000000000005,0.905,-0.135,7599.23,-2113.6499999999996,71.65,11.129999999999995,13.480000000000004,2.3500000000000005,2113.6499999999996,11.129999999999995
192,4,31.03,86.53,93.39,4.91,0.675,5213.4,63.82,0,58,0,35.0,129,86,182.2,0,0,0,55.35,-24.32,7.91,-3.0,0.905,-0.22999999999999998,7599.23,-2385.83,71.65,14.879999999999995,24.32,3.0,2385.83,14.879999999999995
192,5,27.42,92.07,98.55,4.55,0.639,2214.14,41.19,0,58,0,35.0,129,86,182.2,0,0,0,55.35,-27.93,7.91,-3.3600000000000003,0.905,-0.266,7599.23,-5385.09,71.65,20.419999999999987,27.93,3.3600000000000003,5385.09,20.419999999999987
192,6,16.0,94.39,100.68,5.12,0.585,5659.28,63.35,1,58,0,35.0,129,86,182.2,0,0,0,55.35,-39.35,7.91,-2.79,0.905,-0.32000000000000006,7599.23,-1939.9499999999998,71.65,22.739999999999995,39.35,2.79,1939.9499999999998,22.739999999999995
192,7,35.65,82.42,87.2,5.41,0.761,5976.69,72.65,1,58,0,35.0,129,86,182.2,0,0,0,55.35,-19.700000000000003,7.91,-2.5,0.905,-0.14400000000000002,7599.23,-1622.54,71.65,10.769999999999996,19.700000000000003,2.5,1622.54,10.769999999999996
192,8,54.81,73.91,83.48,6.97,0.892,6935.77,84.62,0,58,0,35.0,129,86,182.2,0,0,0,55.35,-0.5399999999999991,7.91,-0.9400000000000004,0.905,-0.013000000000000012,7599.23,-663.4599999999991,71.65,2.259999999999991,0.5399999999999991,0.9400000000000004,663.4599999999991,2.259999999999991
192,9,48.88,76.53,83.21,7.02,0.918,6575.31,83.12,0,58,0,35.0,129,86,182.2,0,0,0,55.35,-6.469999999999999,7.91,-0.8900000000000006,0.905,0.013000000000000012,7599.23,-1023.9199999999992,71.65,4.8799999999999955,6.469999999999999,0.8900000000000006,1023.9199999999992,4.8799999999999955
192,10,53.31,73.87,82.63,7.41,0.928,8829.86,99.46,0,58,0,35.0,129,86,182.2,0,0,0,55.35,-2.039999999999999,7.91,-0.5,0.905,0.02300000000000002,7599.23,1230.630000000001,71.65,2.219999999999999,2.039999999999999,0.5,-1230.630000000001,2.219999999999999
193,1,55.73,70.74,77.54,7.34,0.905,10214.95,100.0,0,44,1,23.35,137,66,195.7,1,0,0,55.73,0.0,7.34,0.0,0.905,0.0,10214.95,0.0,70.74,0.0,0.0,0.0,0.0,0.0
193,2,43.45,69.91,74.76,6.17,0.799,6200.0,75.73,0,44,1,23.35,137,66,195.7,1,0,0,55.73,-12.279999999999994,7.34,-1.17,0.905,-0.10599999999999998,10214.95,-4014.9500000000007,70.74,-0.8299999999999983,12.279999999999994,1.17,4014.9500000000007,-0.8299999999999983
193,3,37.23,79.72,89.33,6.69,0.67,6000.03,69.15,0,44,1,23.35,137,66,195.7,1,0,0,55.73,-18.5,7.34,-0.6499999999999995,0.905,-0.235,10214.95,-4214.920000000001,70.74,8.980000000000004,18.5,0.6499999999999995,4214.920000000001,8.980000000000004
193,4,34.1,85.73,95.01,5.48,0.719,5278.48,66.02,0,44,1,23.35,137,66,195.7,1,0,0,55.73,-21.629999999999995,7.34,-1.8599999999999994,0.905,-0.18600000000000005,10214.95,-4936.470000000001,70.74,14.990000000000009,21.629999999999995,1.8599999999999994,4936.470000000001,14.990000000000009
193,5,30.07,86.62,94.02,4.96,0.652,4251.27,56.08,0,44,1,23.35,137,66,195.7,1,0,0,55.73,-25.659999999999997,7.34,-2.38,0.905,-0.253,10214.95,-5963.68,70.74,15.88000000000001,25.659999999999997,2.38,5963.68,15.88000000000001
193,6,21.61,93.16,98.3,3.81,0.58,2625.26,41.73,1,44,1,23.35,137,66,195.7,1,0,0,55.73,-34.12,7.34,-3.53,0.905,-0.32500000000000007,10214.95,-7589.6900000000005,70.74,22.42,34.12,3.53,7589.6900000000005,22.42
193,7,32.44,79.97,86.21,6.17,0.687,6191.53,71.18,1,44,1,23.35,137,66,195.7,1,0,0,55.73,-23.29,7.34,-1.17,0.905,-0.21799999999999997,10214.95,-4023.420000000001,70.74,9.230000000000004,23.29,1.17,4023.420000000001,9.230000000000004
193,8,53.29,71.55,79.51,7.15,0.9,8435.76,95.54,0,44,1,23.35,137,66,195.7,1,0,0,55.73,-2.4399999999999977,7.34,-0.1899999999999995,0.905,-0.0050000000000000044,10214.95,-1779.1900000000005,70.74,0.8100000000000023,2.4399999999999977,0.1899999999999995,1779.1900000000005,0.8100000000000023
193,9,54.94,66.73,75.11,6.89,0.9,7422.93,88.39,0,44,1,23.35,137,66,195.7,1,0,0,55.73,-0.7899999999999991,7.34,-0.4500000000000002,0.905,-0.0050000000000000044,10214.95,-2792.0200000000004,70.74,-4.009999999999991,0.7899999999999991,0.4500000000000002,2792.0200000000004,-4.009999999999991
193,10,52.82,71.37,84.41,8.73,0.899,9669.89,100.0,0,44,1,23.35,137,66,195.7,1,0,0,55.73,-2.9099999999999966,7.34,1.3900000000000006,0.905,-0.006000000000000005,10214.95,-545.0600000000013,70.74,0.6300000000000097,2.9099999999999966,-1.3900000000000006,545.0600000000013,0.6300000000000097
194,1,52.68,71.67,82.96,7.73,0.915,5537.17,75.67,0,61,0,25.08,107,78,217.9,0,0,0,52.68,0.0,7.73,0.0,0.915,0.0,5537.17,0.0,71.67,0.0,0.0,0.0,0.0,0.0
194,2,45.86,76.47,87.04,6.96,0.767,7611.42,84.41,0,61,0,25.08,107,78,217.9,0,0,0,52.68,-6.82,7.73,-0.7700000000000005,0.915,-0.14800000000000002,5537.17,2074.25,71.67,4.799999999999997,6.82,0.7700000000000005,-2074.25,4.799999999999997
194,3,31.49,88.87,96.72,5.07,0.62,3304.74,48.13,0,61,0,25.08,107,78,217.9,0,0,0,52.68,-21.19,7.73,-2.66,0.915,-0.29500000000000004,5537.17,-2232.4300000000003,71.67,17.200000000000003,21.19,2.66,2232.4300000000003,17.200000000000003
194,4,20.24,96.42,107.83,4.34,0.55,1881.36,35.29,1,61,0,25.08,107,78,217.9,0,0,0,52.68,-32.44,7.73,-3.3900000000000006,0.915,-0.365,5537.17,-3655.8100000000004,71.67,24.75,32.44,3.3900000000000006,3655.8100000000004,24.75
194,5,37.06,81.76,89.33,6.27,0.706,6433.02,73.64,1,61,0,25.08,107,78,217.9,0,0,0,52.68,-15.619999999999997,7.73,-1.4600000000000009,0.915,-0.20900000000000007,5537.17,895.8500000000004,71.67,10.090000000000003,15.619999999999997,1.4600000000000009,-895.8500000000004,10.090000000000003
194,6,47.99,68.57,78.68,7.63,0.847,7223.61,84.87,0,61,0,25.08,107,78,217.9,0,0,0,52.68,-4.689999999999998,7.73,-0.10000000000000053,0.915,-0.06800000000000006,5537.17,1686.4399999999996,71.67,-3.1000000000000085,4.689999999999998,0.10000000000000053,-1686.4399999999996,-3.1000000000000085
194,7,49.58,66.33,70.2,7.76,0.868,8200.0,92.61,0,61,0,25.08,107,78,217.9,0,0,0,52.68,-3.1000000000000014,7.73,0.02999999999999936,0.915,-0.04700000000000004,5537.17,2662.83,71.67,-5.340000000000003,3.1000000000000014,-0.02999999999999936,-2662.83,-5.340000000000003
194,8,45.3,71.02,80.8,8.07,0.913,10353.51,100.0,0,61,0,25.08,107,78,217.9,0,0,0,52.68,-7.380000000000003,7.73,0.33999999999999986,0.915,-0.0020000000000000018,5537.17,4816.34,71.67,-0.6500000000000057,7.380000000000003,-0.33999999999999986,-4816.34,-0.6500000000000057
194,9,48.85,68.07,78.53,7.38,0.882,7216.98,86.23,0,61,0,25.08,107,78,217.9,0,0,0,52.68,-3.8299999999999983,7.73,-0.35000000000000053,0.915,-0.03300000000000003,5537.17,1679.8099999999995,71.67,-3.6000000000000085,3.8299999999999983,0.35000000000000053,-1679.8099999999995,-3.6000000000000085
194,10,51.38,71.18,80.04,7.61,0.881,7755.93,89.99,0,61,0,25.08,107,78,217.9,0,0,0,52.68,-1.2999999999999972,7.73,-0.1200000000000001,0.915,-0.03400000000000003,5537.17,2218.76,71.67,-0.4899999999999949,1.2999999999999972,0.1200000000000001,-2218.76,-0.4899999999999949
195,1,52.13,66.1,75.69,6.62,0.885,6265.27,79.61,0,71,1,21.66,115,81,206.3,0,0,0,52.13,0.0,6.62,0.0,0.885,0.0,6265.27,0.0,66.1,0.0,0.0,0.0,0.0,0.0
195,2,47.01,74.68,85.57,7.39,0.781,7533.98,84.43,0,71,1,21.66,115,81,206.3,0,0,0,52.13,-5.1200000000000045,6.62,0.7699999999999996,0.885,-0.10399999999999998,6265.27,1268.7099999999991,66.1,8.580000000000013,5.1200000000000045,-0.7699999999999996,-1268.7099999999991,8.580000000000013
195,3,29.34,80.28,89.34,6.16,0.767,4973.25,65.8,0,71,1,21.66,115,81,206.3,0,0,0,52.13,-22.790000000000003,6.62,-0.45999999999999996,0.885,-0.118,6265.27,-1292.0200000000004,66.1,14.180000000000007,22.790000000000003,0.45999999999999996,1292.0200000000004,14.180000000000007
195,4,23.08,86.65,92.46,5.23,0.629,4716.62,58.45,0,71,1,21.66,115,81,206.3,0,0,0,52.13,-29.050000000000004,6.62,-1.3899999999999997,0.885,-0.256,6265.27,-1548.6500000000005,66.1,20.55000000000001,29.050000000000004,1.3899999999999997,1548.6500000000005,20.55000000000001
195,5,21.26,91.77,103.96,4.37,0.531,1200.0,29.71,1,71,1,21.66,115,81,206.3,0,0,0,52.13,-30.87,6.62,-2.25,0.885,-0.354,6265.27,-5065.27,66.1,25.67,30.87,2.25,5065.27,25.67
195,6,39.89,82.24,90.23,5.89,0.739,5865.62,70.97,1,71,1,21.66,115,81,206.3,0,0,0,52.13,-12.240000000000002,6.62,-0.7300000000000004,0.885,-0.14600000000000002,6265.27,-399.65000000000055,66.1,16.14,12.240000000000002,0.7300000000000004,399.65000000000055,16.14
195,7,42.71,68.18,73.63,7.27,0.897,7257.46,87.11,0,71,1,21.66,115,81,206.3,0,0,0,52.13,-9.420000000000002,6.62,0.6499999999999995,0.885,0.01200000000000001,6265.27,992.1899999999996,66.1,2.0800000000000125,9.420000000000002,-0.6499999999999995,-992.1899999999996,2.0800000000000125
195,8,48.68,70.8,77.83,7.35,0.95,7310.21,89.61,0,71,1,21.66,115,81,206.3,0,0,0,52.13,-3.450000000000003,6.62,0.7299999999999995,0.885,0.06499999999999995,6265.27,1044.9399999999996,66.1,4.700000000000003,3.450000000000003,-0.7299999999999995,-1044.9399999999996,4.700000000000003
195,9,51.1,67.68,76.47,7.95,0.86,8475.34,94.25,0,71,1,21.66,115,81,206.3,0,0,0,52.13,-1.0300000000000011,6.62,1.33,0.885,-0.025000000000000022,6265.27,2210.0699999999997,66.1,1.5800000000000125,1.0300000000000011,-1.33,-2210.0699999999997,1.5800000000000125
195,10,44.33,65.56,73.61,7.47,0.925,9756.49,100.0,0,71,1,21.66,115,81,206.3,0,0,0,52.13,-7.800000000000004,6.62,0.8499999999999996,0.885,0.040000000000000036,6265.27,3491.2199999999993,66.1,-0.539999999999992,7.800000000000004,-0.8499999999999996,-3491.2199999999993,-0.539999999999992
196,1,56.52,75.76,87.56,7.86,0.894,7223.17,86.76,0,41,1,34.99,154,101,163.2,0,0,0,56.52,0.0,7.86,0.0,0.894,0.0,7223.17,0.0,75.76,0.0,0.0,0.0,0.0,0.0
196,2,47.54,79.87,86.68,6.97,0.789,8939.52,94.66,0,41,1,34.99,154,101,163.2,0,0,0,56.52,-8.980000000000004,7.86,-0.8900000000000006,0.894,-0.10499999999999998,7223.17,1716.3500000000004,75.76,4.109999999999999,8.980000000000004,0.8900000000000006,-1716.3500000000004,4.109999999999999
196,3,36.21,86.43,101.13,6.13,0.771,4574.74,63.15,0,41,1,34.99,154,101,163.2,0,0,0,56.52,-20.310000000000002,7.86,-1.7300000000000004,0.894,-0.123,7223.17,-2648.4300000000003,75.76,10.670000000000002,20.310000000000002,1.7300000000000004,2648.4300000000003,10.670000000000002
196,4,32.22,91.92,97.67,5.24,0.619,4231.65,54.63,0,41,1,34.99,154,101,163.2,0,0,0,56.52,-24.300000000000004,7.86,-2.62,0.894,-0.275,7223.17,-2991.5200000000004,75.76,16.159999999999997,24.300000000000004,2.62,2991.5200000000004,16.159999999999997
196,5,20.26,96.98,103.45,4.43,0.524,2723.18,40.18,1,41,1,34.99,154,101,163.2,0,0,0,56.52,-36.260000000000005,7.86,-3.4300000000000006,0.894,-0.37,7223.17,-4499.99,75.76,21.22,36.260000000000005,3.4300000000000006,4499.99,21.22
196,6,38.31,81.95,91.08,6.24,0.745,5366.27,67.67,1,41,1,34.99,154,101,163.2,0,0,0,56.52,-18.21,7.86,-1.62,0.894,-0.14900000000000002,7223.17,-1856.8999999999996,75.76,6.189999999999998,18.21,1.62,1856.8999999999996,6.189999999999998
196,7,56.78,69.31,78.16,8.12,0.875,7672.56,89.17,0,41,1,34.99,154,101,163.2,0,0,0,56.52,0.259999999999998,7.86,0.2599999999999989,0.894,-0.019000000000000017,7223.17,449.3900000000003,75.76,-6.450000000000003,-0.259999999999998,-0.2599999999999989,-449.3900000000003,-6.450000000000003
196,8,52.0,70.66,80.36,7.35,0.958,8755.31,100.0,0,41,1,34.99,154,101,163.2,0,0,0,56.52,-4.520000000000003,7.86,-0.5100000000000007,0.894,0.06399999999999995,7223.17,1532.1399999999994,75.76,-5.1000000000000085,4.520000000000003,0.5100000000000007,-1532.1399999999994,-5.1000000000000085
196,9,59.87,70.8,77.14,7.7,0.933,8137.29,94.76,0,41,1,34.99,154,101,163.2,0,0,0,56.52,3.3499999999999943,7.86,-0.16000000000000014,0.894,0.039000000000000035,7223.17,914.1199999999999,75.76,-4.960000000000008,-3.3499999999999943,0.16000000000000014,-914.1199999999999,-4.960000000000008
196,10,52.53,70.23,79.37,7.27,0.878,7718.64,89.61,0,41,1,34.99,154,101,163.2,0,0,0,56.52,-3.990000000000002,7.86,-0.5900000000000007,0.894,-0.016000000000000014,7223.17,495.47000000000025,75.76,-5.530000000000001,3.990000000000002,0.5900000000000007,-495.47000000000025,-5.530000000000001
197,1,44.62,65.98,73.29,7.95,0.877,9043.7,98.92,0,67,0,29.88,150,82,195.6,0,0,0,44.62,0.0,7.95,0.0,0.877,0.0,9043.7,0.0,65.98,0.0,0.0,0.0,0.0,0.0
197,2,42.87,70.57,77.15,6.67,0.775,8654.1,92.1,0,67,0,29.88,150,82,195.6,0,0,0,44.62,-1.75,7.95,-1.2800000000000002,0.877,-0.10199999999999998,9043.7,-389.60000000000036,65.98,4.589999999999989,1.75,1.2800000000000002,389.60000000000036,4.589999999999989
197,3,38.15,79.78,91.27,6.81,0.798,4982.66,67.08,0,67,0,29.88,150,82,195.6,0,0,0,44.62,-6.469999999999999,7.95,-1.1400000000000006,0.877,-0.07899999999999996,9043.7,-4061.040000000001,65.98,13.799999999999997,6.469999999999999,1.1400000000000006,4061.040000000001,13.799999999999997
197,4,31.98,82.89,92.61,6.45,0.76,5320.62,67.96,0,67,0,29.88,150,82,195.6,0,0,0,44.62,-12.639999999999997,7.95,-1.5,0.877,-0.11699999999999999,9043.7,-3723.080000000001,65.98,16.909999999999997,12.639999999999997,1.5,3723.080000000001,16.909999999999997
197,5,32.2,86.0,94.09,5.19,0.713,6105.34,71.63,0,67,0,29.88,150,82,195.6,0,0,0,44.62,-12.419999999999995,7.95,-2.76,0.877,-0.16400000000000003,9043.7,-2938.3600000000006,65.98,20.019999999999996,12.419999999999995,2.76,2938.3600000000006,20.019999999999996
197,6,19.48,86.22,97.9,5.14,0.709,4303.78,58.76,0,67,0,29.88,150,82,195.6,0,0,0,44.62,-25.139999999999997,7.95,-2.8100000000000005,0.877,-0.16800000000000004,9043.7,-4739.920000000001,65.98,20.239999999999995,25.139999999999997,2.8100000000000005,4739.920000000001,20.239999999999995
197,7,23.47,87.84,96.0,3.84,0.652,2034.59,40.45,0,67,0,29.88,150,82,195.6,0,0,0,44.62,-21.15,7.95,-4.11,0.877,-0.22499999999999998,9043.7,-7009.110000000001,65.98,21.86,21.15,4.11,7009.110000000001,21.86
197,8,18.14,92.68,101.84,4.58,0.562,1938.26,36.14,1,67,0,29.88,150,82,195.6,0,0,0,44.62,-26.479999999999997,7.95,-3.37,0.877,-0.31499999999999995,9043.7,-7105.4400000000005,65.98,26.700000000000003,26.479999999999997,3.37,7105.4400000000005,26.700000000000003
197,9,29.72,82.89,87.76,5.18,0.69,5010.99,62.96,1,67,0,29.88,150,82,195.6,0,0,0,44.62,-14.899999999999999,7.95,-2.7700000000000005,0.877,-0.18700000000000006,9043.7,-4032.710000000001,65.98,16.909999999999997,14.899999999999999,2.7700000000000005,4032.710000000001,16.909999999999997
197,10,49.97,73.44,80.95,7.77,0.871,8603.24,95.57,0,67,0,29.88,150,82,195.6,0,0,0,44.62,5.350000000000001,7.95,-0.1800000000000006,0.877,-0.006000000000000005,9043.7,-440.46000000000095,65.98,7.459999999999994,-5.350000000000001,0.1800000000000006,440.46000000000095,7.459999999999994
198,1,51.98,70.78,75.18,7.41,0.864,7700.87,88.93,0,49,0,20.03,121,80,197.8,0,0,1,51.98,0.0,7.41,0.0,0.864,0.0,7700.87,0.0,70.78,0.0,0.0,0.0,0.0,0.0
198,2,46.2,75.02,81.66,6.52,0.822,8039.21,89.61,0,49,0,20.03,121,80,197.8,0,0,1,51.98,-5.779999999999994,7.41,-0.8900000000000006,0.864,-0.04200000000000004,7700.87,338.34000000000015,70.78,4.239999999999995,5.779999999999994,0.8900000000000006,-338.34000000000015,4.239999999999995
198,3,34.86,82.66,92.53,5.85,0.867,7172.71,85.3,0,49,0,20.03,121,80,197.8,0,0,1,51.98,-17.119999999999997,7.41,-1.5600000000000005,0.864,0.0030000000000000027,7700.87,-528.1599999999999,70.78,11.879999999999995,17.119999999999997,1.5600000000000005,528.1599999999999,11.879999999999995
198,4,34.05,78.48,91.94,5.6,0.71,5623.79,68.09,0,49,0,20.03,121,80,197.8,0,0,1,51.98,-17.93,7.41,-1.8100000000000005,0.864,-0.15400000000000003,7700.87,-2077.08,70.78,7.700000000000003,17.93,1.8100000000000005,2077.08,7.700000000000003
198,5,25.85,83.72,94.73,5.25,0.651,5128.77,62.23,0,49,0,20.03,121,80,197.8,0,0,1,51.98,-26.129999999999995,7.41,-2.16,0.864,-0.21299999999999997,7700.87,-2572.0999999999995,70.78,12.939999999999998,26.129999999999995,2.16,2572.0999999999995,12.939999999999998
198,6,24.1,90.75,105.45,4.83,0.683,3527.13,52.21,0,49,0,20.03,121,80,197.8,0,0,1,51.98,-27.879999999999995,7.41,-2.58,0.864,-0.18099999999999994,7700.87,-4173.74,70.78,19.97,27.879999999999995,2.58,4173.74,19.97
198,7,18.57,96.89,108.61,4.17,0.573,4159.38,52.28,1,49,0,20.03,121,80,197.8,0,0,1,51.98,-33.41,7.41,-3.24,0.864,-0.29100000000000004,7700.87,-3541.49,70.78,26.11,33.41,3.24,3541.49,26.11
198,8,32.12,85.35,96.49,6.01,0.725,6231.44,73.01,1,49,0,20.03,121,80,197.8,0,0,1,51.98,-19.86,7.41,-1.4000000000000004,0.864,-0.139,7700.87,-1469.4300000000003,70.78,14.569999999999993,19.86,1.4000000000000004,1469.4300000000003,14.569999999999993
198,9,52.33,67.97,77.2,6.91,0.952,9539.57,100.0,0,49,0,20.03,121,80,197.8,0,0,1,51.98,0.3500000000000014,7.41,-0.5,0.864,0.08799999999999997,7700.87,1838.6999999999998,70.78,-2.8100000000000023,-0.3500000000000014,0.5,-1838.6999999999998,-2.8100000000000023
198,10,51.3,67.88,72.84,7.04,0.91,9323.78,100.0,0,49,0,20.03,121,80,197.8,0,0,1,51.98,-0.6799999999999997,7.41,-0.3700000000000001,0.864,0.04600000000000004,7700.87,1622.9100000000008,70.78,-2.9000000000000057,0.6799999999999997,0.3700000000000001,-1622.9100000000008,-2.9000000000000057
199,1,48.35,75.88,82.32,7.69,0.916,7040.45,86.34,0,70,0,34.24,113,66,149.2,0,0,1,48.35,0.0,7.69,0.0,0.916,0.0,7040.45,0.0,75.88,0.0,0.0,0.0,0.0,0.0
199,2,32.78,78.19,89.42,6.73,0.801,6643.33,78.94,0,70,0,34.24,113,66,149.2,0,0,1,48.35,-15.57,7.69,-0.96,0.916,-0.11499999999999999,7040.45,-397.1199999999999,75.88,2.3100000000000023,15.57,0.96,397.1199999999999,2.3100000000000023
199,3,26.46,89.69,96.11,4.98,0.728,5487.09,67.86,0,70,0,34.24,113,66,149.2,0,0,1,48.35,-21.89,7.69,-2.71,0.916,-0.18800000000000006,7040.45,-1553.3599999999997,75.88,13.810000000000002,21.89,2.71,1553.3599999999997,13.810000000000002
199,4,16.0,95.5,103.57,4.92,0.572,1200.0,31.36,1,70,0,34.24,113,66,149.2,0,0,1,48.35,-32.35,7.69,-2.7700000000000005,0.916,-0.3440000000000001,7040.45,-5840.45,75.88,19.620000000000005,32.35,2.7700000000000005,5840.45,19.620000000000005
199,5,24.69,88.93,98.32,5.52,0.75,4672.94,63.0,1,70,0,34.24,113,66,149.2,0,0,1,48.35,-23.66,7.69,-2.170000000000001,0.916,-0.16600000000000004,7040.45,-2367.51,75.88,13.050000000000011,23.66,2.170000000000001,2367.51,13.050000000000011
199,6,44.62,77.24,81.68,7.17,0.876,7345.01,86.87,0,70,0,34.24,113,66,149.2,0,0,1,48.35,-3.730000000000004,7.69,-0.5200000000000005,0.916,-0.040000000000000036,7040.45,304.5600000000004,75.88,1.3599999999999994,3.730000000000004,0.5200000000000005,-304.5600000000004,1.3599999999999994
199,7,43.18,76.4,83.18,7.4,0.885,8103.59,92.62,0,70,0,34.24,113,66,149.2,0,0,1,48.35,-5.170000000000002,7.69,-0.29000000000000004,0.916,-0.031000000000000028,7040.45,1063.1400000000003,75.88,0.5200000000000102,5.170000000000002,0.29000000000000004,-1063.1400000000003,0.5200000000000102
199,8,52.55,73.04,79.89,7.01,0.931,7162.28,87.8,0,70,0,34.24,113,66,149.2,0,0,1,48.35,4.199999999999996,7.69,-0.6800000000000006,0.916,0.015000000000000013,7040.45,121.82999999999993,75.88,-2.839999999999989,-4.199999999999996,0.6800000000000006,-121.82999999999993,-2.839999999999989
199,9,44.8,74.84,85.95,6.84,0.905,8320.83,94.94,0,70,0,34.24,113,66,149.2,0,0,1,48.35,-3.5500000000000043,7.69,-0.8500000000000005,0.916,-0.01100000000000001,7040.45,1280.38,75.88,-1.039999999999992,3.5500000000000043,0.8500000000000005,-1280.38,-1.039999999999992
199,10,39.0,74.02,80.66,6.64,0.892,8452.89,95.33,0,70,0,34.24,113,66,149.2,0,0,1,48.35,-9.350000000000001,7.69,-1.0500000000000007,0.916,-0.02400000000000002,7040.45,1412.4399999999996,75.88,-1.8599999999999994,9.350000000000001,1.0500000000000007,-1412.4399999999996,-1.8599999999999994
200,1,54.89,77.65,87.11,8.02,0.877,9045.0,98.95,0,73,0,34.29,126,77,181.5,0,0,1,54.89,0.0,8.02,0.0,0.877,0.0,9045.0,0.0,77.65,0.0,0.0,0.0,0.0,0.0
200,2,34.65,82.57,85.9,7.0,0.808,7658.22,86.38,0,73,0,34.29,126,77,181.5,0,0,1,54.89,-20.240000000000002,8.02,-1.0199999999999996,0.877,-0.06899999999999995,9045.0,-1386.7799999999997,77.65,4.9199999999999875,20.240000000000002,1.0199999999999996,1386.7799999999997,4.9199999999999875
200,3,32.05,80.3,84.86,5.71,0.745,4896.1,64.37,0,73,0,34.29,126,77,181.5,0,0,1,54.89,-22.840000000000003,8.02,-2.3099999999999996,0.877,-0.132,9045.0,-4148.9,77.65,2.6499999999999915,22.840000000000003,2.3099999999999996,4148.9,2.6499999999999915
200,4,30.75,88.35,94.96,4.72,0.71,6342.37,73.18,0,73,0,34.29,126,77,181.5,0,0,1,54.89,-24.14,8.02,-3.3,0.877,-0.16700000000000004,9045.0,-2702.63,77.65,10.699999999999989,24.14,3.3,2702.63,10.699999999999989
200,5,19.3,95.78,108.35,4.88,0.646,5083.08,61.73,0,73,0,34.29,126,77,181.5,0,0,1,54.89,-35.59,8.02,-3.1399999999999997,0.877,-0.23099999999999998,9045.0,-3961.92,77.65,18.129999999999995,35.59,3.1399999999999997,3961.92,18.129999999999995
200,6,16.31,101.68,108.99,4.23,0.529,2624.16,39.67,1,73,0,34.29,126,77,181.5,0,0,1,54.89,-38.58,8.02,-3.789999999999999,0.877,-0.348,9045.0,-6420.84,77.65,24.03,38.58,3.789999999999999,6420.84,24.03
200,7,28.54,84.78,91.38,5.62,0.711,6420.98,73.76,1,73,0,34.29,126,77,181.5,0,0,1,54.89,-26.35,8.02,-2.3999999999999995,0.877,-0.16600000000000004,9045.0,-2624.0200000000004,77.65,7.1299999999999955,26.35,2.3999999999999995,2624.0200000000004,7.1299999999999955
200,8,44.0,78.2,81.6,8.01,0.879,8252.45,93.41,0,73,0,34.29,126,77,181.5,0,0,1,54.89,-10.89,8.02,-0.009999999999999787,0.877,0.0020000000000000018,9045.0,-792.5499999999993,77.65,0.5499999999999972,10.89,0.009999999999999787,792.5499999999993,0.5499999999999972
200,9,48.07,73.6,78.62,6.86,0.901,9038.13,99.85,0,73,0,34.29,126,77,181.5,0,0,1,54.89,-6.82,8.02,-1.1599999999999993,0.877,0.02400000000000002,9045.0,-6.8700000000008,77.65,-4.050000000000011,6.82,1.1599999999999993,6.8700000000008,-4.050000000000011
200,10,48.07,79.77,83.93,7.01,0.893,9725.96,100.0,0,73,0,34.29,126,77,181.5,0,0,1,54.89,-6.82,8.02,-1.0099999999999998,0.877,0.016000000000000014,9045.0,680.9599999999991,77.65,2.1199999999999903,6.82,1.0099999999999998,-680.9599999999991,2.1199999999999903
