patient_id,day_index,hrv_mean,resting_hr_mean,mean_hr,sleep_hours,sleep_efficiency,daily_steps,activity_score,risk_event_next_24h
1,1,47.99,70.4,70.76,7.93,0.874,9232.06,100.0,0
1,2,44.25,77.65,86.28,6.69,0.81,7427.8,84.82,0
1,3,35.8,78.05,84.94,6.0,0.776,7022.58,80.62,0
1,4,33.19,79.46,89.23,5.19,0.738,6027.88,72.07,0
1,5,25.93,86.64,96.56,5.42,0.665,5301.3,64.01,0
1,6,21.28,87.7,97.51,4.98,0.602,3196.92,46.65,0
1,7,19.33,91.43,100.36,4.33,0.582,3015.24,44.56,1
1,8,42.33,81.04,88.37,6.18,0.719,3391.09,52.69,1
1,9,52.78,64.16,73.88,7.4,0.938,8977.05,100.0,0
1,10,43.78,69.11,76.28,7.14,0.882,8710.02,96.77,0
2,1,50.18,68.54,77.08,7.09,0.879,7503.63,88.12,0
2,2,40.05,71.92,79.83,6.62,0.827,5189.54,69.72,0
2,3,36.03,84.61,91.79,6.05,0.759,6017.1,72.83,0
2,4,30.75,85.05,91.86,4.66,0.649,5106.79,62.02,0
2,5,19.44,92.77,102.92,4.24,0.598,2605.03,42.32,1
2,6,36.1,78.65,87.23,5.5,0.741,5973.74,71.8,1
2,7,47.79,72.83,82.01,7.87,0.874,7771.7,89.8,0
2,8,51.57,69.9,77.94,7.14,0.9,7950.99,92.12,0
2,9,44.38,71.01,77.51,7.32,0.868,7687.27,88.98,0
2,10,49.27,69.74,75.54,7.42,0.864,9246.36,99.82,0
3,1,53.66,69.56,73.06,7.35,0.889,10099.13,100.0,0
3,2,40.0,80.6,89.51,6.97,0.81,6432.1,77.81,0
3,3,34.01,84.26,90.59,5.64,0.672,4726.09,60.25,0
3,4,28.87,92.18,100.3,5.58,0.605,4796.26,58.05,0
3,5,21.73,101.61,110.24,3.71,0.608,2037.95,38.72,1
3,6,33.27,83.23,92.39,5.69,0.653,4297.55,56.47,1
3,7,56.44,72.72,78.95,7.4,0.886,10026.32,100.0,0
3,8,54.9,68.38,76.87,6.93,0.853,7518.26,87.21,0
3,9,51.73,74.29,81.23,7.05,0.878,9436.96,100.0,0
3,10,50.59,72.35,80.94,6.94,0.9,7809.1,91.11,0
4,1,42.97,70.22,83.47,7.28,0.86,8072.37,91.36,0
4,2,46.42,76.01,84.03,7.15,0.842,7488.97,86.55,0
4,3,35.88,75.95,83.63,6.57,0.825,7319.91,84.67,0
4,4,31.11,82.06,89.78,5.45,0.73,6223.89,73.13,0
4,5,26.13,85.52,95.11,4.65,0.641,3884.62,53.07,0
4,6,20.47,88.74,98.18,4.77,0.617,3965.07,52.66,0
4,7,16.0,96.98,106.03,4.4,0.541,2405.68,38.64,1
4,8,33.3,83.39,93.7,4.9,0.752,5501.4,68.9,1
4,9,54.7,72.32,85.41,7.23,0.85,10518.61,100.0,0
4,10,51.16,72.91,79.01,7.22,0.869,6677.48,81.9,0
5,1,60.62,68.45,76.93,7.41,0.909,7938.43,92.39,0
5,2,47.41,71.85,78.11,6.88,0.831,9059.52,97.2,0
5,3,36.77,80.59,89.5,6.95,0.762,6080.23,73.4,0
5,4,36.21,86.42,92.3,5.56,0.71,5099.57,64.4,0
5,5,29.39,83.64,87.75,5.07,0.629,4185.87,54.73,0
5,6,25.97,90.19,102.71,4.04,0.651,4808.86,59.99,0
5,7,25.86,96.39,100.73,4.18,0.593,2571.75,41.87,1
5,8,35.64,82.85,92.67,5.27,0.699,5463.48,66.51,1
5,9,51.76,68.18,78.56,7.73,0.903,9219.59,100.0,0
5,10,50.05,71.22,77.15,7.19,0.867,9576.72,100.0,0
6,1,50.59,69.32,82.83,7.0,0.871,9458.71,100.0,0
6,2,40.36,75.14,80.76,6.3,0.81,7888.58,88.1,0
6,3,43.11,79.92,89.8,5.64,0.728,5163.02,65.58,0
6,4,32.33,86.53,95.91,5.43,0.608,3602.03,49.74,0
6,5,22.32,92.13,103.22,4.52,0.564,4772.67,56.24,1
6,6,37.49,77.05,86.14,6.17,0.73,4056.8,57.85,1
6,7,55.99,67.38,76.61,7.62,0.854,7688.46,88.44,0
6,8,52.88,69.05,78.24,7.56,0.914,7625.14,90.4,0
6,9,54.66,70.69,81.41,7.32,0.876,9283.27,100.0,0
6,10,60.8,73.81,84.93,7.65,0.87,9768.86,100.0,0
7,1,44.09,71.38,76.01,7.13,0.817,7450.53,85.29,0
7,2,46.43,76.81,81.96,6.58,0.822,7145.12,83.31,0
7,3,36.77,81.99,90.23,6.02,0.788,7178.54,82.2,0
7,4,37.08,89.8,97.54,5.26,0.7,5041.83,63.58,0
7,5,23.35,87.32,93.81,5.06,0.695,3036.68,49.22,0
7,6,16.0,94.57,101.46,3.81,0.618,2038.93,39.12,1
7,7,36.88,84.48,92.95,5.85,0.72,6125.69,72.04,1
7,8,49.91,71.72,76.33,8.1,0.891,7247.89,86.79,0
7,9,45.58,73.56,79.17,8.37,0.904,7885.69,91.83,0
7,10,47.96,67.3,73.64,7.05,0.884,10325.41,100.0,0
8,1,44.79,74.33,84.51,6.89,0.854,8580.85,94.74,0
8,2,39.51,74.21,85.15,6.44,0.822,6865.06,81.32,0
8,3,40.75,81.76,94.31,6.59,0.765,6364.27,75.51,0
8,4,30.03,83.92,92.86,5.9,0.746,4939.97,64.72,0
8,5,31.42,84.94,90.96,6.23,0.725,5977.82,71.21,0
8,6,28.47,90.39,94.65,4.9,0.669,3351.36,50.4,0
8,7,16.0,97.05,103.22,4.34,0.581,1200.0,31.69,1
8,8,34.83,82.8,91.48,6.37,0.668,6569.99,73.11,1
8,9,50.22,74.91,82.64,8.11,0.88,8800.01,97.3,0
8,10,48.59,66.79,74.73,7.57,0.92,11264.8,100.0,0
9,1,56.12,69.36,76.38,7.07,0.903,8819.85,98.37,0
9,2,45.73,70.45,81.93,7.12,0.742,7789.52,84.66,0
9,3,37.89,79.66,81.22,6.24,0.801,5918.67,73.82,0
9,4,37.38,83.56,88.52,5.86,0.727,5579.88,68.46,0
9,5,31.94,92.52,103.21,5.24,0.715,4436.54,59.92,0
9,6,29.6,89.04,92.55,5.66,0.638,2993.46,46.67,0
9,7,23.04,94.9,99.49,4.59,0.572,2398.93,39.8,1
9,8,40.04,81.1,88.29,5.4,0.729,5475.91,67.82,1
9,9,50.37,67.35,70.91,7.35,0.859,10934.53,100.0,0
9,10,52.67,70.5,78.66,6.87,0.848,8695.41,95.28,0
10,1,51.17,73.4,80.66,7.53,0.91,7527.15,89.53,0
10,2,35.18,74.18,85.72,6.4,0.763,4564.5,62.74,0
10,3,26.39,82.7,90.88,5.59,0.684,5738.43,67.85,0
10,4,26.87,88.71,95.71,3.93,0.645,3459.13,50.2,0
10,5,16.0,92.18,98.13,4.21,0.562,2559.08,40.54,1
10,6,31.27,83.66,99.2,5.98,0.678,7038.48,76.79,1
10,7,43.3,74.4,83.03,7.2,0.866,7087.67,84.68,0
10,8,49.85,73.75,81.3,7.08,0.856,8662.84,95.39,0
10,9,49.62,74.71,84.1,6.88,0.858,8005.5,90.84,0
10,10,46.14,72.41,83.86,7.51,0.943,9400.16,100.0,0
11,1,57.89,70.83,81.77,7.64,0.917,8822.53,98.96,0
11,2,50.32,66.86,70.64,6.21,0.857,8570.4,94.79,0
11,3,44.96,80.9,86.55,6.28,0.774,6222.73,74.9,0
11,4,37.53,82.93,91.6,5.52,0.696,5241.34,64.82,0
11,5,35.66,80.75,90.16,5.17,0.664,6789.21,74.47,0
11,6,20.0,87.47,92.51,5.02,0.599,5041.52,59.53,0
11,7,25.62,90.78,98.51,4.25,0.571,2568.36,40.96,1
11,8,33.92,80.01,83.2,4.84,0.723,6462.42,74.54,1
11,9,48.31,67.55,74.13,7.28,0.84,7794.28,88.63,0
11,10,47.24,68.61,81.33,7.01,0.876,7289.97,86.5,0
12,1,54.36,72.29,78.6,7.09,0.843,7399.44,85.96,0
12,2,42.47,68.92,79.53,6.64,0.808,7204.46,83.18,0
12,3,42.1,76.27,83.37,6.54,0.806,5464.62,70.81,0
12,4,36.63,75.14,85.64,5.51,0.715,5654.49,68.52,0
12,5,35.88,86.97,98.16,4.93,0.65,3811.5,52.9,0
12,6,26.73,87.6,94.46,5.33,0.626,5710.02,65.35,0
12,7,29.06,90.64,102.3,3.81,0.591,1200.0,32.13,1
12,8,39.31,82.95,92.99,6.09,0.704,6532.42,74.27,1
12,9,53.93,68.37,74.42,7.13,0.903,7313.73,87.76,0
12,10,50.44,67.0,77.97,7.22,0.896,9018.77,99.5,0
13,1,50.44,65.94,73.05,8.25,0.86,10392.16,100.0,0
13,2,45.26,72.86,82.46,5.76,0.852,7403.54,86.36,0
13,3,34.33,75.89,80.98,6.11,0.721,6863.18,77.3,0
13,4,33.68,77.67,86.17,5.47,0.718,6789.23,76.66,0
13,5,23.68,88.6,98.24,5.44,0.65,4181.73,55.53,0
13,6,18.0,91.18,98.25,4.22,0.64,4401.43,56.67,0
13,7,16.0,90.4,99.01,3.67,0.548,1214.7,30.48,1
13,8,29.3,83.4,91.22,6.13,0.697,4711.71,61.12,1
13,9,55.69,64.41,72.8,7.64,0.884,9434.64,100.0,0
13,10,56.77,65.76,73.36,6.87,0.923,7962.58,93.12,0
14,1,45.5,77.27,85.26,7.55,0.834,7830.54,88.65,0
14,2,40.24,76.85,84.71,7.07,0.817,6370.86,77.64,0
14,3,34.15,87.63,92.44,5.44,0.728,4646.55,61.91,0
14,4,25.22,92.52,101.55,5.05,0.654,3735.62,52.53,0
14,5,19.86,101.09,107.85,4.61,0.583,3801.02,50.15,1
14,6,26.85,90.15,98.79,4.95,0.717,6980.76,77.96,1
14,7,44.72,70.89,78.83,8.01,0.868,7566.31,88.14,0
14,8,49.92,73.08,71.9,8.28,0.828,8465.62,92.86,0
14,9,45.49,73.54,78.13,7.49,0.85,6410.34,79.26,0
14,10,48.3,71.36,77.79,6.79,0.82,9514.18,99.96,0
15,1,42.99,71.11,75.47,6.98,0.866,9503.29,100.0,0
15,2,35.49,75.69,82.6,6.77,0.808,8108.7,89.57,0
15,3,31.22,80.32,93.27,5.53,0.718,4177.54,58.19,0
15,4,24.58,88.83,94.1,4.65,0.685,4466.26,58.92,0
15,5,16.1,95.05,98.44,4.17,0.592,3196.44,46.24,1
15,6,32.76,79.87,86.17,6.02,0.705,5421.08,66.47,1
15,7,43.3,72.32,80.32,6.93,0.902,9133.16,100.0,0
15,8,50.14,69.37,76.04,7.49,0.896,9675.32,100.0,0
15,9,46.44,71.28,84.42,7.86,0.888,7757.2,90.26,0
15,10,45.16,68.33,75.57,7.52,0.933,7150.47,87.77,0
16,1,54.9,70.82,80.67,6.81,0.885,7996.98,91.84,0
16,2,45.96,70.31,78.65,6.78,0.813,6857.91,80.92,0
16,3,48.13,76.22,84.6,6.2,0.772,5968.7,73.03,0
16,4,32.79,79.75,84.3,5.84,0.691,4665.24,60.58,0
16,5,28.41,83.56,93.15,5.67,0.681,4869.06,61.6,0
16,6,28.61,88.01,91.02,4.08,0.617,2666.51,43.5,0
16,7,21.11,95.03,105.82,3.73,0.622,1517.46,35.58,1
16,8,36.0,79.05,87.36,6.0,0.714,5612.01,68.15,1
16,9,48.7,73.17,84.57,7.03,0.933,10061.62,100.0,0
16,10,51.55,66.99,74.81,7.1,0.87,9570.44,100.0,0
17,1,42.93,78.14,88.38,7.28,0.84,8231.97,91.7,0
17,2,39.89,75.35,83.26,6.21,0.823,7336.71,84.72,0
17,3,38.28,80.11,89.56,6.08,0.738,4760.67,63.13,0
17,4,31.93,83.75,92.21,5.87,0.715,4873.88,62.99,0
17,5,21.5,92.5,100.91,4.79,0.632,3200.27,47.85,0
17,6,21.77,94.48,104.69,4.14,0.602,1370.46,33.76,1
17,7,30.39,85.89,95.92,6.07,0.706,4396.0,59.26,1
17,8,46.58,74.49,77.69,6.81,0.884,9113.47,99.68,0
17,9,49.68,73.52,76.49,7.03,0.876,5683.13,75.14,0
17,10,40.47,77.83,88.15,7.12,0.885,8090.31,92.53,0
18,1,48.73,70.21,76.16,7.7,0.856,6368.28,79.17,0
18,2,40.14,76.9,85.05,6.21,0.833,5305.37,70.77,0
18,3,32.49,83.98,91.77,5.42,0.74,5240.52,66.58,0
18,4,28.82,87.6,94.22,5.41,0.626,5426.63,63.33,0
18,5,16.0,96.31,102.35,3.83,0.503,4020.93,48.52,1
18,6,34.49,83.74,93.19,5.99,0.701,4582.44,60.39,1
18,7,51.43,71.97,77.81,7.06,0.859,7572.67,87.8,0
18,8,47.15,72.18,82.34,7.48,0.888,7988.5,91.9,0
18,9,50.93,68.71,73.06,7.86,0.955,6474.22,83.9,0
18,10,53.35,69.14,74.78,7.11,0.872,9677.84,100.0,0
19,1,44.77,73.9,83.98,7.25,0.903,7412.54,88.44,0
19,2,36.23,77.06,88.84,7.18,0.814,8003.51,89.07,0
19,3,30.58,81.14,87.24,5.83,0.775,5895.79,72.6,0
19,4,35.29,84.2,94.53,5.12,0.713,5298.41,65.93,0
19,5,21.57,89.44,97.69,5.01,0.631,3591.4,50.57,0
19,6,19.97,90.62,96.5,4.48,0.555,3096.54,44.07,1
19,7,32.39,86.12,97.03,5.41,0.797,6399.98,77.07,1
19,8,49.84,71.05,84.67,7.74,0.925,9756.49,100.0,0
19,9,48.31,71.36,79.29,7.78,0.893,9746.38,100.0,0
19,10,48.5,66.98,74.93,7.37,0.816,9472.53,99.49,0
20,1,54.95,73.43,81.72,7.65,0.928,8514.95,97.21,0
20,2,49.37,76.63,84.72,6.73,0.847,6352.65,78.71,0
20,3,41.39,78.15,85.62,6.56,0.771,5169.02,67.31,0
20,4,32.01,84.96,95.26,5.23,0.719,3453.79,53.15,0
20,5,22.86,83.02,89.74,4.61,0.621,3639.98,50.53,0
20,6,19.07,95.0,99.79,4.76,0.537,1931.03,35.13,1
20,7,32.73,84.3,93.88,5.79,0.75,6269.57,74.27,1
20,8,50.33,71.61,76.69,7.48,0.868,9699.5,100.0,0
20,9,51.92,68.06,78.49,7.07,0.898,6538.13,82.09,0
20,10,57.7,70.17,79.74,7.98,0.85,6972.76,83.21,0
21,1,47.95,68.53,76.56,7.24,0.869,9819.2,100.0,0
21,2,42.8,73.19,83.18,6.9,0.815,8182.56,90.36,0
21,3,42.69,78.69,87.28,5.58,0.808,6955.65,81.43,0
21,4,39.93,83.3,89.84,5.68,0.731,8200.4,87.13,0
21,5,27.79,87.04,91.6,5.59,0.677,3347.71,50.7,0
21,6,31.36,90.96,102.96,5.28,0.621,5431.74,63.16,0
21,7,17.74,96.96,101.75,3.0,0.601,2338.25,40.53,1
21,8,32.82,81.29,86.37,5.66,0.756,7444.52,82.8,1
21,9,48.38,70.0,77.79,7.44,0.872,9185.95,99.72,0
21,10,50.68,66.65,76.51,7.12,0.862,8909.9,97.38,0
22,1,45.89,75.99,85.6,7.15,0.869,7870.03,90.32,0
22,2,35.11,80.12,86.28,6.2,0.787,5994.63,73.78,0
22,3,27.04,89.59,95.93,5.35,0.674,3746.5,53.43,0
22,4,16.0,94.2,105.24,4.07,0.597,3558.2,48.99,1
22,5,34.63,86.8,98.57,5.64,0.754,5540.11,69.26,1
22,6,48.47,73.86,78.72,7.63,0.884,7638.3,89.27,0
22,7,45.51,75.77,80.5,7.17,0.907,9582.18,100.0,0
22,8,51.27,69.16,78.71,6.87,0.934,9009.12,100.0,0
22,9,41.42,74.02,85.81,7.77,0.893,8706.83,97.17,0
22,10,44.49,77.39,79.82,7.83,0.923,7635.31,90.83,0
23,1,50.56,69.42,77.92,7.08,0.925,9073.84,100.0,0
23,2,42.25,81.67,86.14,6.93,0.745,6342.84,74.56,0
23,3,32.19,81.05,89.47,5.31,0.607,3951.66,52.18,0
23,4,17.68,94.27,99.08,4.35,0.569,3994.78,50.94,1
23,5,34.22,82.57,91.72,6.2,0.734,4880.7,63.83,1
23,6,48.51,66.95,72.41,7.46,0.863,9084.67,98.65,0
23,7,46.29,68.41,79.57,7.56,0.904,10262.77,100.0,0
23,8,54.39,68.77,77.81,7.47,0.849,7904.47,89.75,0
23,9,45.78,69.13,76.52,7.89,0.917,8516.51,96.79,0
23,10,52.58,67.75,75.35,7.3,0.92,7723.73,91.31,0
24,1,50.04,68.12,78.64,7.86,0.882,7577.91,88.77,0
24,2,49.24,69.6,75.02,6.05,0.834,7023.09,82.95,0
24,3,36.13,78.31,86.29,6.39,0.786,7211.26,82.33,0
24,4,32.8,80.85,89.39,6.7,0.671,4318.66,57.32,0
24,5,27.47,85.3,94.32,5.61,0.702,5870.48,69.5,0
24,6,22.92,84.61,92.24,3.87,0.628,4923.82,59.89,0
24,7,16.0,92.62,97.28,4.02,0.55,2203.04,37.56,1
24,8,32.46,80.95,85.32,5.29,0.715,6926.56,77.48,1
24,9,55.23,64.2,71.64,7.14,0.83,10152.68,100.0,0
24,10,48.44,65.33,74.03,7.7,0.854,8390.62,93.38,0
25,1,48.24,68.37,71.78,7.4,0.898,7639.54,89.83,0
25,2,36.89,74.88,82.43,6.61,0.829,7448.35,85.73,0
25,3,37.54,80.96,88.11,6.26,0.855,5354.01,71.98,0
25,4,31.46,83.72,90.1,5.72,0.737,6298.3,73.95,0
25,5,33.75,86.32,87.35,5.32,0.712,5352.84,66.26,0
25,6,26.29,85.14,92.27,4.89,0.619,3919.04,52.44,0
25,7,18.56,92.09,102.44,4.61,0.616,2704.06,43.71,0
25,8,17.99,95.84,101.94,3.89,0.596,2427.04,40.99,1
25,9,22.78,79.62,85.96,6.11,0.761,6279.96,74.79,1
25,10,49.8,71.54,80.52,7.27,0.926,9675.51,100.0,0
26,1,50.32,74.58,81.93,7.25,0.885,7700.43,89.74,0
26,2,43.61,74.93,83.68,7.13,0.8,8215.14,89.98,0
26,3,40.89,78.41,87.58,5.91,0.769,7641.47,84.7,0
26,4,36.9,87.64,94.43,5.34,0.707,5797.42,69.21,0
26,5,34.35,85.63,96.04,5.22,0.648,5890.11,67.5,0
26,6,16.49,92.5,97.01,4.36,0.622,4025.2,53.29,0
26,7,16.0,97.41,110.73,4.4,0.566,2345.27,39.2,1
26,8,38.65,82.97,93.85,5.01,0.73,4485.25,60.87,1
26,9,49.18,68.07,76.26,7.53,0.881,7251.27,86.43,0
26,10,46.85,69.05,78.52,7.49,0.893,9380.55,100.0,0
27,1,52.61,72.4,83.18,7.03,0.86,9152.13,99.0,0
27,2,38.12,76.31,79.13,6.27,0.777,6438.01,76.54,0
27,3,27.69,86.94,95.4,5.61,0.699,4350.91,58.67,0
27,4,16.67,95.92,104.27,3.78,0.566,3580.0,47.92,1
27,5,40.13,83.64,92.64,6.57,0.779,6246.5,75.24,1
27,6,51.32,69.86,79.89,8.15,0.903,9314.88,100.0,0
27,7,53.54,71.17,74.48,7.58,0.942,8714.3,99.2,0
27,8,53.42,73.68,85.46,7.1,0.863,8006.17,91.03,0
27,9,55.22,74.69,82.79,7.96,0.851,9763.95,100.0,0
27,10,56.81,68.17,75.01,6.76,0.92,8318.47,95.53,0
28,1,50.57,67.73,79.88,7.6,0.875,9710.11,100.0,0
28,2,45.15,69.12,77.42,7.12,0.846,7104.84,84.01,0
28,3,43.23,77.2,92.13,6.87,0.798,6576.46,78.34,0
28,4,34.51,77.15,86.68,6.52,0.733,4393.53,60.35,0
28,5,32.33,83.61,93.93,5.77,0.654,4232.59,56.04,0
28,6,27.83,89.68,101.14,4.71,0.706,4425.6,59.47,0
28,7,22.66,89.04,100.03,4.92,0.56,4406.84,53.51,0
28,8,16.18,95.52,101.24,4.25,0.567,1368.55,32.33,1
28,9,31.21,78.59,85.71,5.95,0.68,6119.97,70.41,1
28,10,50.01,69.47,78.41,7.44,0.886,8137.77,92.9,0
29,1,57.06,70.43,72.22,7.24,0.905,8802.88,98.33,0
29,2,39.29,72.63,81.16,5.78,0.781,5969.75,73.39,0
29,3,36.77,80.76,87.73,5.92,0.732,6725.64,76.75,0
29,4,27.23,85.83,93.94,4.91,0.695,3707.06,53.95,0
29,5,16.0,94.15,104.26,4.08,0.629,2123.05,40.14,1
29,6,40.56,84.75,90.43,5.6,0.746,6786.58,77.76,1
29,7,47.31,69.96,78.1,7.71,0.821,8518.8,92.96,0
29,8,46.83,66.15,74.17,7.06,0.911,9744.33,100.0,0
29,9,48.09,69.49,74.44,7.5,0.861,7467.93,87.16,0
29,10,51.23,67.19,75.48,7.1,0.859,8519.81,94.52,0
30,1,42.04,68.52,72.99,7.5,0.904,8115.88,93.45,0
30,2,47.47,71.44,81.68,7.07,0.89,7346.98,87.45,0
30,3,32.94,72.18,80.13,6.33,0.751,6870.79,78.53,0
30,4,38.5,80.58,88.98,5.67,0.742,7043.49,79.39,0
30,5,25.97,79.63,87.3,6.15,0.707,3798.05,55.07,0
30,6,21.92,83.34,92.15,4.74,0.663,3757.31,53.03,0
30,7,19.98,89.62,95.66,5.11,0.5,3517.03,44.84,1
30,8,35.95,80.55,90.4,5.97,0.671,5458.83,65.39,1
30,9,48.8,68.39,73.7,7.54,0.894,8590.42,96.4,0
30,10,48.89,70.61,80.25,6.71,0.85,8864.92,96.57,0
31,1,57.1,69.96,77.66,7.45,0.929,9645.09,100.0,0
31,2,40.84,74.28,80.34,6.9,0.816,6912.58,81.43,0
31,3,27.39,87.26,98.39,5.45,0.677,3868.93,54.39,0
31,4,25.24,94.02,96.89,4.42,0.575,1355.32,32.57,1
31,5,34.9,81.17,86.48,5.51,0.805,7395.88,84.41,1
31,6,54.88,70.21,75.46,6.78,0.857,6899.23,82.98,0
31,7,47.7,66.48,74.32,7.38,0.887,8387.13,94.68,0
31,8,57.45,68.01,69.73,7.33,0.92,7666.39,90.9,0
31,9,57.48,66.88,77.48,8.19,0.888,7307.93,87.1,0
31,10,59.58,70.3,81.09,7.56,0.888,10839.82,100.0,0
32,1,45.28,66.25,73.3,7.8,0.9,9071.75,100.0,0
32,2,46.91,76.53,84.64,6.98,0.834,6943.24,82.36,0
32,3,33.63,86.14,99.71,6.23,0.725,5148.76,65.34,0
32,4,21.48,87.53,96.17,5.78,0.668,4886.81,61.22,0
32,5,16.85,99.72,105.7,4.75,0.553,3083.92,43.9,1
32,6,35.27,80.76,89.4,6.45,0.709,6394.29,73.5,1
32,7,50.06,66.33,74.58,7.0,0.845,8815.5,96.01,0
32,8,49.84,71.22,79.26,7.45,0.877,8134.0,92.48,0
32,9,52.64,68.18,79.56,7.23,0.937,7746.3,92.18,0
32,10,51.68,72.39,82.97,7.98,0.94,7967.98,93.85,0
33,1,48.11,71.01,78.38,7.93,0.891,8052.24,92.46,0
33,2,42.43,73.27,86.17,7.23,0.856,7138.43,84.64,0
33,3,50.08,77.13,82.96,5.85,0.747,6030.14,72.44,0
33,4,41.13,79.71,87.52,6.07,0.75,5516.05,68.96,0
33,5,42.15,84.42,92.72,4.96,0.712,5400.29,66.61,0
33,6,28.39,88.81,92.95,5.61,0.688,3113.23,49.52,0
33,7,30.42,86.6,96.4,4.54,0.622,3742.89,51.29,0
33,8,24.3,91.13,99.81,4.0,0.598,3746.48,50.37,1
33,9,36.56,80.61,86.88,6.49,0.759,4910.89,65.04,1
33,10,53.72,66.92,78.56,7.4,0.865,8101.58,91.79,0
34,1,50.12,65.09,70.49,7.98,0.877,8333.26,93.92,0
34,2,44.08,76.6,82.39,6.22,0.737,5534.7,68.53,0
34,3,30.67,88.11,99.31,5.79,0.678,4351.06,57.81,0
34,4,22.53,91.55,103.81,4.37,0.581,2419.05,40.3,1
34,5,39.87,78.27,87.36,6.17,0.734,5170.18,65.84,1
34,6,49.73,65.26,73.2,7.15,0.877,7396.56,87.3,0
34,7,53.45,64.83,72.62,7.17,0.926,8295.2,95.59,0
34,8,50.72,71.54,82.86,7.46,0.871,7056.52,84.66,0
34,9,47.67,73.08,79.76,7.23,0.892,9598.45,100.0,0
34,10,50.72,72.54,76.62,7.75,0.866,8322.12,93.37,0
35,1,46.77,75.42,82.96,7.34,0.864,8113.39,91.82,0
35,2,41.27,79.42,90.52,6.48,0.82,6288.16,77.19,0
35,3,25.69,82.88,92.13,5.79,0.701,4814.6,62.02,0
35,4,17.98,93.58,106.07,4.8,0.718,4989.51,63.95,0
35,5,16.0,98.53,110.23,3.77,0.6,3134.52,46.15,1
35,6,36.87,83.12,94.39,6.0,0.741,5814.63,70.67,1
35,7,45.21,67.4,73.88,7.05,0.868,6695.76,82.0,0
35,8,51.12,72.08,80.26,7.23,0.927,7477.68,89.88,0
35,9,42.08,76.01,80.58,7.72,0.89,8701.81,97.02,0
35,10,46.87,72.92,82.46,7.53,0.895,7891.24,91.51,0
36,1,45.47,70.52,74.99,7.85,0.893,6917.44,84.54,0
36,2,46.81,79.66,87.52,7.07,0.828,9100.77,97.38,0
36,3,41.32,82.45,89.27,6.13,0.757,5977.54,72.47,0
36,4,30.73,85.05,90.05,5.41,0.765,6127.48,73.85,0
36,5,23.3,88.92,93.87,5.86,0.675,3228.52,49.78,0
36,6,19.25,91.28,103.34,5.14,0.636,3156.33,47.74,0
36,7,16.0,98.82,111.82,4.62,0.537,3683.95,47.48,1
36,8,35.63,82.46,89.88,6.28,0.727,5147.77,65.43,1
36,9,49.98,71.32,76.5,7.37,0.95,8565.85,98.47,0
36,10,45.47,73.85,83.33,7.42,0.92,8373.16,95.89,0
37,1,51.92,74.87,81.86,7.19,0.962,6411.28,83.73,0
37,2,47.52,74.31,84.7,6.96,0.838,6971.76,82.74,0
37,3,39.15,83.76,88.06,5.86,0.775,7618.32,84.79,0
37,4,31.79,85.66,94.32,5.46,0.707,4237.04,58.2,0
37,5,22.33,93.05,100.37,5.09,0.566,4136.76,51.85,0
37,6,16.0,98.02,110.78,4.03,0.584,2331.53,39.83,1
37,7,30.2,82.5,85.71,5.9,0.692,6264.07,71.88,1
37,8,49.57,74.06,80.57,7.39,0.894,8093.65,92.88,0
37,9,48.81,70.51,78.67,7.67,0.919,9099.21,100.0,0
37,10,54.43,70.14,79.14,7.27,0.848,9176.8,98.68,0
38,1,56.17,70.14,77.45,6.81,0.861,9006.09,98.01,0
38,2,46.8,75.9,84.56,5.95,0.8,7075.96,81.93,0
38,3,35.12,83.37,91.69,5.73,0.652,6887.03,74.69,0
38,4,17.76,93.7,102.4,4.15,0.559,2155.97,37.57,1
38,5,36.88,79.09,89.99,5.87,0.714,4074.19,57.31,1
38,6,56.63,71.52,74.8,7.93,0.849,8498.62,93.96,0
38,7,57.76,67.27,76.84,7.0,0.96,8349.61,97.33,0
38,8,59.85,70.73,79.08,6.45,0.863,7049.49,84.29,0
38,9,51.78,69.54,75.64,7.15,0.894,10123.02,100.0,0
38,10,51.66,69.59,81.46,6.87,0.867,10117.66,100.0,0
39,1,49.71,73.84,86.37,6.65,0.906,7619.64,90.03,0
39,2,46.26,80.3,84.59,6.46,0.826,7308.76,84.62,0
39,3,38.47,86.38,97.37,6.44,0.799,6559.45,78.28,0
39,4,29.7,78.74,83.18,4.83,0.732,4514.3,61.16,0
39,5,26.54,92.76,92.81,5.14,0.63,4054.64,53.81,0
39,6,16.15,91.46,96.81,3.46,0.595,2463.75,41.18,1
39,7,32.69,82.06,95.45,6.52,0.759,6557.42,76.66,1
39,8,46.95,69.08,74.07,7.84,0.87,8993.39,98.28,0
39,9,46.17,67.87,76.5,7.52,0.877,8938.08,98.17,0
39,10,47.86,73.65,78.32,7.43,0.88,7048.9,84.94,0
40,1,48.49,70.14,75.22,7.62,0.89,7634.31,89.48,0
40,2,41.98,73.32,84.94,6.79,0.844,6374.98,78.75,0
40,3,30.79,81.61,88.69,5.89,0.767,5828.04,71.84,0
40,4,28.57,91.03,97.97,5.33,0.589,4346.58,54.26,0
40,5,20.71,96.51,103.26,3.83,0.586,2452.01,40.75,1
40,6,34.31,85.66,92.96,5.82,0.736,5373.91,67.36,1
40,7,49.19,71.25,76.63,7.53,0.875,7379.15,87.08,0
40,8,50.22,70.32,77.78,7.65,0.938,7069.29,87.43,0
40,9,54.37,70.94,77.11,7.35,0.882,8647.12,96.31,0
40,10,56.59,68.18,79.09,7.7,0.878,7878.63,90.74,0
41,1,47.77,70.4,76.59,7.59,0.882,8796.48,97.36,0
41,2,40.05,78.28,90.36,6.79,0.785,8494.46,91.37,0
41,3,33.49,82.76,92.44,6.15,0.748,6174.41,73.5,0
41,4,29.19,90.94,98.24,5.17,0.654,3484.7,50.74,0
41,5,16.0,91.01,100.72,3.65,0.555,1918.01,35.73,1
41,6,35.57,79.67,89.83,5.71,0.7,3355.18,51.7,1
41,7,49.25,66.88,74.29,7.93,0.883,9255.38,100.0,0
41,8,52.01,68.67,74.55,7.45,0.838,8082.76,90.59,0
41,9,56.24,67.16,80.77,7.74,0.854,9390.07,100.0,0
41,10,47.29,72.06,80.62,7.18,0.903,8415.51,95.51,0
42,1,53.17,75.51,81.58,7.32,0.84,9035.74,97.38,0
42,2,47.93,76.53,85.31,6.33,0.793,8235.95,89.85,0
42,3,29.76,80.09,86.53,6.08,0.784,7085.35,81.37,0
42,4,24.99,92.41,98.8,5.42,0.705,4558.62,60.37,0
42,5,25.93,85.6,94.46,5.02,0.67,2854.17,46.94,0
42,6,21.86,94.53,102.79,4.51,0.618,2022.76,39.0,1
42,7,41.93,82.37,93.17,5.85,0.751,5329.84,67.68,1
42,8,48.79,75.35,84.74,6.77,0.841,7006.51,83.11,0
42,9,50.18,74.46,83.85,7.66,0.877,8516.75,95.18,0
42,10,50.21,75.87,82.04,7.22,0.871,8668.45,96.01,0
43,1,51.58,68.17,75.28,7.4,0.874,7483.36,87.77,0
43,2,38.5,78.78,87.42,6.83,0.843,6802.32,81.76,0
43,3,23.49,80.46,91.29,5.72,0.715,3689.55,54.65,0
43,4,19.92,85.35,93.03,4.94,0.646,4335.54,56.45,0
43,5,17.75,91.77,94.43,4.84,0.605,3183.04,46.67,1
43,6,30.49,79.45,86.94,6.12,0.686,4325.76,57.97,1
43,7,51.28,67.26,76.56,7.5,0.877,7199.35,85.89,0
43,8,45.87,73.6,82.87,6.92,0.878,7499.29,88.06,0
43,9,47.29,69.14,77.61,7.51,0.925,9356.99,100.0,0
43,10,49.26,67.25,70.72,7.6,0.881,7969.87,91.51,0
44,1,60.02,70.97,79.71,7.45,0.887,8827.86,97.79,0
44,2,46.95,77.96,87.37,6.69,0.874,6785.95,82.85,0
44,3,45.66,80.24,81.47,7.28,0.848,7574.11,87.38,0
44,4,38.16,83.38,92.96,5.51,0.727,4476.51,60.7,0
44,5,36.47,83.4,91.38,5.55,0.699,5884.46,69.52,0
44,6,31.06,85.71,91.75,4.72,0.616,3310.89,48.03,0
44,7,30.16,94.34,101.98,4.48,0.641,1634.93,37.18,0
44,8,24.66,95.13,106.52,4.5,0.627,4152.42,54.38,1
44,9,30.45,87.28,95.35,6.27,0.756,5581.63,69.64,1
44,10,49.2,71.35,75.31,7.46,0.921,8622.51,97.72,0
45,1,51.68,69.33,72.38,7.1,0.899,7570.54,89.42,0
45,2,52.16,69.27,81.37,5.96,0.817,6831.67,80.91,0
45,3,38.46,77.97,89.7,6.64,0.77,8230.72,88.91,0
45,4,35.71,82.54,90.38,5.98,0.789,2397.34,48.49,0
45,5,36.96,84.57,96.16,5.14,0.666,4004.31,54.92,0
45,6,21.82,89.1,96.74,5.21,0.639,4822.61,59.62,0
45,7,25.04,93.32,101.43,4.18,0.557,3669.33,48.18,1
45,8,37.28,81.18,90.09,6.28,0.708,5365.48,66.18,1
45,9,50.25,68.74,79.89,7.64,0.938,8751.74,99.31,0
45,10,48.31,65.83,74.38,7.26,0.899,7109.31,86.14,0
46,1,47.96,69.43,75.13,7.64,0.917,7922.26,92.61,0
46,2,44.6,73.26,78.57,6.58,0.868,8537.07,94.98,0
46,3,41.47,79.96,85.73,6.31,0.763,7805.62,85.61,0
46,4,33.73,82.14,90.82,6.26,0.702,5352.9,65.85,0
46,5,31.6,84.95,93.95,5.24,0.715,4406.01,59.69,0
46,6,18.29,93.4,101.76,4.96,0.563,4180.62,52.03,0
46,7,23.11,91.47,99.4,4.36,0.533,3182.26,43.78,1
46,8,38.17,86.3,96.44,4.97,0.776,4734.06,64.45,1
46,9,51.84,65.13,75.56,7.46,0.95,9797.56,100.0,0
46,10,52.14,65.75,74.85,7.71,0.905,8605.81,96.93,0
47,1,54.34,69.26,76.11,7.75,0.845,6357.77,78.67,0
47,2,45.15,71.18,83.59,6.78,0.829,7290.37,84.61,0
47,3,33.61,83.23,88.9,6.02,0.728,5261.8,66.25,0
47,4,29.72,85.44,92.08,5.01,0.674,3279.37,50.1,0
47,5,24.2,93.64,101.27,4.47,0.597,2852.72,44.03,1
47,6,35.59,84.62,93.02,6.03,0.739,4808.04,63.52,1
47,7,47.47,72.6,84.09,6.55,0.875,7872.66,90.56,0
47,8,50.47,68.84,76.22,7.96,0.896,8866.72,98.42,0
47,9,50.57,71.74,80.07,7.26,0.897,10169.24,100.0,0
47,10,54.08,64.66,77.45,7.5,0.876,8297.75,93.61,0
48,1,51.09,70.08,83.76,7.37,0.89,8368.3,94.67,0
48,2,44.54,70.49,77.65,6.83,0.848,6255.3,78.09,0
48,3,29.33,81.01,89.96,5.69,0.808,6810.71,80.4,0
48,4,29.88,91.3,99.28,4.21,0.709,1200.0,36.84,0
48,5,20.03,94.44,102.65,4.04,0.555,2004.54,36.34,1
48,6,42.06,84.93,91.86,5.79,0.755,4580.25,62.52,1
48,7,49.59,69.17,76.15,7.8,0.866,8725.48,96.22,0
48,8,47.75,72.48,79.52,7.43,0.92,8470.08,96.6,0
48,9,51.8,69.55,76.22,6.66,0.896,7531.72,88.99,0
48,10,50.67,70.84,78.21,7.69,0.901,8232.33,94.16,0
49,1,43.3,65.85,74.43,6.99,0.917,8847.82,99.13,0
49,2,37.7,76.08,85.16,5.8,0.778,7503.85,84.1,0
49,3,29.29,77.9,83.5,4.68,0.642,4013.87,54.01,0
49,4,16.0,91.31,97.57,3.64,0.567,3181.58,45.13,1
49,5,27.63,76.32,83.63,5.46,0.748,6371.75,74.91,1
49,6,50.97,68.53,78.39,7.11,0.859,9645.18,100.0,0
49,7,48.57,65.34,75.56,6.24,0.895,7345.01,87.66,0
49,8,49.65,65.49,67.6,7.17,0.895,7784.49,90.73,0
49,9,54.06,69.56,76.96,6.75,0.865,6764.41,82.34,0
49,10,47.19,65.63,72.76,7.11,0.915,7784.7,91.54,0
50,1,47.85,69.54,77.96,7.57,0.908,7583.89,89.84,0
50,2,44.07,73.85,81.35,6.93,0.797,7781.52,86.8,0
50,3,44.28,79.44,88.62,6.98,0.83,6419.45,78.53,0
50,4,40.88,85.1,95.39,5.42,0.724,4353.84,59.7,0
50,5,29.58,89.08,101.54,5.86,0.725,4950.17,63.93,0
50,6,20.73,87.76,99.15,4.64,0.642,3297.6,48.96,0
50,7,16.84,94.99,106.12,4.39,0.527,4706.88,54.3,1
50,8,44.16,82.4,89.57,5.49,0.713,6136.69,71.85,1
50,9,60.67,71.55,78.55,6.9,0.864,7217.66,85.49,0
50,10,52.35,69.65,70.65,8.34,0.898,9399.89,100.0,0
51,1,44.7,70.76,81.19,7.48,0.914,9183.69,100.0,0
51,2,48.85,73.35,80.65,6.94,0.828,6220.54,77.05,0
51,3,37.21,83.23,94.96,6.28,0.714,5586.99,67.99,0
51,4,28.34,80.17,86.23,5.48,0.644,4789.46,59.58,0
51,5,26.06,88.14,91.82,5.06,0.641,2829.36,45.61,0
51,6,21.11,92.26,101.05,4.17,0.575,1990.5,37.03,1
51,7,33.32,82.93,90.47,6.65,0.733,5630.57,69.07,1
51,8,55.07,70.79,78.83,8.08,0.929,6634.49,83.99,0
51,9,50.2,66.45,70.71,8.16,0.895,7788.2,90.77,0
51,10,51.2,66.58,73.19,8.03,0.932,8127.04,94.64,0
52,1,40.99,69.98,72.37,7.43,0.9,8951.98,99.18,0
52,2,40.41,80.49,84.63,7.65,0.879,5325.83,72.76,0
52,3,36.59,81.41,90.84,6.18,0.775,6846.25,79.33,0
52,4,43.54,84.64,94.69,6.29,0.742,4463.65,61.2,0
52,5,30.5,83.63,88.47,5.12,0.74,3961.12,57.58,0
52,6,17.4,87.87,97.37,4.85,0.644,4592.04,58.19,0
52,7,25.11,93.63,107.9,3.47,0.614,3215.3,47.24,0
52,8,21.38,99.17,106.26,4.1,0.593,3723.71,50.02,1
52,9,28.43,82.73,93.23,5.88,0.728,5283.42,66.4,1
52,10,51.36,71.3,83.36,7.35,0.856,8756.42,96.03,0
53,1,52.52,73.53,82.42,7.39,0.92,9060.06,100.0,0
53,2,51.72,73.5,82.65,6.02,0.802,5113.34,68.17,0
53,3,40.72,80.8,88.36,6.97,0.81,5976.03,74.59,0
53,4,35.57,85.03,93.4,6.13,0.737,5525.79,68.47,0
53,5,32.63,88.91,89.44,5.72,0.637,2131.47,40.51,0
53,6,27.95,96.33,102.38,4.59,0.633,2967.73,46.26,0
53,7,16.0,100.33,107.35,4.48,0.589,2846.82,43.65,1
53,8,37.3,85.99,94.1,6.09,0.762,1530.88,41.3,1
53,9,48.07,71.48,71.75,7.55,0.885,8318.89,94.12,0
53,10,51.24,75.17,86.69,8.34,0.873,7991.5,91.32,0
54,1,48.59,71.17,80.79,7.46,0.901,8604.53,96.76,0
54,2,34.47,74.62,81.09,5.57,0.77,6624.22,77.55,0
54,3,26.75,81.96,87.61,5.14,0.678,6884.16,75.73,0
54,4,16.71,92.48,102.13,4.23,0.549,1200.0,30.41,1
54,5,28.05,83.08,92.78,6.47,0.714,3725.59,54.87,1
54,6,47.82,71.76,79.48,7.64,0.889,6405.58,80.8,0
54,7,49.77,70.88,77.01,7.57,0.932,9495.39,100.0,0
54,8,44.83,66.32,80.5,8.08,0.852,9018.16,97.72,0
54,9,44.6,63.57,72.09,6.34,0.902,8324.79,94.83,0
54,10,49.9,68.11,75.82,7.22,0.923,8018.82,93.53,0
55,1,54.14,70.36,80.43,8.01,0.899,7606.38,89.66,0
55,2,46.72,81.01,91.37,6.99,0.819,7889.95,88.45,0
55,3,37.96,77.67,85.83,7.05,0.742,6525.65,75.75,0
55,4,34.33,79.15,88.84,6.26,0.746,5341.36,67.54,0
55,5,28.91,79.67,82.27,5.88,0.68,6011.05,69.63,0
55,6,22.01,86.56,93.55,4.86,0.669,4231.77,56.65,0
55,7,20.85,91.58,99.21,4.77,0.64,4733.84,59.02,0
55,8,16.17,92.14,104.44,4.37,0.566,2714.69,41.81,1
55,9,31.34,82.71,91.74,5.25,0.68,4627.09,59.88,1
55,10,54.3,68.83,76.91,7.55,0.886,7781.76,90.36,0
56,1,52.67,67.16,73.24,7.48,0.948,8742.63,99.63,0
56,2,39.49,80.87,87.46,6.58,0.761,6072.37,73.29,0
56,3,26.43,83.18,89.98,5.31,0.687,5362.28,65.32,0
56,4,16.0,96.06,105.55,4.34,0.557,1636.09,33.83,1
56,5,41.71,80.16,83.94,6.0,0.74,5169.66,66.08,1
56,6,56.77,68.64,75.08,6.73,0.901,6950.3,85.09,0
56,7,46.68,71.91,82.13,6.97,0.862,9700.1,100.0,0
56,8,47.3,62.46,70.05,7.07,0.871,8961.05,98.1,0
56,9,51.64,74.12,80.99,7.13,0.875,7796.76,90.05,0
56,10,50.76,70.66,71.95,6.34,0.862,8524.89,94.65,0
57,1,50.58,73.77,83.28,7.58,0.851,9352.96,100.0,0
57,2,45.45,75.75,85.02,6.22,0.801,8033.78,88.74,0
57,3,43.05,81.16,88.95,6.38,0.722,7953.45,85.02,0
57,4,34.15,87.22,96.21,5.41,0.691,4367.9,58.46,0
57,5,28.63,91.54,98.44,4.84,0.609,1242.01,33.14,0
57,6,16.0,92.56,100.57,3.91,0.564,1200.0,31.02,1
57,7,33.83,79.51,85.67,5.02,0.718,6620.87,75.45,1
57,8,52.47,72.94,79.49,7.03,0.861,8763.84,96.28,0
57,9,48.27,70.73,78.3,6.87,0.876,8151.96,92.58,0
57,10,48.72,70.98,77.95,7.41,0.965,7105.64,88.77,0
58,1,48.8,69.9,79.39,7.3,0.887,8578.3,96.04,0
58,2,46.26,75.05,85.1,7.54,0.815,5740.8,73.13,0
58,3,46.07,77.08,83.99,6.8,0.755,6529.24,76.27,0
58,4,32.38,79.98,85.68,6.56,0.745,5719.26,70.16,0
58,5,32.98,84.29,90.74,5.74,0.696,4920.75,62.57,0
58,6,29.41,90.57,96.58,5.46,0.657,3195.63,48.85,0
58,7,24.5,93.16,98.71,4.33,0.601,5005.85,59.39,0
58,8,16.0,95.95,100.36,4.08,0.584,1200.0,31.84,1
58,9,37.85,84.68,92.74,6.15,0.714,4674.15,61.56,1
58,10,49.97,73.89,83.41,8.02,0.912,9977.48,100.0,0
59,1,51.56,71.72,83.79,7.23,0.873,8052.19,91.77,0
59,2,40.2,77.63,84.74,5.77,0.778,4946.55,66.04,0
59,3,34.47,88.88,94.74,5.21,0.671,4166.06,56.23,0
59,4,16.55,93.66,102.86,3.33,0.536,3450.09,45.78,1
59,5,38.81,82.99,91.48,5.38,0.759,5084.71,66.25,1
59,6,50.96,69.34,79.26,7.19,0.876,7692.26,89.33,0
59,7,57.99,72.0,81.3,7.36,0.879,8217.59,93.18,0
59,8,56.64,70.97,77.22,7.54,0.899,9325.12,100.0,0
59,9,50.65,68.47,78.27,7.81,0.88,8634.57,96.15,0
59,10,49.25,76.89,85.17,7.69,0.905,8264.34,94.55,0
60,1,48.88,70.56,78.35,6.67,0.907,7624.84,90.12,0
60,2,44.99,74.02,81.56,6.44,0.831,8919.25,96.21,0
60,3,43.88,79.2,85.93,6.13,0.772,6307.25,75.42,0
60,4,37.79,84.55,95.44,5.64,0.744,5153.26,66.14,0
60,5,22.86,87.56,93.03,5.77,0.662,5871.66,67.94,0
60,6,24.36,91.85,99.65,4.39,0.618,4064.2,53.4,0
60,7,20.19,97.2,109.33,3.64,0.59,1541.45,34.46,1
60,8,28.3,81.06,85.49,5.72,0.713,4754.97,62.09,1
60,9,52.69,73.63,79.8,8.32,0.909,8968.82,99.66,0
60,10,49.96,71.31,81.14,7.13,0.905,8502.45,96.22,0
61,1,54.56,65.59,75.81,7.53,0.877,8636.37,96.05,0
61,2,42.22,76.68,84.91,6.13,0.78,6454.82,76.75,0
61,3,37.65,89.15,94.95,5.14,0.695,5259.66,64.92,0
61,4,21.22,89.97,100.76,4.23,0.603,3602.78,49.53,1
61,5,41.68,83.33,95.54,5.44,0.702,5100.59,64.08,1
61,6,53.33,66.11,75.21,7.57,0.904,8660.08,97.3,0
61,7,53.08,69.24,77.35,7.9,0.927,9359.99,100.0,0
61,8,44.88,68.87,77.65,7.88,0.943,7026.86,87.34,0
61,9,49.06,66.86,74.21,7.02,0.911,8851.16,98.93,0
61,10,52.23,69.36,73.23,7.43,0.978,9261.96,100.0,0
62,1,48.32,69.73,77.27,7.01,0.913,8527.59,96.73,0
62,2,36.01,72.27,80.33,6.97,0.844,8183.84,91.54,0
62,3,42.75,74.37,85.5,6.13,0.768,6185.46,74.38,0
62,4,35.76,72.98,81.55,5.78,0.767,6044.61,73.33,0
62,5,30.42,85.78,90.91,5.17,0.719,4035.93,57.27,0
62,6,17.11,92.66,102.62,4.68,0.618,2809.71,44.54,0
62,7,16.0,94.3,99.5,3.53,0.595,2475.04,41.25,1
62,8,35.31,81.16,86.2,5.55,0.733,6387.71,74.4,1
62,9,53.12,70.85,75.16,6.75,0.917,8808.54,98.86,0
62,10,47.63,71.48,79.22,7.75,0.843,6890.92,82.38,0
63,1,46.62,69.5,80.17,6.55,0.905,8565.58,96.66,0
63,2,39.09,70.83,74.44,6.61,0.784,8317.86,90.09,0
63,3,34.8,82.59,89.37,6.54,0.739,6276.8,73.87,0
63,4,27.9,88.56,95.41,5.01,0.717,3348.84,52.33,0
63,5,20.59,94.06,102.67,5.3,0.66,4160.52,55.77,0
63,6,20.8,91.59,96.8,4.08,0.561,2368.39,39.17,1
63,7,33.63,79.88,87.76,5.85,0.733,4767.49,62.96,1
63,8,56.56,65.43,72.18,7.11,0.898,7314.99,87.57,0
63,9,40.89,66.95,74.51,7.29,0.915,7443.32,89.13,0
63,10,49.93,69.87,73.88,6.86,0.876,9032.05,98.79,0
64,1,50.26,74.64,80.07,8.48,0.911,7879.63,92.05,0
64,2,43.59,76.22,87.96,6.64,0.833,7353.78,85.23,0
64,3,39.13,79.43,81.85,6.6,0.79,7335.63,83.36,0
64,4,35.09,83.09,86.57,6.4,0.756,5615.95,69.87,0
64,5,33.51,81.75,91.66,6.68,0.697,4408.94,58.99,0
64,6,30.76,90.01,96.06,5.16,0.664,3605.24,52.02,0
64,7,24.0,95.48,101.68,4.82,0.644,3787.27,52.51,0
64,8,19.24,90.47,99.32,3.81,0.553,2259.65,38.07,1
64,9,33.81,85.06,90.09,6.2,0.707,5098.83,64.26,1
64,10,48.77,71.03,79.21,7.47,0.87,11153.2,100.0,0
65,1,49.23,69.38,78.05,7.35,0.888,8131.75,92.93,0
65,2,41.84,76.25,82.31,6.42,0.807,7001.77,81.7,0
65,3,42.25,80.77,91.04,6.23,0.725,5101.52,65.0,0
65,4,21.93,90.16,92.8,4.71,0.633,5420.96,63.58,0
65,5,18.48,98.83,104.0,4.66,0.603,1200.0,32.58,1
65,6,33.05,76.91,85.32,5.42,0.708,5656.95,68.25,1
65,7,51.67,69.32,79.58,7.27,0.936,9754.25,100.0,0
65,8,49.02,69.47,75.35,7.5,0.899,8925.56,98.98,0
65,9,48.71,73.8,77.32,7.58,0.86,7901.92,90.18,0
65,10,46.48,67.55,76.0,7.94,0.869,8494.5,94.71,0
66,1,51.25,69.88,78.55,6.9,0.921,9434.09,100.0,0
66,2,35.61,81.3,87.92,6.58,0.786,7230.26,82.5,0
66,3,35.48,84.93,93.42,5.64,0.647,3657.62,51.69,0
66,4,16.0,100.4,107.35,4.48,0.57,3199.86,45.4,1
66,5,36.34,82.75,89.36,6.1,0.766,4967.95,65.71,1
66,6,52.1,70.97,78.03,7.56,0.9,8500.91,96.02,0
66,7,46.45,67.25,75.67,7.89,0.901,7475.69,88.82,0
66,8,51.73,70.87,79.35,7.21,0.909,7443.84,88.92,0
66,9,50.37,70.9,78.84,6.97,0.883,9868.12,100.0,0
66,10,53.16,68.92,75.88,7.61,0.874,6723.74,82.44,0
67,1,40.58,72.95,80.32,6.2,0.885,6651.32,82.35,0
67,2,37.53,74.14,80.5,6.77,0.786,8862.93,94.0,0
67,3,32.55,79.77,85.06,6.74,0.768,6606.35,77.33,0
67,4,20.89,82.55,91.42,5.51,0.697,4565.87,60.12,0
67,5,16.8,88.27,95.6,4.78,0.665,3011.69,47.87,0
67,6,16.0,91.82,102.21,4.34,0.554,1831.01,35.07,1
67,7,26.53,83.72,90.55,5.44,0.699,4334.15,58.54,1
67,8,43.73,71.74,78.78,7.14,0.951,8801.44,100.0,0
67,9,48.97,75.88,84.96,7.38,0.882,6815.3,83.37,0
67,10,42.5,68.71,77.7,7.28,0.853,10134.5,100.0,0
68,1,53.96,68.78,75.09,7.15,0.862,9630.41,100.0,0
68,2,48.1,68.87,78.45,7.62,0.795,7373.03,83.84,0
68,3,49.8,80.9,93.29,6.58,0.717,6193.26,72.41,0
68,4,32.37,83.41,89.14,5.59,0.709,5184.44,64.94,0
68,5,24.38,86.61,92.68,4.74,0.655,2351.24,42.78,0
68,6,23.41,90.72,103.72,4.59,0.566,2879.49,42.98,1
68,7,37.98,81.13,89.43,6.61,0.742,5783.69,70.51,1
68,8,47.42,65.65,69.79,7.43,0.888,8465.26,95.26,0
68,9,57.38,63.79,76.6,7.25,0.876,9472.61,100.0,0
68,10,53.26,64.96,74.91,7.59,0.881,7720.06,89.75,0
69,1,43.97,68.69,76.58,7.27,0.892,5934.62,77.55,0
69,2,33.98,76.18,84.4,6.89,0.808,7399.55,84.55,0
69,3,26.9,84.85,92.59,5.9,0.734,5528.31,68.37,0
69,4,28.95,84.97,96.81,5.71,0.659,4698.48,59.51,0
69,5,21.54,92.96,97.12,5.23,0.612,1908.68,37.95,0
69,6,16.0,97.3,104.03,4.0,0.579,1200.0,31.65,1
69,7,32.67,86.98,96.11,5.59,0.694,5967.93,69.88,1
69,8,51.09,73.49,76.11,7.28,0.88,7743.81,89.84,0
69,9,49.78,73.14,85.39,7.32,0.921,9887.3,100.0,0
69,10,44.66,64.26,67.04,7.64,0.888,8479.72,95.37,0
70,1,50.07,66.47,77.3,7.42,0.898,8462.92,95.68,0
70,2,39.22,74.8,82.67,6.52,0.84,6774.91,81.43,0
70,3,27.71,79.04,84.67,5.7,0.699,6626.55,74.75,0
70,4,21.1,89.98,100.13,4.82,0.633,3826.59,52.34,0
70,5,21.69,92.41,99.27,3.96,0.558,4823.87,56.37,1
70,6,30.95,84.6,92.8,5.73,0.735,5198.14,66.1,1
70,7,51.3,65.98,72.27,6.92,0.862,9490.7,100.0,0
70,8,46.8,71.68,83.82,7.51,0.89,7886.99,91.28,0
70,9,51.77,68.45,76.24,7.21,0.909,7971.72,92.61,0
70,10,50.33,65.94,69.45,7.65,0.881,10417.7,100.0,0
71,1,46.82,74.5,76.45,7.51,0.878,7267.45,86.42,0
71,2,42.54,71.82,79.2,7.26,0.842,8333.09,92.49,0
71,3,38.73,74.39,83.03,7.09,0.792,7576.81,85.18,0
71,4,35.31,80.78,88.38,6.61,0.759,3962.38,58.34,0
71,5,28.34,84.23,90.4,5.74,0.648,3683.91,51.94,0
71,6,24.36,91.73,105.04,6.03,0.662,3582.29,51.76,0
71,7,16.56,89.96,95.92,5.48,0.61,4313.05,54.86,0
71,8,16.0,89.48,96.72,3.66,0.602,4099.55,53.01,1
71,9,37.49,82.88,84.37,4.72,0.668,3891.89,54.2,1
71,10,50.62,70.05,76.29,7.1,0.878,8615.67,95.94,0
72,1,53.48,77.56,88.74,7.63,0.868,7884.88,90.37,0
72,2,39.25,77.48,78.32,7.24,0.816,7299.99,84.15,0
72,3,33.44,84.14,92.61,6.03,0.754,7107.33,80.33,0
72,4,24.05,93.57,105.73,4.8,0.653,4661.3,59.02,0
72,5,16.28,99.36,108.49,4.45,0.615,2766.55,44.14,1
72,6,28.97,85.28,94.6,5.84,0.738,5878.81,71.0,1
72,7,50.66,74.09,87.12,7.03,0.928,8045.4,93.9,0
72,8,46.01,73.43,83.25,7.42,0.867,7615.6,88.42,0
72,9,46.34,73.9,81.46,6.95,0.936,8607.12,98.19,0
72,10,43.58,72.61,76.47,6.71,0.919,8375.06,95.89,0
73,1,48.39,71.22,79.59,7.44,0.87,8606.3,95.57,0
73,2,51.07,73.86,83.99,6.95,0.835,6847.2,81.72,0
73,3,45.84,73.74,79.83,7.17,0.803,7090.6,82.18,0
73,4,36.56,79.72,84.02,6.19,0.808,6419.62,77.62,0
73,5,28.0,87.54,93.14,6.3,0.709,4870.18,62.73,0
73,6,22.15,82.62,90.04,5.11,0.618,5119.55,60.84,0
73,7,24.31,86.29,93.23,4.85,0.629,2932.29,45.85,0
73,8,20.1,93.18,98.78,4.37,0.503,2888.4,40.5,1
73,9,29.81,81.52,90.98,5.23,0.745,5009.99,65.15,1
73,10,50.41,69.65,80.77,6.94,0.865,8172.02,92.29,0
74,1,54.41,67.06,75.06,8.15,0.897,8965.76,99.16,0
74,2,51.62,76.08,84.99,7.14,0.86,8097.97,91.54,0
74,3,42.41,77.9,88.68,7.01,0.799,6676.51,79.07,0
74,4,44.5,80.78,88.34,6.11,0.731,6515.41,75.23,0
74,5,33.77,84.95,92.63,5.72,0.688,5014.5,62.91,0
74,6,31.49,82.86,91.58,4.89,0.689,3725.93,53.85,0
74,7,22.5,90.04,95.85,5.17,0.649,5130.09,62.19,0
74,8,18.81,96.12,103.6,5.09,0.566,1437.48,32.77,1
74,9,36.18,81.65,91.25,6.23,0.734,3249.92,52.31,1
74,10,52.22,66.09,72.91,7.42,0.86,6882.33,82.97,0
75,1,42.08,66.79,71.26,7.52,0.893,7449.24,88.32,0
75,2,39.04,71.77,77.84,7.12,0.791,7687.12,85.9,0
75,3,31.92,77.63,84.69,5.95,0.734,5857.86,70.71,0
75,4,25.44,86.8,94.55,5.21,0.738,4888.42,64.03,0
75,5,18.38,86.92,100.0,4.99,0.621,4337.35,55.45,0
75,6,16.0,89.17,97.71,3.74,0.61,1659.78,36.13,1
75,7,29.37,80.14,89.24,5.55,0.719,4579.31,61.07,1
75,8,43.79,69.67,80.06,8.38,0.879,8042.38,91.93,0
75,9,45.7,69.51,75.19,7.47,0.932,7880.8,92.89,0
75,10,45.93,66.81,72.83,6.41,0.85,8811.99,96.22,0
76,1,51.18,70.46,75.28,7.16,0.878,10430.92,100.0,0
76,2,46.13,71.13,79.72,6.72,0.814,7286.32,83.98,0
76,3,33.87,80.26,90.62,5.75,0.735,5895.66,71.01,0
76,4,24.3,86.38,94.24,5.45,0.628,4122.7,54.22,0
76,5,24.55,85.52,92.45,5.18,0.627,3889.79,52.55,0
76,6,18.98,95.97,103.62,4.13,0.575,2934.45,43.73,1
76,7,28.71,78.6,86.63,5.1,0.712,6255.84,72.66,1
76,8,48.44,67.96,71.19,6.93,0.911,9250.28,100.0,0
76,9,54.68,68.53,80.73,6.92,0.876,10075.2,100.0,0
76,10,54.24,67.6,80.08,8.01,0.885,8750.4,97.17,0
77,1,42.13,72.68,82.35,7.61,0.877,7630.72,88.96,0
77,2,44.01,77.48,83.8,6.41,0.798,7795.0,86.96,0
77,3,24.43,88.12,98.87,5.8,0.74,5040.65,65.17,0
77,4,23.85,93.89,102.53,5.6,0.627,5125.93,61.25,0
77,5,16.0,94.97,100.96,3.56,0.577,4299.7,53.42,1
77,6,32.33,80.54,90.77,5.67,0.702,5644.08,67.92,1
77,7,44.56,71.09,77.91,7.08,0.899,6962.66,85.11,0
77,8,43.62,71.63,83.28,8.04,0.916,9665.4,100.0,0
77,9,41.57,76.98,84.03,7.63,0.831,6692.03,80.48,0
77,10,49.23,71.29,79.17,7.19,0.915,9060.64,100.0,0
78,1,38.71,68.41,71.93,7.69,0.917,8675.47,97.92,0
78,2,47.22,78.7,79.89,6.62,0.788,7406.74,83.8,0
78,3,31.97,83.32,88.22,5.55,0.717,5057.54,64.37,0
78,4,24.01,87.13,99.37,4.95,0.643,3724.05,52.01,0
78,5,20.34,98.61,106.16,3.54,0.61,1641.26,35.97,1
78,6,29.94,84.69,93.14,5.68,0.759,5559.49,69.61,1
78,7,50.13,69.92,77.14,7.44,0.858,9471.62,100.0,0
78,8,49.75,69.42,76.3,7.31,0.883,8125.86,92.69,0
78,9,51.1,69.84,76.95,7.24,0.887,9121.03,99.87,0
78,10,49.46,70.4,78.82,7.05,0.876,10124.71,100.0,0
79,1,44.63,69.66,77.41,7.48,0.878,8111.1,92.39,0
79,2,37.15,81.56,89.91,6.6,0.761,8633.44,91.39,0
79,3,31.29,82.45,89.3,6.02,0.805,6348.28,77.01,0
79,4,37.94,84.75,89.38,5.25,0.704,5235.51,65.12,0
79,5,27.1,93.68,96.25,5.45,0.654,4388.82,57.14,0
79,6,16.0,100.19,107.69,3.72,0.577,3314.42,46.48,1
79,7,28.44,81.69,88.08,5.7,0.788,6536.66,77.66,1
79,8,50.94,71.75,82.1,7.62,0.902,8383.47,95.24,0
79,9,48.89,74.74,85.64,7.16,0.881,8669.43,96.42,0
79,10,47.51,72.79,78.55,8.32,0.875,7627.49,88.83,0
80,1,52.14,75.71,81.98,6.91,0.934,9063.32,100.0,0
80,2,44.2,72.82,76.42,7.29,0.858,5234.77,71.28,0
80,3,38.45,77.61,85.0,6.54,0.766,6961.83,79.79,0
80,4,33.28,83.37,90.17,5.97,0.731,5365.69,67.11,0
80,5,33.99,82.87,87.44,5.36,0.643,4767.28,59.35,0
80,6,26.72,86.32,94.16,4.46,0.609,3394.37,48.32,0
80,7,16.0,97.49,106.59,4.17,0.544,1200.0,30.24,1
80,8,32.22,83.78,90.33,5.77,0.682,4473.05,58.85,1
80,9,52.2,74.54,86.2,6.92,0.823,8198.94,90.8,0
80,10,52.86,73.6,81.26,7.8,0.946,8503.47,97.88,0
81,1,54.39,71.36,81.92,7.59,0.878,8977.89,98.51,0
81,2,42.36,80.13,84.93,6.32,0.8,7350.18,83.89,0
81,3,42.28,80.16,88.68,5.82,0.795,6774.0,79.63,0
81,4,32.76,84.88,94.36,5.3,0.663,4015.41,54.85,0
81,5,29.36,94.11,100.46,4.39,0.674,4437.08,58.3,0
81,6,18.68,98.39,107.89,4.61,0.548,3994.14,50.12,1
81,7,31.29,80.6,87.37,5.65,0.724,4763.66,62.59,1
81,8,55.74,74.61,84.44,7.59,0.913,8940.18,99.62,0
81,9,56.98,71.86,81.58,7.45,0.87,8769.3,96.69,0
81,10,55.44,71.16,75.51,7.58,0.886,8345.19,94.33,0
82,1,44.86,72.9,80.07,7.32,0.815,8152.89,90.16,0
82,2,35.72,75.92,82.18,7.01,0.863,8897.95,97.35,0
82,3,36.6,84.64,88.06,6.4,0.807,7381.71,84.4,0
82,4,24.64,89.18,100.38,7.05,0.744,6151.67,73.2,0
82,5,25.28,85.67,90.85,6.07,0.681,5876.64,68.73,0
82,6,22.67,91.12,98.74,5.06,0.602,4132.13,53.24,0
82,7,16.63,95.62,108.64,5.65,0.568,4674.07,55.71,0
82,8,16.0,99.24,106.18,4.33,0.565,3048.21,44.11,1
82,9,32.25,87.05,99.47,5.98,0.715,6436.66,74.03,1
82,10,44.64,75.85,83.71,7.27,0.876,10006.08,100.0,0
83,1,47.61,73.08,81.33,7.49,0.916,9774.19,100.0,0
83,2,43.15,75.44,84.38,5.78,0.804,8708.28,93.62,0
83,3,39.37,83.8,86.64,6.41,0.792,5264.73,68.84,0
83,4,33.19,85.69,94.14,5.67,0.747,3572.51,55.09,0
83,5,30.62,88.98,98.66,4.74,0.656,3267.07,49.32,0
83,6,22.12,95.43,99.13,4.87,0.658,4056.0,54.95,0
83,7,19.21,98.24,105.68,4.92,0.567,5262.24,59.84,1
83,8,28.29,83.75,95.79,5.45,0.753,4900.67,64.73,1
83,9,46.87,68.91,78.58,7.46,0.855,8269.65,92.59,0
83,10,49.56,68.65,79.46,6.92,0.856,7083.6,84.26,0
84,1,43.92,70.32,79.81,8.02,0.845,7285.61,85.23,0
84,2,42.89,75.83,83.87,7.15,0.805,7207.06,83.07,0
84,3,38.0,86.32,91.33,6.43,0.837,5121.4,69.62,0
84,4,25.78,83.57,92.89,5.45,0.686,2927.31,48.1,0
84,5,25.83,95.36,103.0,4.58,0.609,2712.99,43.52,0
84,6,16.0,93.8,111.9,4.2,0.549,3493.54,46.62,1
84,7,20.93,82.34,90.24,5.77,0.704,7374.76,80.21,1
84,8,50.76,72.84,82.38,8.05,0.932,6997.28,86.69,0
84,9,47.64,73.18,81.42,7.28,0.924,8102.6,94.16,0
84,10,47.2,73.16,83.99,6.64,0.886,8129.16,92.81,0
85,1,42.36,71.34,81.59,7.7,0.87,9085.09,98.95,0
85,2,45.8,74.71,84.31,7.08,0.887,9553.58,100.0,0
85,3,37.99,77.04,84.7,6.43,0.765,7521.08,83.67,0
85,4,31.55,79.99,85.88,5.48,0.691,4637.82,60.39,0
85,5,24.49,90.4,97.7,4.83,0.718,3677.99,54.68,0
85,6,27.08,91.7,98.64,4.5,0.673,3813.35,53.85,0
85,7,16.0,99.13,108.49,4.43,0.542,2707.0,40.81,1
85,8,27.07,80.52,83.51,5.17,0.755,6787.82,78.1,1
85,9,50.65,70.29,74.62,7.19,0.889,7801.8,90.61,0
85,10,47.04,68.28,74.93,7.71,0.922,7288.27,88.32,0
86,1,51.36,74.1,82.8,7.46,0.916,8108.66,93.88,0
86,2,38.93,74.65,84.39,7.13,0.848,7633.57,87.81,0
86,3,33.43,81.43,90.71,6.34,0.728,8080.49,86.17,0
86,4,28.08,85.46,92.72,5.2,0.713,5076.4,64.36,0
86,5,25.08,97.24,106.72,4.87,0.641,3920.79,53.3,0
86,6,28.08,99.09,109.64,4.98,0.614,4540.86,56.61,1
86,7,41.59,84.84,90.76,5.98,0.702,5585.61,67.49,1
86,8,54.23,70.11,80.39,7.17,0.89,7028.86,85.21,0
86,9,52.02,71.62,80.94,7.99,0.899,8890.69,98.73,0
86,10,53.43,76.6,82.74,7.02,0.905,8213.69,94.19,0
87,1,53.91,67.63,75.37,7.38,0.903,6674.51,83.23,0
87,2,47.83,73.78,83.79,6.4,0.867,8078.89,91.7,0
87,3,38.65,76.09,82.15,6.14,0.77,7160.53,81.35,0
87,4,34.55,79.63,87.05,5.03,0.764,6166.88,74.1,0
87,5,27.5,80.17,90.57,6.22,0.65,4916.3,60.72,0
87,6,24.73,85.7,93.5,4.66,0.587,3173.95,45.87,0
87,7,18.51,93.43,104.34,3.82,0.623,2254.5,40.81,1
87,8,34.04,80.44,90.37,5.51,0.735,6297.08,73.86,1
87,9,51.91,66.14,82.41,7.04,0.821,9392.09,99.12,0
87,10,49.22,65.96,79.74,7.78,0.857,8646.21,95.3,0
88,1,54.32,71.87,83.16,7.61,0.816,7896.58,88.38,0
88,2,48.48,70.5,81.56,6.78,0.876,8782.42,97.05,0
88,3,42.33,79.25,90.31,5.92,0.729,5830.14,70.33,0
88,4,35.47,78.44,87.95,5.54,0.783,6087.28,74.3,0
88,5,38.23,85.0,92.64,5.22,0.705,4770.69,61.89,0
88,6,28.98,85.84,93.93,5.76,0.697,4866.88,62.23,0
88,7,23.73,90.16,101.35,4.66,0.585,3902.65,50.93,0
88,8,16.74,94.44,103.01,4.35,0.599,1200.0,32.43,1
88,9,38.56,76.22,81.26,5.76,0.746,5439.92,68.24,1
88,10,51.54,66.81,77.91,7.11,0.901,10993.51,100.0,0
89,1,40.73,74.05,82.83,7.52,0.877,7181.1,85.75,0
89,2,40.86,80.24,86.47,7.12,0.835,8678.56,94.66,0
89,3,32.25,77.15,86.66,6.86,0.774,5023.92,66.42,0
89,4,29.76,82.58,91.55,6.37,0.72,6901.8,77.51,0
89,5,21.75,90.87,99.4,5.15,0.722,3669.54,54.79,0
89,6,17.92,93.41,100.11,3.73,0.572,3958.08,50.84,0
89,7,16.0,97.88,106.68,3.92,0.569,3570.97,47.95,1
89,8,27.88,84.4,94.08,5.89,0.719,6466.79,74.4,1
89,9,45.53,69.98,76.4,7.1,0.885,8419.81,94.82,0
89,10,43.85,71.62,80.42,6.98,0.915,7842.56,91.95,0
90,1,38.07,74.25,83.05,7.57,0.885,8500.61,95.39,0
90,2,32.95,77.76,89.78,7.0,0.863,9061.86,98.49,0
90,3,33.57,83.77,92.55,5.65,0.815,5419.01,70.84,0
90,4,20.91,88.32,98.44,6.03,0.701,5263.69,65.21,0
90,5,16.0,98.11,108.19,5.17,0.628,3450.03,49.46,0
90,6,16.0,96.67,103.56,4.48,0.54,2347.01,38.16,1
90,7,29.15,85.47,91.84,5.99,0.737,5363.04,67.32,1
90,8,44.87,72.97,86.65,7.17,0.919,9438.97,100.0,0
90,9,40.5,75.14,82.9,7.88,0.902,7970.28,92.34,0
90,10,41.58,75.44,86.4,7.53,0.921,7636.23,90.73,0
91,1,44.11,74.16,85.26,7.32,0.906,7737.9,90.86,0
91,2,46.13,71.55,80.15,7.26,0.867,6541.07,80.85,0
91,3,41.14,77.12,82.48,5.79,0.752,7974.24,86.36,0
91,4,35.47,85.09,89.51,6.41,0.737,4411.76,60.63,0
91,5,28.55,82.11,88.44,6.13,0.704,4292.05,58.44,0
91,6,28.36,89.93,97.14,4.91,0.749,5362.13,67.83,0
91,7,25.58,90.36,97.33,5.11,0.673,1210.52,35.45,0
91,8,19.29,93.96,103.05,4.39,0.49,2925.88,40.25,1
91,9,29.86,82.23,93.63,6.36,0.749,5088.95,65.89,1
91,10,44.98,66.2,72.42,6.87,0.896,10882.7,100.0,0
92,1,58.57,75.24,84.88,7.23,0.915,8943.72,99.74,0
92,2,43.89,75.61,85.52,7.62,0.86,6785.64,82.31,0
92,3,43.13,77.89,84.18,6.66,0.799,3799.04,58.77,0
92,4,32.95,85.4,95.29,5.93,0.729,5481.03,67.86,0
92,5,26.62,85.55,89.8,4.92,0.642,5641.9,65.51,0
92,6,22.96,95.74,105.24,4.91,0.607,3037.15,45.74,0
92,7,16.48,93.71,102.75,3.94,0.614,2337.12,41.06,1
92,8,45.61,81.81,88.83,5.69,0.709,6078.54,71.27,1
92,9,50.81,70.62,81.27,7.43,0.894,8449.4,95.41,0
92,10,52.7,73.43,86.83,7.03,0.869,7257.55,85.98,0
93,1,47.65,71.41,79.95,7.42,0.882,8232.11,93.4,0
93,2,37.43,71.31,84.6,6.73,0.838,7774.93,88.4,0
93,3,43.22,79.02,88.2,6.34,0.719,6772.37,76.56,0
93,4,34.8,77.87,90.17,5.77,0.804,6360.02,77.06,0
93,5,21.0,88.07,95.15,4.97,0.649,4895.3,60.52,0
93,6,21.91,91.23,94.78,4.93,0.618,4989.09,59.94,0
93,7,16.0,89.86,96.72,5.11,0.58,1365.76,32.84,1
93,8,26.99,79.11,85.38,5.46,0.691,4317.01,58.11,1
93,9,44.15,66.48,76.23,6.73,0.922,9532.56,100.0,0
93,10,45.47,67.51,80.55,6.79,0.864,10205.95,100.0,0
94,1,52.98,69.27,80.48,7.91,0.875,6513.7,80.98,0
94,2,42.37,75.25,83.42,6.81,0.829,7658.31,87.22,0
94,3,40.22,85.45,91.58,6.26,0.735,7564.78,82.81,0
94,4,28.19,86.07,95.81,6.37,0.689,5278.05,64.8,0
94,5,22.73,84.5,95.95,5.36,0.644,2924.34,46.42,0
94,6,18.52,92.7,104.84,4.29,0.589,3950.45,51.43,1
94,7,34.28,82.77,90.39,5.68,0.751,5619.92,69.72,1
94,8,50.86,62.84,68.51,7.27,0.844,8714.89,95.29,0
94,9,56.05,67.54,73.92,7.28,0.878,9986.84,100.0,0
94,10,47.8,68.94,81.35,7.16,0.833,8146.41,90.83,0
95,1,52.5,64.83,74.24,7.89,0.889,7880.4,91.19,0
95,2,38.71,81.46,89.44,7.39,0.801,7237.97,83.13,0
95,3,33.47,75.87,86.08,6.35,0.754,5760.85,70.84,0
95,4,24.64,80.88,89.5,5.11,0.718,5295.36,66.09,0
95,5,23.58,90.59,101.94,4.99,0.589,3836.5,50.63,0
95,6,16.0,96.13,101.73,4.42,0.553,3381.59,45.99,1
95,7,24.43,83.66,89.35,6.52,0.745,4096.79,58.7,1
95,8,42.54,72.53,81.32,7.85,0.903,8043.15,92.88,0
95,9,46.69,68.79,77.31,7.45,0.944,8167.84,95.43,0
95,10,40.4,70.54,73.27,7.14,0.89,9656.88,100.0,0
96,1,43.91,67.78,74.78,6.95,0.907,8799.96,98.4,0
96,2,38.82,83.01,93.31,6.18,0.796,4075.86,60.62,0
96,3,28.19,82.94,89.64,5.44,0.709,5360.71,66.22,0
96,4,16.71,90.48,92.67,4.96,0.547,1347.47,31.37,1
96,5,36.65,82.64,92.53,5.83,0.743,4789.28,63.54,1
96,6,48.19,73.72,80.24,6.68,0.867,9882.92,100.0,0
96,7,43.81,73.88,78.68,6.99,0.849,7974.32,90.26,0
96,8,45.28,75.8,81.76,7.37,0.91,9993.22,100.0,0
96,9,53.5,71.27,76.33,7.29,0.852,9403.01,100.0,0
96,10,57.05,72.26,74.08,7.43,0.84,8097.97,90.75,0
97,1,50.07,69.66,78.36,8.03,0.91,7561.87,89.78,0
97,2,38.02,83.87,90.48,6.78,0.777,5866.29,72.48,0
97,3,32.97,79.57,89.58,5.76,0.758,7441.31,82.85,0
97,4,32.27,88.97,93.71,5.19,0.705,2688.62,47.17,0
97,5,22.54,89.55,99.65,4.18,0.615,1527.49,35.37,0
97,6,19.15,98.28,105.79,3.95,0.546,3210.66,44.51,1
97,7,36.14,79.87,91.85,6.04,0.75,5869.19,71.45,1
97,8,44.8,68.68,74.95,7.2,0.85,8723.52,95.59,0
97,9,45.17,73.97,85.77,7.33,0.907,8360.98,95.29,0
97,10,47.57,68.48,75.71,7.11,0.898,9546.58,100.0,0
98,1,42.7,68.63,76.91,7.24,0.88,8532.38,95.43,0
98,2,42.92,75.35,83.28,6.82,0.867,9679.09,100.0,0
98,3,44.91,74.84,85.14,6.17,0.806,8286.36,90.74,0
98,4,27.54,82.75,88.41,6.63,0.726,6336.82,73.78,0
98,5,26.44,84.05,89.78,5.64,0.698,3940.91,55.74,0
98,6,26.01,86.89,98.17,4.47,0.627,3451.4,49.43,0
98,7,16.38,90.77,99.2,5.15,0.647,1210.3,34.42,0
98,8,22.2,93.54,99.19,3.75,0.57,4173.78,52.27,1
98,9,37.44,79.84,85.14,5.61,0.76,4656.01,63.28,1
98,10,40.9,72.02,83.2,7.91,0.882,8320.33,94.01,0
99,1,41.59,65.81,73.82,7.36,0.919,9149.6,100.0,0
99,2,37.98,73.7,80.53,6.75,0.812,6574.68,78.89,0
99,3,36.66,75.29,76.64,6.28,0.799,6097.68,75.0,0
99,4,37.86,79.19,85.04,5.81,0.784,6552.76,77.62,0
99,5,28.38,86.54,88.13,5.95,0.712,2195.59,43.99,0
99,6,22.11,81.07,84.12,4.94,0.712,4078.58,57.27,0
99,7,21.01,92.42,101.03,4.22,0.585,1200.0,31.89,0
99,8,16.0,93.5,99.73,4.56,0.57,1309.5,32.05,1
99,9,31.76,86.21,95.26,5.35,0.738,4389.72,60.5,1
99,10,48.81,69.27,78.23,7.22,0.901,10928.35,100.0,0
100,1,45.62,79.31,87.03,8.17,0.899,8530.03,96.18,0
100,2,43.09,79.05,87.59,6.55,0.85,6261.27,78.2,0
100,3,39.41,81.16,92.19,6.03,0.796,4897.15,66.4,0
100,4,34.32,91.16,99.79,5.4,0.701,3285.62,51.25,0
100,5,22.34,96.46,107.21,4.73,0.64,4012.97,53.92,0
100,6,16.0,97.94,104.97,3.64,0.578,3193.4,45.67,1
100,7,32.37,85.99,91.38,5.26,0.763,5962.54,72.6,1
100,8,48.59,73.39,81.63,7.11,0.895,9106.94,100.0,0
100,9,43.48,74.44,80.37,7.0,0.903,7161.28,86.67,0
100,10,47.06,74.58,78.12,7.31,0.876,7752.22,89.76,0
101,1,42.29,66.16,71.81,7.49,0.921,9371.53,100.0,0
101,2,43.98,74.74,80.85,7.49,0.826,7327.57,84.75,0
101,3,28.75,77.9,82.46,5.86,0.777,7129.64,81.41,0
101,4,29.2,81.9,91.33,4.74,0.645,5411.14,63.98,0
101,5,16.21,90.18,96.25,5.14,0.645,3649.89,51.56,0
101,6,16.0,98.94,110.1,4.37,0.551,3931.66,49.78,1
101,7,28.38,81.69,91.12,5.62,0.751,5206.55,66.78,1
101,8,50.6,69.4,75.14,7.83,0.898,8309.31,94.58,0
101,9,38.7,63.74,75.55,6.65,0.853,9032.73,97.88,0
101,10,46.28,66.74,74.73,7.28,0.828,7685.24,87.37,0
102,1,47.15,65.86,69.44,6.82,0.835,7426.82,85.82,0
102,2,46.42,71.98,76.48,6.34,0.804,8514.25,92.25,0
102,3,30.34,85.22,91.61,5.97,0.758,5206.94,67.08,0
102,4,23.16,89.68,94.83,5.09,0.637,5741.05,66.02,0
102,5,22.76,92.22,103.36,4.36,0.56,3117.84,44.42,1
102,6,36.05,84.75,92.56,6.86,0.723,6164.28,72.44,1
102,7,48.92,69.81,81.24,8.18,0.902,7765.92,90.88,0
102,8,51.81,72.29,76.8,7.56,0.887,9078.45,99.56,0
102,9,48.98,69.63,77.29,7.37,0.863,9141.01,99.05,0
102,10,56.11,72.04,79.43,7.42,0.873,7115.4,85.16,0
103,1,52.3,71.66,82.39,7.36,0.834,7673.96,87.54,0
103,2,33.66,76.45,88.0,6.98,0.812,5435.79,70.84,0
103,3,28.79,82.19,91.39,5.89,0.74,5176.1,66.13,0
103,4,21.07,89.4,98.51,4.98,0.613,3866.65,51.82,0
103,5,16.0,95.12,103.57,4.48,0.641,2005.5,39.81,1
103,6,32.79,81.36,87.55,5.54,0.686,4441.62,58.81,1
103,7,42.85,73.39,80.24,7.36,0.863,7841.52,89.85,0
103,8,40.09,73.31,83.62,7.32,0.936,8696.62,98.83,0
103,9,51.44,72.09,83.45,7.37,0.867,7520.12,87.76,0
103,10,47.75,72.02,81.48,7.14,0.896,7884.84,91.51,0
104,1,47.9,72.92,83.94,7.35,0.864,7694.95,88.88,0
104,2,44.65,83.24,94.17,6.93,0.855,6994.8,83.58,0
104,3,37.2,79.78,88.93,6.9,0.82,5444.31,71.24,0
104,4,34.9,88.45,94.18,5.62,0.764,5334.07,68.22,0
104,5,29.27,87.91,95.86,5.04,0.714,4615.87,61.16,0
104,6,20.95,96.52,103.76,5.02,0.625,4178.72,54.51,0
104,7,16.0,92.95,104.21,3.94,0.58,1200.0,31.69,1
104,8,35.83,82.21,92.26,5.85,0.736,5733.04,69.9,1
104,9,47.49,76.45,86.24,7.17,0.867,10020.03,100.0,0
104,10,47.85,72.78,76.63,7.82,0.913,9462.38,100.0,0
105,1,47.47,71.19,77.72,6.83,0.87,9048.46,98.67,0
105,2,40.38,71.7,76.79,7.26,0.835,7269.5,84.7,0
105,3,36.48,77.37,82.13,6.51,0.761,6957.88,79.55,0
105,4,31.45,79.16,88.27,5.37,0.747,4662.24,62.8,0
105,5,28.2,86.73,99.76,5.38,0.679,5265.8,64.33,0
105,6,23.48,91.73,101.81,5.18,0.621,3349.17,48.48,0
105,7,19.7,95.66,101.02,3.9,0.559,1200.0,30.82,1
105,8,28.21,78.94,86.94,5.88,0.734,6355.12,74.22,1
105,9,46.66,69.55,76.32,7.66,0.877,6487.73,80.87,0
105,10,47.37,69.3,71.95,7.69,0.869,6983.66,84.07,0
106,1,47.77,67.24,77.02,7.37,0.878,7797.55,90.16,0
106,2,42.99,76.76,85.5,7.07,0.869,8689.62,96.11,0
106,3,40.71,76.93,86.39,5.98,0.853,8501.95,94.13,0
106,4,32.91,91.67,97.65,5.94,0.727,5715.43,69.42,0
106,5,24.72,81.99,94.79,5.55,0.726,3535.66,53.99,0
106,6,22.91,87.56,98.47,5.69,0.686,3897.94,54.96,0
106,7,18.65,90.8,95.29,4.64,0.59,2930.01,44.29,0
106,8,16.0,93.78,101.07,3.84,0.535,3376.88,45.26,1
106,9,32.33,82.04,90.79,5.77,0.739,6029.97,72.12,1
106,10,47.2,73.78,83.79,7.56,0.893,9521.72,100.0,0
107,1,54.37,68.69,75.29,7.04,0.913,6995.64,85.89,0
107,2,49.92,66.83,73.5,7.17,0.862,5777.84,75.28,0
107,3,41.72,74.13,80.68,6.46,0.838,6175.57,77.13,0
107,4,37.44,78.53,81.74,6.65,0.788,4617.52,64.11,0
107,5,34.62,84.53,90.82,5.85,0.683,4563.78,59.53,0
107,6,33.18,88.91,94.76,5.34,0.685,2263.73,43.37,0
107,7,20.16,90.71,100.68,5.13,0.614,3780.21,51.24,0
107,8,24.71,93.75,100.64,4.36,0.576,2462.69,40.42,1
107,9,41.67,80.03,85.67,5.54,0.768,5419.59,68.96,1
107,10,47.91,68.52,76.82,7.22,0.842,6608.59,80.32,0
108,1,53.81,73.37,77.45,7.56,0.869,8829.79,97.07,0
108,2,45.31,72.09,81.6,7.57,0.854,6743.26,81.74,0
108,3,42.65,79.57,85.92,6.35,0.775,7709.57,85.42,0
108,4,36.28,78.71,86.96,6.06,0.754,6204.82,73.96,0
108,5,33.91,87.83,97.16,5.27,0.732,5291.19,66.65,0
108,6,26.33,91.76,100.28,4.95,0.638,3145.23,47.73,0
108,7,27.81,89.74,96.33,4.43,0.621,2953.0,45.68,0
108,8,16.4,98.05,108.12,3.89,0.585,3651.19,49.16,1
108,9,37.12,84.62,89.78,5.84,0.662,4509.84,58.32,1
108,10,48.49,74.0,81.53,7.25,0.914,10098.94,100.0,0
109,1,45.74,76.7,80.41,7.6,0.859,9536.47,100.0,0
109,2,45.61,73.6,83.63,6.53,0.799,7240.98,83.07,0
109,3,41.2,84.36,96.4,6.1,0.771,6086.3,73.79,0
109,4,32.36,89.3,95.6,5.92,0.742,3568.59,54.85,0
109,5,29.54,84.88,93.3,5.73,0.712,3236.57,51.35,0
109,6,21.44,93.36,104.12,4.55,0.578,2886.26,43.48,0
109,7,22.94,97.08,105.38,4.18,0.54,3340.32,45.19,1
109,8,33.66,86.86,96.95,5.5,0.726,6966.6,78.21,1
109,9,49.73,74.42,82.57,7.24,0.927,8140.13,94.55,0
109,10,48.56,74.61,79.51,7.2,0.926,8564.98,97.5,0
110,1,51.0,70.88,83.81,6.66,0.873,7575.67,88.39,0
110,2,38.06,76.53,89.18,6.11,0.762,6722.51,77.94,0
110,3,30.12,88.0,97.6,4.92,0.659,5452.95,64.87,0
110,4,19.43,88.9,94.26,3.68,0.549,2898.41,42.4,1
110,5,35.85,84.52,91.09,6.42,0.702,5538.02,67.17,1
110,6,47.49,72.81,80.55,7.09,0.904,8156.53,93.75,0
110,7,53.53,72.6,83.76,7.65,0.878,7806.65,90.23,0
110,8,52.18,71.43,79.99,7.34,0.907,7590.51,89.87,0
110,9,50.37,70.98,75.65,6.86,0.922,9053.56,100.0,0
110,10,52.08,71.13,73.88,7.61,0.874,8037.09,91.7,0
111,1,52.23,66.81,71.44,7.25,0.859,7591.97,87.94,0
111,2,43.18,73.6,84.58,6.56,0.869,7328.93,86.51,0
111,3,33.29,78.0,85.99,6.28,0.747,5450.56,68.35,0
111,4,29.72,83.21,87.84,5.09,0.699,4882.72,62.43,0
111,5,20.28,93.34,98.82,4.59,0.617,1787.23,37.3,0
111,6,16.0,93.92,101.82,3.97,0.538,1586.81,32.73,1
111,7,33.83,78.51,87.65,7.06,0.75,2559.37,48.08,1
111,8,47.28,69.9,79.84,7.51,0.881,8467.38,95.0,0
111,9,48.76,73.52,80.24,6.75,0.851,8432.7,93.57,0
111,10,54.76,73.18,81.78,7.01,0.891,7935.68,91.66,0
112,1,48.35,68.02,73.8,7.49,0.89,8491.08,95.54,0
112,2,47.08,72.74,82.32,7.06,0.855,7243.28,85.31,0
112,3,39.82,73.17,84.83,6.72,0.818,6171.35,76.26,0
112,4,38.16,78.05,83.15,5.36,0.719,5248.88,65.8,0
112,5,36.51,84.9,95.14,5.18,0.744,4619.68,62.37,0
112,6,23.2,91.15,98.73,4.91,0.655,4354.82,56.94,0
112,7,18.23,90.06,96.87,4.8,0.571,3869.22,50.16,0
112,8,16.56,97.52,103.82,4.8,0.57,2038.59,37.19,1
112,9,34.54,85.88,95.02,5.64,0.746,6445.73,75.34,1
112,10,44.79,69.58,77.08,7.36,0.844,9146.13,98.32,0
113,1,54.36,71.31,73.29,7.61,0.907,9804.7,100.0,0
113,2,48.07,77.8,86.54,6.96,0.826,6706.24,80.38,0
113,3,37.71,79.48,90.43,6.69,0.81,6466.22,78.05,0
113,4,41.04,83.15,92.38,6.44,0.738,6489.06,75.34,0
113,5,35.14,80.03,86.81,5.57,0.697,5034.53,63.43,0
113,6,31.29,87.99,94.86,5.13,0.667,4520.15,58.57,0
113,7,20.87,94.75,103.13,5.24,0.599,1797.57,36.65,0
113,8,20.03,96.65,102.59,3.8,0.516,3514.57,45.43,1
113,9,35.45,85.73,95.25,5.79,0.729,3865.58,56.45,1
113,10,52.08,71.06,71.4,7.17,0.884,7930.33,91.34,0
114,1,52.33,72.97,83.94,6.9,0.862,8341.75,93.38,0
114,2,50.8,73.81,81.68,7.11,0.827,9004.54,96.65,0
114,3,42.02,78.85,89.54,5.93,0.694,5337.72,65.45,0
114,4,32.02,87.78,99.94,5.62,0.733,6199.6,73.08,0
114,5,29.07,87.35,97.89,5.23,0.598,4598.81,56.38,0
114,6,19.33,95.73,100.67,4.48,0.598,1578.56,35.06,1
114,7,36.94,76.37,85.52,5.8,0.735,5246.43,66.41,1
114,8,48.85,65.64,75.2,8.08,0.899,7859.48,91.42,0
114,9,51.64,67.52,77.9,7.15,0.832,7198.58,84.09,0
114,10,53.79,72.27,82.8,6.95,0.881,8569.34,95.73,0
115,1,56.29,72.11,79.89,7.81,0.94,9324.94,100.0,0
115,2,43.47,76.28,86.28,7.09,0.843,6514.47,79.71,0
115,3,37.12,83.65,94.25,6.1,0.792,6325.71,76.34,0
115,4,38.55,82.75,88.41,5.7,0.76,4708.04,63.62,0
115,5,31.13,85.84,94.75,5.36,0.711,4604.54,60.95,0
115,6,29.53,85.07,98.28,5.11,0.619,3668.4,50.65,0
115,7,21.93,99.04,104.84,4.07,0.555,1635.41,33.74,1
115,8,31.59,83.76,92.62,6.17,0.719,5166.21,65.23,1
115,9,44.82,72.75,79.44,7.33,0.855,7080.74,84.17,0
115,10,48.55,73.47,83.86,6.75,0.858,7543.79,87.59,0
116,1,39.92,70.82,77.84,7.45,0.884,8667.15,96.54,0
116,2,42.34,70.68,79.76,7.35,0.784,8259.82,89.66,0
116,3,30.65,75.34,81.12,6.3,0.774,6144.38,74.34,0
116,4,31.99,79.55,89.78,5.83,0.74,5417.46,67.82,0
116,5,27.89,91.03,97.82,5.35,0.694,5252.55,64.85,0
116,6,22.24,89.74,97.15,4.05,0.633,2937.96,46.04,0
116,7,21.86,95.49,103.83,4.37,0.564,1484.07,33.05,1
116,8,34.71,78.08,85.03,5.86,0.752,5700.94,70.33,1
116,9,48.29,69.39,73.68,7.24,0.897,8435.84,95.43,0
116,10,47.07,72.59,84.15,7.88,0.894,8907.33,98.65,0
117,1,53.74,68.3,78.57,8.18,0.925,8256.37,95.28,0
117,2,43.06,73.13,80.47,7.32,0.845,6395.61,78.93,0
117,3,40.35,75.91,87.92,6.06,0.814,5917.76,74.32,0
117,4,37.93,77.44,86.7,5.47,0.68,6364.15,72.13,0
117,5,24.96,80.79,88.3,5.77,0.675,4628.97,59.67,0
117,6,20.91,90.69,95.23,4.09,0.617,3723.77,50.98,0
117,7,22.82,94.15,102.51,4.52,0.577,4847.72,57.29,1
117,8,41.14,80.4,89.73,5.85,0.747,6887.44,78.51,1
117,9,45.18,66.73,72.04,7.22,0.915,8681.24,97.89,0
117,10,49.52,69.95,78.63,6.52,0.88,7152.72,85.67,0
118,1,50.97,70.23,77.02,7.59,0.883,8395.72,94.59,0
118,2,43.59,75.66,81.86,6.9,0.841,6947.61,82.66,0
118,3,40.39,76.03,83.8,6.0,0.78,5395.31,69.3,0
118,4,36.95,86.03,90.64,5.36,0.707,6240.78,72.35,0
118,5,21.08,87.09,98.0,5.25,0.573,5100.2,58.93,0
118,6,22.18,94.65,102.56,3.71,0.523,5004.99,56.23,1
118,7,36.08,79.97,89.75,5.99,0.739,5104.77,65.58,1
118,8,48.8,73.69,75.65,7.45,0.85,9230.29,99.14,0
118,9,52.73,73.88,83.79,7.22,0.839,8897.42,96.38,0
118,10,55.65,68.44,77.96,7.6,0.935,7218.6,88.37,0
119,1,50.2,68.25,74.4,7.68,0.889,9038.12,99.34,0
119,2,43.64,71.42,82.06,6.5,0.833,7639.95,87.26,0
119,3,41.06,73.97,82.47,6.13,0.833,6924.92,82.22,0
119,4,40.07,76.53,84.0,6.03,0.774,7164.31,81.54,0
119,5,37.52,81.19,85.68,6.27,0.686,5189.98,64.08,0
119,6,26.0,88.69,95.1,5.02,0.617,4902.01,59.28,0
119,7,32.14,90.28,100.9,4.76,0.57,3458.69,47.22,0
119,8,19.14,83.76,87.25,3.91,0.562,2090.8,37.26,1
119,9,41.24,82.34,91.11,6.04,0.741,7480.77,82.44,1
119,10,53.39,70.75,81.93,6.62,0.896,9078.35,99.93,0
120,1,46.91,70.46,82.61,6.75,0.897,8459.22,95.57,0
120,2,40.23,75.53,83.69,6.23,0.819,6553.03,79.01,0
120,3,38.52,73.26,78.77,6.5,0.793,7358.26,83.66,0
120,4,36.68,82.35,93.97,5.77,0.714,5622.43,68.23,0
120,5,29.11,89.99,99.91,4.97,0.61,6032.75,66.97,0
120,6,23.78,96.64,103.43,5.01,0.624,3488.62,49.58,0
120,7,23.39,100.12,110.2,3.81,0.582,2273.88,39.31,1
120,8,31.49,79.07,86.98,6.39,0.7,5784.32,68.82,1
120,9,47.07,74.61,82.9,6.52,0.882,9387.94,100.0,0
120,10,57.1,69.89,79.9,6.83,0.904,7341.66,88.0,0
121,1,52.01,65.16,74.37,7.11,0.875,9106.83,99.27,0
121,2,46.03,74.06,83.78,7.03,0.853,7352.5,86.03,0
121,3,42.29,80.17,90.57,5.75,0.831,4697.45,66.39,0
121,4,35.02,87.83,93.38,5.44,0.699,4981.69,63.11,0
121,5,26.22,88.44,91.44,4.63,0.64,3841.71,52.73,0
121,6,16.0,92.72,100.23,4.01,0.589,1200.0,32.02,1
121,7,33.12,82.06,87.74,6.05,0.768,6752.97,78.37,1
121,8,49.15,70.88,79.78,7.61,0.894,7821.99,90.98,0
121,9,55.59,70.95,78.37,7.03,0.883,8833.98,97.67,0
121,10,48.22,68.44,77.99,7.53,0.889,9133.27,100.0,0
122,1,46.05,70.83,78.25,6.74,0.864,7941.05,90.62,0
122,2,43.06,68.34,77.64,7.27,0.844,6277.58,78.09,0
122,3,40.73,80.11,90.81,7.13,0.822,7015.41,82.42,0
122,4,27.83,82.62,93.09,5.42,0.735,5672.55,69.43,0
122,5,28.65,81.92,88.69,4.64,0.64,6253.79,69.73,0
122,6,26.97,86.43,96.11,4.79,0.632,3176.73,47.71,0
122,7,16.63,94.32,98.63,4.8,0.573,3279.2,46.08,1
122,8,34.28,82.39,93.14,6.0,0.731,5015.29,64.63,1
122,9,51.36,71.64,78.22,7.14,0.877,8245.63,93.29,0
122,10,51.18,63.47,71.33,7.3,0.913,8553.9,96.9,0
123,1,50.21,73.06,82.28,7.13,0.915,9280.28,100.0,0
123,2,41.65,76.73,87.72,6.37,0.816,5810.72,73.66,0
123,3,30.99,83.39,93.13,5.15,0.685,6631.82,74.21,0
123,4,27.32,92.82,100.94,3.68,0.57,1200.0,31.27,1
123,5,37.83,81.68,91.14,6.37,0.653,5127.9,62.33,1
123,6,54.8,69.91,72.01,7.0,0.904,9176.6,100.0,0
123,7,52.21,69.3,77.69,7.83,0.895,7441.66,88.32,0
123,8,45.97,68.15,78.82,7.38,0.885,9194.0,100.0,0
123,9,59.64,66.16,73.23,7.15,0.882,9704.25,100.0,0
123,10,53.16,64.92,69.74,7.86,0.873,6029.97,77.5,0
124,1,47.18,73.25,84.92,7.69,0.866,7467.53,87.33,0
124,2,43.51,73.48,84.63,6.48,0.831,7758.49,87.99,0
124,3,39.32,77.99,84.87,6.05,0.813,7224.99,83.51,0
124,4,30.14,87.32,95.29,6.95,0.746,5106.7,65.89,0
124,5,26.64,86.61,93.72,5.09,0.657,4456.74,57.75,0
124,6,25.76,91.76,100.92,4.83,0.637,3559.08,50.61,0
124,7,19.99,95.74,106.63,3.68,0.598,2273.45,39.95,1
124,8,28.69,81.34,91.32,5.58,0.692,5728.92,68.14,1
124,9,48.6,69.38,74.06,7.03,0.862,9377.14,100.0,0
124,10,49.83,68.09,77.26,7.45,0.928,8123.92,94.48,0
125,1,52.32,69.24,77.7,7.49,0.933,7972.86,93.59,0
125,2,43.19,69.85,80.51,6.91,0.826,9202.97,98.01,0
125,3,38.66,86.3,94.75,5.52,0.755,6055.86,72.96,0
125,4,19.74,83.94,93.75,5.02,0.593,3327.27,47.21,0
125,5,17.49,92.84,101.29,3.51,0.553,3866.66,49.41,1
125,6,36.52,77.18,86.98,6.18,0.739,3050.08,51.1,1
125,7,53.4,68.57,79.19,7.35,0.902,8601.28,96.79,0
125,8,41.53,74.57,85.08,7.14,0.876,8539.11,95.31,0
125,9,49.84,71.29,81.88,7.42,0.908,10016.55,100.0,0
125,10,50.37,63.78,72.77,7.12,0.886,8012.89,92.01,0
126,1,42.19,76.43,82.89,7.33,0.914,10260.05,100.0,0
126,2,35.16,80.97,86.89,6.44,0.8,7163.2,82.56,0
126,3,37.62,86.43,90.45,6.53,0.795,7885.61,87.48,0
126,4,28.93,83.04,92.82,5.74,0.769,6327.39,75.41,0
126,5,22.89,89.15,94.92,4.19,0.656,4032.64,54.69,0
126,6,18.02,95.89,105.34,4.49,0.612,4304.8,54.86,0
126,7,16.0,95.92,103.07,4.41,0.599,2865.05,44.2,1
126,8,27.54,83.26,87.99,5.63,0.758,6612.8,76.98,1
126,9,45.3,73.48,78.76,7.07,0.908,7098.22,86.41,0
126,10,36.97,70.2,79.01,7.48,0.879,7460.25,87.8,0
127,1,49.97,70.12,76.34,7.4,0.832,7860.34,88.77,0
127,2,34.1,78.4,84.12,6.09,0.766,6176.33,74.24,0
127,3,34.71,82.91,88.66,4.73,0.644,1899.91,39.19,0
127,4,16.0,93.23,102.39,4.95,0.579,2066.52,37.74,1
127,5,33.59,78.42,85.63,5.35,0.704,4603.67,60.64,1
127,6,44.27,69.7,74.14,7.73,0.934,7604.89,91.03,0
127,7,46.29,70.34,79.8,8.26,0.897,6377.78,80.91,0
127,8,51.29,75.45,81.53,7.63,0.869,8938.71,97.87,0
127,9,46.09,70.36,78.6,7.3,0.887,9624.73,100.0,0
127,10,48.14,69.86,83.28,7.06,0.914,8407.44,95.92,0
128,1,45.78,70.2,77.63,7.74,0.94,9396.56,100.0,0
128,2,37.3,79.97,87.54,6.24,0.732,6511.54,75.25,0
128,3,24.65,88.07,95.46,4.3,0.705,4221.35,58.0,0
128,4,16.0,96.81,105.22,4.76,0.573,2125.39,37.92,1
128,5,30.36,80.54,90.94,5.6,0.66,4679.45,59.43,1
128,6,53.2,69.82,77.07,7.49,0.861,7334.54,86.23,0
128,7,44.63,65.46,73.94,7.75,0.872,9159.44,99.53,0
128,8,43.86,70.84,78.21,7.09,0.91,7434.97,88.9,0
128,9,44.9,73.76,79.43,7.66,0.904,7362.05,88.13,0
128,10,43.28,72.29,77.24,8.31,0.964,6794.97,86.52,0
129,1,46.06,75.16,79.83,7.72,0.911,8525.04,96.61,0
129,2,45.49,81.01,92.19,6.57,0.772,4944.27,65.77,0
129,3,34.63,84.87,89.49,5.35,0.667,3736.11,53.05,0
129,4,23.99,101.58,109.1,4.17,0.542,3850.41,48.85,1
129,5,31.97,84.61,94.19,6.65,0.754,4728.76,63.52,1
129,6,50.69,65.22,77.4,6.95,0.888,8156.67,93.08,0
129,7,52.51,67.93,73.86,7.3,0.943,8828.28,100.0,0
129,8,56.99,74.09,84.84,7.39,0.885,7175.69,86.06,0
129,9,48.61,70.39,73.48,7.28,0.883,7122.93,85.6,0
129,10,54.69,71.49,81.21,7.28,0.867,9231.44,99.85,0
130,1,55.95,71.03,79.49,7.77,0.855,8689.38,95.52,0
130,2,48.65,78.15,85.87,6.36,0.852,7065.93,83.97,0
130,3,43.5,75.54,85.19,6.51,0.782,5937.69,73.21,0
130,4,41.51,77.75,85.27,6.21,0.762,5249.89,67.53,0
130,5,29.2,84.15,92.93,5.6,0.701,5480.82,66.74,0
130,6,25.58,89.58,94.96,4.99,0.681,4109.61,56.24,0
130,7,25.41,89.88,98.27,5.39,0.614,4810.56,58.51,0
130,8,30.2,93.68,104.13,4.34,0.585,2958.47,44.3,1
130,9,37.7,81.36,91.55,5.82,0.694,4765.78,61.42,1
130,10,57.35,68.49,78.33,7.86,0.888,7437.31,88.03,0
131,1,43.81,67.05,73.55,7.36,0.846,9246.18,99.11,0
131,2,33.58,75.7,85.47,6.37,0.833,9159.1,97.96,0
131,3,30.71,76.11,85.04,6.19,0.783,6968.7,80.5,0
131,4,22.2,85.32,89.78,5.7,0.675,3656.93,52.82,0
131,5,22.61,90.61,98.07,4.89,0.587,1318.68,32.8,0
131,6,17.0,91.9,101.81,3.49,0.503,2360.08,36.79,1
131,7,28.45,81.17,89.82,6.21,0.726,5312.78,66.56,1
131,8,45.06,67.95,75.3,6.88,0.88,7912.87,91.04,0
131,9,42.34,70.35,79.64,7.86,0.866,10299.98,100.0,0
131,10,36.31,70.42,78.58,7.84,0.896,8021.8,92.48,0
132,1,50.62,71.1,76.02,7.19,0.905,8615.0,97.03,0
132,2,42.3,72.22,78.61,5.84,0.875,7991.25,91.39,0
132,3,37.8,78.6,87.45,6.41,0.812,4519.49,64.39,0
132,4,32.78,79.84,87.21,5.79,0.73,5865.46,70.59,0
132,5,32.17,86.08,90.71,6.63,0.63,3750.45,51.66,0
132,6,23.66,87.8,94.81,5.44,0.667,4796.09,60.53,0
132,7,23.11,87.66,98.72,3.81,0.639,4669.09,58.52,0
132,8,17.87,97.25,104.95,4.67,0.569,2035.98,37.15,1
132,9,27.39,83.39,93.18,5.93,0.715,4907.13,63.23,1
132,10,40.85,71.85,80.26,7.11,0.814,7163.43,83.14,0
133,1,48.0,72.94,76.99,7.25,0.89,8938.87,98.68,0
133,2,42.76,79.31,88.23,6.86,0.856,7170.56,84.84,0
133,3,42.03,81.27,85.27,6.57,0.847,2581.72,52.11,0
133,4,33.17,85.94,94.13,6.04,0.792,5272.81,68.9,0
133,5,26.18,82.15,88.9,5.07,0.67,4807.38,60.73,0
133,6,32.95,91.65,94.12,5.27,0.676,3603.39,52.48,0
133,7,28.71,91.94,97.79,4.46,0.652,3555.63,51.17,0
133,8,17.88,95.95,108.07,3.95,0.572,2110.04,37.77,1
133,9,35.04,88.77,93.85,6.26,0.76,4962.81,65.44,1
133,10,49.11,72.39,80.42,7.39,0.918,6081.13,79.66,0
134,1,53.72,70.4,74.02,8.15,0.808,5571.85,71.64,0
134,2,43.66,69.99,76.59,6.93,0.853,7692.68,88.41,0
134,3,40.36,75.96,84.65,6.47,0.803,8081.6,89.18,0
134,4,31.1,81.37,87.69,5.9,0.796,6540.85,78.0,0
134,5,30.56,81.49,93.26,4.64,0.662,3748.99,52.94,0
134,6,25.31,87.54,92.74,5.18,0.698,4326.15,58.45,0
134,7,20.94,88.58,93.68,4.42,0.659,3483.26,50.95,0
134,8,16.0,90.12,98.3,3.76,0.577,2512.15,40.79,1
134,9,30.24,81.96,92.86,6.28,0.769,5757.13,71.4,1
134,10,50.44,69.62,77.77,8.22,0.882,8065.88,92.23,0
135,1,50.77,74.2,84.53,6.81,0.853,9411.41,100.0,0
135,2,48.06,72.33,82.7,7.11,0.82,7975.37,89.12,0
135,3,39.99,81.11,88.06,6.4,0.811,5877.96,73.95,0
135,4,29.53,82.37,89.04,5.66,0.789,5080.6,67.42,0
135,5,23.76,88.45,98.66,5.77,0.682,4013.64,55.61,0
135,6,19.95,86.95,92.63,4.55,0.643,3672.13,51.66,0
135,7,16.0,95.47,99.76,3.98,0.583,2543.33,41.28,1
135,8,31.42,84.49,92.29,6.2,0.739,6054.43,72.3,1
135,9,47.91,69.54,80.23,6.97,0.894,7508.08,88.77,0
135,10,54.07,70.76,81.31,7.46,0.892,9834.29,100.0,0
136,1,47.08,68.56,79.26,8.02,0.907,8189.76,94.09,0
136,2,34.98,74.46,79.83,6.61,0.789,4706.67,64.79,0
136,3,23.64,85.3,93.64,4.72,0.653,3145.07,48.33,0
136,4,16.0,91.93,100.03,3.37,0.596,1305.75,33.05,1
136,5,27.39,82.88,90.54,5.71,0.735,4666.04,62.32,1
136,6,45.9,64.79,72.33,7.43,0.865,8457.78,94.3,0
136,7,42.4,68.89,79.18,7.02,0.891,11369.49,100.0,0
136,8,52.44,67.84,77.64,7.44,0.868,7381.38,86.83,0
136,9,45.14,67.87,78.52,6.6,0.89,8493.32,95.57,0
136,10,44.48,68.4,78.24,6.84,0.896,7455.51,88.47,0
137,1,47.73,66.34,76.26,7.46,0.921,8196.26,94.71,0
137,2,43.68,75.42,86.34,6.08,0.814,6657.84,79.56,0
137,3,31.89,87.7,93.28,5.68,0.629,6563.73,71.48,0
137,4,16.0,96.31,101.94,3.87,0.549,1951.21,35.74,1
137,5,32.91,75.91,83.03,6.02,0.774,5250.87,68.04,1
137,6,48.41,64.29,75.47,6.66,0.897,9148.58,100.0,0
137,7,47.09,63.55,71.93,7.22,0.891,8267.42,93.99,0
137,8,49.63,66.15,67.75,8.4,0.857,8234.85,92.43,0
137,9,49.07,60.59,70.46,6.93,0.889,7277.78,86.92,0
137,10,48.47,63.46,64.89,7.29,0.863,8323.71,93.26,0
138,1,48.57,75.13,87.41,8.17,0.911,8226.31,94.53,0
138,2,40.34,78.03,86.3,6.77,0.79,7718.94,86.07,0
138,3,29.03,82.81,89.75,5.82,0.69,6977.43,76.87,0
138,4,35.44,94.27,101.35,5.38,0.662,4908.07,61.14,0
138,5,21.03,98.82,109.91,4.07,0.559,2346.93,38.92,1
138,6,35.24,85.24,96.93,6.38,0.694,4709.17,60.99,1
138,7,46.6,73.58,82.09,7.29,0.883,8897.89,98.12,0
138,8,49.47,72.86,80.13,7.09,0.869,8467.16,94.53,0
138,9,54.13,73.24,83.32,6.54,0.905,6950.58,85.28,0
138,10,46.97,74.61,85.76,7.32,0.885,9383.11,100.0,0
139,1,53.04,71.92,84.97,7.72,0.888,9057.38,99.44,0
139,2,36.07,77.73,86.85,6.43,0.76,4605.7,62.9,0
139,3,33.43,84.51,95.89,5.9,0.669,4032.69,55.25,0
139,4,16.0,96.02,106.26,4.42,0.567,2003.06,36.8,1
139,5,36.87,83.72,94.44,5.52,0.747,5564.3,69.15,1
139,6,52.85,70.74,80.93,7.47,0.921,9270.24,100.0,0
139,7,47.78,68.56,75.99,7.31,0.926,8389.72,96.28,0
139,8,58.16,66.53,73.86,7.81,0.863,7808.77,89.66,0
139,9,55.95,69.84,76.79,7.83,0.926,9108.91,100.0,0
139,10,51.32,67.41,71.67,7.05,0.898,10498.02,100.0,0
140,1,47.3,75.69,85.88,6.75,0.838,9356.61,99.56,0
140,2,51.46,83.38,87.88,6.34,0.79,6388.26,76.71,0
140,3,42.11,79.11,87.79,6.09,0.76,7761.55,85.18,0
140,4,39.42,81.8,88.69,5.49,0.669,7851.8,82.18,0
140,5,26.02,81.15,93.85,5.03,0.672,5656.24,66.81,0
140,6,21.97,91.66,100.35,4.63,0.628,3646.85,50.85,0
140,7,24.82,96.37,98.11,4.54,0.543,2270.53,37.76,1
140,8,38.51,83.62,91.48,6.24,0.678,6360.49,72.02,1
140,9,46.39,69.65,80.33,7.93,0.89,7878.9,91.22,0
140,10,54.83,69.54,79.48,7.36,0.884,10277.54,100.0,0
141,1,48.27,73.81,85.43,7.72,0.895,10656.84,100.0,0
141,2,43.5,77.7,82.98,6.55,0.857,8536.75,94.54,0
141,3,35.27,83.95,95.82,6.22,0.815,7238.45,83.71,0
141,4,23.94,85.97,91.88,5.29,0.764,4665.31,63.51,0
141,5,28.94,89.07,99.27,4.84,0.625,5136.35,61.26,0
141,6,19.16,97.57,104.62,4.21,0.532,2757.86,40.75,1
141,7,38.38,84.66,92.11,6.29,0.703,6480.93,73.86,1
141,8,51.46,68.66,78.21,7.19,0.923,9221.47,100.0,0
141,9,54.4,70.18,80.54,8.07,0.898,8426.96,95.39,0
141,10,44.69,68.63,73.46,7.53,0.901,8264.7,94.4,0
142,1,47.27,63.66,72.19,6.81,0.966,8031.44,95.33,0
142,2,39.59,76.91,82.01,6.33,0.763,5415.55,68.74,0
142,3,25.95,86.25,98.24,5.05,0.685,6132.98,70.69,0
142,4,28.65,87.38,92.72,5.18,0.645,3965.26,53.79,0
142,5,20.29,96.13,107.45,3.59,0.615,3303.75,47.91,1
142,6,37.2,75.89,86.35,5.92,0.77,5413.7,69.02,1
142,7,54.17,67.64,75.3,8.12,0.911,8146.63,93.96,0
142,8,45.16,66.85,76.82,7.22,0.935,8489.26,97.34,0
142,9,48.74,67.98,75.5,7.63,0.889,7351.35,87.47,0
142,10,51.67,71.25,83.74,6.7,0.877,7399.84,87.32,0
143,1,46.12,67.66,76.91,6.84,0.844,6833.01,82.0,0
143,2,43.13,74.36,78.09,6.61,0.841,7558.09,86.98,0
143,3,38.3,81.3,89.01,5.94,0.773,5605.43,70.5,0
143,4,28.08,86.53,94.57,5.4,0.716,3798.32,55.44,0
143,5,24.69,85.6,98.79,4.23,0.634,3495.73,50.04,0
143,6,17.19,97.09,103.9,4.19,0.542,1526.12,32.47,1
143,7,37.76,78.01,86.03,6.34,0.714,7026.3,78.14,1
143,8,46.74,68.34,77.88,7.41,0.91,7797.51,91.43,0
143,9,57.68,70.86,82.86,7.8,0.857,9152.85,98.88,0
143,10,52.87,69.84,80.54,7.61,0.919,9583.79,100.0,0
144,1,49.77,70.62,77.6,7.98,0.911,8403.62,95.75,0
144,2,43.13,77.6,89.03,6.67,0.8,6997.89,81.4,0
144,3,30.66,82.6,92.49,6.24,0.783,4497.33,63.07,0
144,4,25.38,82.38,89.85,5.74,0.658,6980.51,75.59,0
144,5,24.02,91.46,97.51,5.37,0.63,3570.39,50.39,0
144,6,16.02,99.5,108.17,4.03,0.499,3363.13,43.71,1
144,7,35.66,85.56,91.03,5.13,0.731,5622.97,68.95,1
144,8,47.59,73.08,81.72,6.79,0.821,8255.53,91.12,0
144,9,44.91,72.26,81.04,7.09,0.911,8411.77,95.82,0
144,10,47.33,71.43,80.39,7.18,0.877,6620.35,81.81,0
145,1,46.61,71.03,77.74,7.39,0.897,9624.28,100.0,0
145,2,34.88,74.23,81.9,5.47,0.83,6524.43,79.26,0
145,3,20.19,85.08,95.09,5.91,0.665,3705.32,52.77,0
145,4,23.67,95.37,102.0,3.86,0.58,3191.68,45.75,1
145,5,33.12,82.63,90.34,6.05,0.735,5832.95,70.57,1
145,6,47.07,73.52,83.5,7.48,0.906,7556.96,89.58,0
145,7,50.11,73.09,77.52,7.54,0.849,8632.51,94.89,0
145,8,49.56,68.49,78.51,7.73,0.894,7321.52,87.44,0
145,9,49.74,66.89,74.69,7.86,0.83,8961.41,96.47,0
145,10,45.06,71.25,81.57,7.36,0.893,10145.53,100.0,0
146,1,47.28,69.33,81.12,7.7,0.878,8731.25,96.75,0
146,2,36.9,79.44,88.55,6.73,0.811,7677.34,86.64,0
146,3,32.89,89.28,101.18,5.68,0.72,5785.99,69.65,0
146,4,16.0,97.92,101.81,3.89,0.561,2973.09,43.41,1
146,5,35.3,79.87,90.64,5.27,0.733,3213.35,52.0,1
146,6,48.77,71.16,81.1,7.63,0.918,8920.47,99.68,0
146,7,50.24,68.38,75.06,7.14,0.946,6759.16,85.56,0
146,8,51.9,67.59,81.54,7.07,0.852,8677.81,95.32,0
146,9,43.69,72.41,79.44,7.37,0.888,7818.74,90.71,0
146,10,50.96,71.12,81.31,6.58,0.907,8792.8,98.37,0
147,1,51.57,72.02,81.08,7.22,0.861,8005.87,90.95,0
147,2,41.87,77.9,87.78,6.87,0.797,6598.62,78.44,0
147,3,31.47,80.02,90.29,6.2,0.746,5634.34,69.62,0
147,4,28.33,86.11,97.48,5.29,0.675,5165.55,63.44,0
147,5,16.22,88.25,95.24,5.06,0.652,4050.12,54.65,0
147,6,16.0,99.66,103.16,4.6,0.6,2416.87,41.04,1
147,7,28.86,86.03,97.14,5.45,0.724,4535.89,60.98,1
147,8,48.17,73.65,76.88,6.88,0.926,6183.76,80.69,0
147,9,41.83,77.22,82.15,7.15,0.9,9166.69,100.0,0
147,10,40.48,72.7,81.06,6.64,0.918,9109.94,100.0,0
148,1,52.11,67.95,72.54,7.63,0.92,9059.35,100.0,0
148,2,46.71,68.96,80.38,7.11,0.845,7443.34,86.34,0
148,3,34.04,75.36,82.86,5.98,0.765,7266.71,81.9,0
148,4,27.8,82.27,88.28,5.96,0.679,4104.19,56.14,0
148,5,21.14,88.67,97.74,5.0,0.604,3748.53,50.63,0
148,6,17.01,92.2,99.67,4.15,0.582,2318.74,39.65,1
148,7,35.2,76.99,84.7,6.46,0.742,7401.21,81.94,1
148,8,44.92,65.98,71.47,7.33,0.896,8193.6,93.68,0
148,9,52.72,66.86,78.63,7.42,0.9,9081.53,100.0,0
148,10,51.33,69.38,79.71,7.85,0.881,7858.75,90.72,0
149,1,46.62,66.68,72.84,7.04,0.913,7221.61,87.5,0
149,2,40.44,72.77,78.54,6.81,0.825,5632.89,72.77,0
149,3,38.19,77.53,83.48,6.16,0.861,7186.99,85.16,0
149,4,30.79,81.77,88.88,7.17,0.719,7462.16,81.43,0
149,5,36.87,81.67,91.78,6.11,0.701,4057.3,56.66,0
149,6,29.41,89.98,98.98,4.68,0.693,4994.27,62.99,0
149,7,16.33,93.06,100.76,4.17,0.563,4125.46,51.63,0
149,8,18.91,91.24,100.72,4.3,0.586,2872.66,43.72,1
149,9,30.05,85.06,93.25,6.32,0.718,7480.57,81.51,1
149,10,47.32,71.63,77.56,8.38,0.85,8504.15,94.01,0
150,1,49.25,65.19,72.26,7.34,0.889,9915.93,100.0,0
150,2,44.22,73.34,78.98,6.26,0.814,9104.64,96.82,0
150,3,34.39,78.15,84.91,5.17,0.741,8145.23,87.14,0
150,4,24.82,84.84,92.24,5.15,0.603,2195.4,39.63,0
150,5,16.63,94.24,102.1,4.66,0.498,2969.36,40.89,1
150,6,38.24,82.69,88.91,5.87,0.727,5602.39,68.64,1
150,7,54.12,72.3,80.37,7.06,0.889,9258.73,100.0,0
150,8,55.72,75.4,82.04,7.21,0.872,7712.14,89.33,0
150,9,50.77,68.73,76.73,7.3,0.825,9196.79,97.92,0
150,10,52.52,68.22,79.61,7.67,0.841,7638.7,87.54,0
151,1,48.4,71.68,78.73,7.54,0.913,9346.26,100.0,0
151,2,43.13,75.44,83.95,6.43,0.785,7727.81,85.97,0
151,3,31.23,81.79,89.96,5.76,0.657,4841.16,60.44,0
151,4,28.71,83.63,96.58,5.28,0.668,2891.17,47.14,0
151,5,16.0,89.64,96.87,4.2,0.536,2215.76,37.07,1
151,6,31.07,81.69,94.39,6.1,0.729,6374.88,74.18,1
151,7,51.05,67.26,72.63,8.22,0.892,7146.69,86.12,0
151,8,50.76,65.58,73.67,7.07,0.879,9581.8,100.0,0
151,9,55.22,65.75,73.37,7.67,0.839,7714.74,88.03,0
151,10,49.64,69.7,75.11,7.68,0.912,8338.8,95.35,0
152,1,44.07,71.87,81.3,7.22,0.842,9253.66,98.98,0
152,2,48.04,76.22,86.32,6.47,0.81,6548.2,78.64,0
152,3,38.83,78.27,86.86,6.45,0.783,10003.44,100.0,0
152,4,39.26,81.07,89.59,5.49,0.748,7204.88,80.77,0
152,5,33.1,84.97,89.53,4.75,0.695,4182.51,57.33,0
152,6,22.71,90.42,96.76,4.26,0.622,3303.78,48.19,0
152,7,16.0,91.15,102.42,4.82,0.603,3419.3,48.25,1
152,8,37.43,80.34,87.62,5.87,0.8,7635.35,85.9,1
152,9,50.62,73.08,82.07,7.67,0.823,10439.29,100.0,0
152,10,48.22,66.72,75.94,6.33,0.932,8946.41,100.0,0
153,1,50.74,67.52,75.75,7.09,0.935,10133.46,100.0,0
153,2,43.76,70.25,77.34,7.26,0.841,9227.46,98.77,0
153,3,37.99,73.88,77.61,6.37,0.756,5552.44,69.45,0
153,4,39.96,79.7,85.53,5.7,0.77,5162.29,67.22,0
153,5,32.99,81.28,89.01,6.28,0.719,3837.4,55.84,0
153,6,24.28,82.69,90.67,5.62,0.631,4389.12,56.23,0
153,7,31.97,94.44,102.89,4.49,0.624,3143.2,47.14,0
153,8,16.0,95.12,103.85,3.78,0.512,3712.36,46.67,1
153,9,32.41,80.36,87.28,5.68,0.77,5759.94,71.46,1
153,10,51.42,74.36,82.09,7.5,0.871,8122.32,92.19,0
154,1,55.16,70.56,76.88,7.73,0.889,8863.47,98.11,0
154,2,32.12,77.01,83.29,6.15,0.824,7110.98,83.17,0
154,3,27.14,79.37,89.03,5.92,0.727,4260.72,59.14,0
154,4,19.3,89.28,98.13,3.85,0.553,2971.37,43.09,1
154,5,30.69,77.15,83.13,5.74,0.748,3923.52,57.61,1
154,6,46.41,66.7,68.8,8.06,0.873,9242.5,100.0,0
154,7,48.61,69.75,78.99,6.2,0.858,6814.31,82.41,0
154,8,49.31,68.74,75.5,7.51,0.861,7746.4,89.14,0
154,9,47.35,72.72,80.33,6.93,0.882,9409.51,100.0,0
154,10,56.78,68.36,77.45,7.69,0.886,7886.42,91.12,0
155,1,48.03,70.59,81.67,7.26,0.924,7693.98,91.27,0
155,2,48.07,74.38,82.46,7.41,0.831,8971.79,96.56,0
155,3,34.79,75.67,86.15,6.7,0.812,7584.77,86.03,0
155,4,36.97,85.31,89.95,5.91,0.735,7392.99,81.58,0
155,5,30.02,82.38,92.43,4.87,0.665,4418.46,57.77,0
155,6,22.6,93.4,104.55,4.11,0.641,3426.23,49.83,0
155,7,18.12,95.34,100.44,3.91,0.574,2103.17,37.8,1
155,8,36.72,85.44,92.19,5.99,0.744,6110.08,72.9,1
155,9,54.35,72.6,79.86,7.45,0.923,6288.45,81.31,0
155,10,54.12,71.31,78.5,7.48,0.881,8754.14,97.04,0
156,1,54.02,65.41,73.75,7.23,0.919,8549.22,97.11,0
156,2,51.0,70.86,77.88,6.21,0.856,8918.33,97.19,0
156,3,49.31,74.33,85.03,6.34,0.709,7713.58,82.81,0
156,4,41.17,82.05,92.06,5.89,0.715,4723.71,61.94,0
156,5,26.26,85.66,92.31,5.3,0.755,4273.87,60.38,0
156,6,27.25,89.4,95.45,4.41,0.618,4406.02,55.8,0
156,7,21.45,91.04,98.83,4.88,0.601,2651.43,42.77,1
156,8,37.67,76.73,81.51,5.87,0.78,4688.45,64.3,1
156,9,53.1,63.15,69.01,7.15,0.89,9672.74,100.0,0
156,10,56.49,64.59,71.57,7.11,0.823,9299.74,98.57,0
157,1,52.47,70.15,80.72,6.87,0.901,8975.88,99.38,0
157,2,38.53,77.66,89.34,6.73,0.721,6240.81,72.89,0
157,3,32.1,84.81,91.91,4.82,0.66,3210.45,49.06,0
157,4,19.39,95.5,102.8,3.8,0.575,4034.71,51.49,1
157,5,37.95,79.81,89.33,5.67,0.693,4980.28,62.87,1
157,6,46.61,72.35,78.59,7.37,0.89,8001.61,92.09,0
157,7,50.02,70.34,77.09,6.98,0.928,7978.0,93.45,0
157,8,48.36,69.84,79.25,7.93,0.87,8525.97,94.98,0
157,9,53.64,69.88,76.93,7.16,0.91,7551.85,89.69,0
157,10,59.16,70.45,76.97,7.63,0.899,8558.17,96.39,0
158,1,43.43,66.86,79.12,7.73,0.889,7917.27,91.44,0
158,2,32.94,76.74,81.81,6.11,0.806,6394.46,77.37,0
158,3,17.01,90.65,97.28,4.94,0.694,3917.57,55.43,0
158,4,20.58,94.12,103.31,3.72,0.613,2990.63,45.62,1
158,5,29.94,83.89,93.04,5.97,0.76,7408.01,82.69,1
158,6,45.07,74.52,85.78,7.23,0.924,8609.35,97.72,0
158,7,43.9,73.77,84.34,7.39,0.874,8645.62,96.0,0
158,8,44.13,66.59,75.44,7.62,0.868,9319.8,100.0,0
158,9,48.62,67.79,77.44,7.38,0.891,9530.86,100.0,0
158,10,45.35,71.52,79.19,7.38,0.897,8003.3,92.38,0
159,1,43.37,71.16,76.32,7.26,0.916,8435.54,96.17,0
159,2,47.11,77.13,82.15,7.19,0.82,7465.91,85.5,0
159,3,34.85,85.16,90.56,5.95,0.769,4733.66,64.17,0
159,4,32.19,89.05,95.98,4.95,0.601,4313.59,54.5,0
159,5,20.49,99.69,112.42,4.1,0.573,2040.52,37.34,1
159,6,28.1,88.44,98.34,5.39,0.705,4194.49,57.82,1
159,7,53.09,74.31,82.52,6.89,0.841,7463.86,86.33,0
159,8,52.44,71.81,79.54,8.15,0.845,6353.29,78.65,0
159,9,46.58,71.81,83.81,7.36,0.863,7707.5,88.91,0
159,10,55.2,70.84,78.71,6.99,0.89,6727.21,83.09,0
160,1,45.09,71.84,81.24,6.99,0.916,7600.03,90.28,0
160,2,45.93,75.3,81.74,6.96,0.855,8557.53,94.61,0
160,3,45.62,82.96,90.36,5.81,0.807,6517.95,78.27,0
160,4,33.75,84.3,93.65,5.78,0.764,5766.83,71.27,0
160,5,30.19,86.66,92.34,5.6,0.742,4847.22,63.89,0
160,6,24.33,93.18,101.73,4.9,0.645,3045.55,47.29,0
160,7,25.01,93.81,98.68,4.4,0.605,1724.69,36.36,0
160,8,16.0,97.03,106.01,4.63,0.538,2757.12,40.99,1
160,9,28.73,82.17,94.17,5.52,0.684,5471.74,65.97,1
160,10,53.43,74.83,85.64,7.49,0.909,9254.79,100.0,0
161,1,52.22,70.99,79.12,7.11,0.894,8463.71,95.5,0
161,2,45.75,81.08,94.41,6.69,0.855,6198.27,77.94,0
161,3,35.93,80.59,91.19,6.32,0.758,5562.58,69.59,0
161,4,31.69,82.33,91.02,5.24,0.723,4131.84,58.07,0
161,5,31.79,91.41,100.54,5.29,0.622,4002.93,53.14,0
161,6,23.87,97.48,103.02,4.68,0.596,1200.0,32.32,1
161,7,39.54,84.67,95.25,5.96,0.708,4036.65,56.8,1
161,8,49.58,72.29,78.19,7.9,0.888,7746.5,90.2,0
161,9,53.48,69.95,76.63,7.66,0.916,8587.61,97.26,0
161,10,54.29,66.54,73.13,7.47,0.876,7795.9,90.07,0
162,1,51.44,73.83,81.33,6.99,0.91,8177.45,94.12,0
162,2,50.07,72.15,84.16,6.69,0.842,6344.23,78.46,0
162,3,43.83,71.79,79.76,5.64,0.839,6710.73,80.92,0
162,4,34.24,71.84,82.27,6.39,0.734,6850.22,77.71,0
162,5,38.63,81.77,89.23,5.51,0.709,5004.42,63.67,0
162,6,30.25,86.95,97.15,4.85,0.607,3977.08,52.34,0
162,7,20.84,91.27,96.91,4.84,0.639,4566.48,57.78,0
162,8,17.48,96.5,103.25,4.32,0.588,1814.54,36.32,1
162,9,31.33,79.37,83.06,6.46,0.716,5532.42,67.7,1
162,10,52.51,68.39,73.79,7.39,0.891,8788.09,97.69,0
163,1,43.93,66.06,76.53,7.52,0.875,8576.22,95.55,0
163,2,33.67,75.09,84.14,6.03,0.839,7976.41,89.86,0
163,3,32.83,83.34,90.11,6.29,0.723,5875.95,70.41,0
163,4,28.83,84.81,91.28,4.58,0.68,3185.28,49.68,0
163,5,16.0,91.32,97.37,3.83,0.598,2778.03,43.53,1
163,6,28.38,83.28,92.34,6.01,0.734,6183.41,73.0,1
163,7,44.58,70.34,78.55,7.66,0.88,8291.68,93.72,0
163,8,40.15,71.22,76.37,8.18,0.913,7290.04,87.99,0
163,9,51.8,68.66,78.06,6.97,0.827,7736.43,87.69,0
163,10,48.58,70.35,74.65,7.15,0.917,7098.96,86.8,0
164,1,56.99,72.93,79.99,7.15,0.908,6121.84,79.54,0
164,2,41.82,74.44,83.57,6.91,0.884,8550.42,95.71,0
164,3,44.48,81.23,90.86,7.1,0.822,6346.48,77.66,0
164,4,42.21,83.64,90.02,6.68,0.706,6226.01,72.18,0
164,5,35.38,88.53,97.93,5.17,0.678,3574.16,52.36,0
164,6,33.52,93.72,99.55,4.25,0.63,3541.37,50.18,0
164,7,21.76,95.65,97.91,3.75,0.519,2209.44,36.36,1
164,8,45.54,83.31,90.78,5.97,0.72,6535.11,74.94,1
164,9,50.4,72.46,82.01,7.44,0.922,8461.33,96.62,0
164,10,54.4,70.21,74.49,7.54,0.901,8206.92,93.99,0
165,1,48.73,74.7,86.52,7.31,0.916,9361.12,100.0,0
165,2,34.81,76.01,84.82,6.28,0.812,6509.82,78.43,0
165,3,35.17,79.16,86.02,6.4,0.75,5817.43,71.05,0
165,4,32.9,86.29,91.67,4.92,0.749,5715.43,70.29,0
165,5,22.78,90.21,99.68,4.93,0.681,4586.8,59.62,0
165,6,16.0,87.59,98.6,5.06,0.627,3471.75,49.59,0
165,7,16.0,95.6,106.56,4.11,0.59,2305.05,39.86,1
165,8,29.73,84.59,94.79,5.88,0.749,5558.83,69.21,1
165,9,52.74,71.71,78.38,7.58,0.869,8024.66,91.4,0
165,10,49.17,72.26,83.9,7.37,0.85,8549.33,94.36,0
166,1,50.41,63.87,75.08,7.78,0.844,8332.12,92.56,0
166,2,40.05,77.61,86.96,6.29,0.772,6911.94,79.68,0
166,3,29.06,88.53,100.22,5.41,0.68,5345.53,64.95,0
166,4,18.4,96.05,102.67,3.9,0.562,3375.57,46.32,1
166,5,31.13,80.76,86.53,5.78,0.73,5115.57,65.31,1
166,6,45.43,65.92,75.09,7.31,0.914,6899.8,85.28,0
166,7,55.54,74.39,79.88,8.07,0.913,7144.8,86.95,0
166,8,48.27,69.59,77.87,7.66,0.855,7990.74,90.62,0
166,9,52.06,64.34,69.13,7.91,0.839,9073.61,97.6,0
166,10,44.24,63.65,69.23,7.34,0.877,7484.74,87.93,0
167,1,49.27,72.09,80.96,6.67,0.875,9344.64,100.0,0
167,2,50.75,73.6,85.23,6.35,0.81,7500.95,85.36,0
167,3,42.92,74.73,81.02,6.72,0.834,6449.37,78.89,0
167,4,36.69,79.03,83.86,5.67,0.785,5076.25,67.25,0
167,5,31.9,80.79,88.06,5.59,0.698,6015.66,70.39,0
167,6,30.81,84.39,88.95,5.1,0.692,6079.64,70.61,0
167,7,16.44,87.62,97.88,4.84,0.646,3405.49,49.87,0
167,8,16.42,96.28,108.87,4.53,0.545,2795.82,41.52,1
167,9,31.32,82.44,88.22,6.47,0.703,4376.4,59.0,1
167,10,48.24,71.45,78.88,7.4,0.876,7281.0,86.43,0
168,1,48.4,74.14,79.27,7.26,0.929,8834.06,99.51,0
168,2,43.09,79.97,90.12,6.48,0.785,7058.9,81.21,0
168,3,33.95,84.2,89.08,5.79,0.774,6563.73,77.29,0
168,4,27.54,89.27,97.26,5.36,0.684,4436.67,58.68,0
168,5,21.79,97.74,108.67,5.04,0.67,4548.1,58.9,0
168,6,16.0,98.7,105.04,4.97,0.581,2041.2,37.65,1
168,7,36.33,87.64,93.63,5.95,0.76,5575.11,69.77,1
168,8,51.42,72.61,84.98,7.78,0.864,7370.11,86.6,0
168,9,50.47,73.31,80.24,7.6,0.9,8567.51,96.48,0
168,10,42.69,76.3,87.1,7.41,0.867,6588.66,81.18,0
169,1,51.66,65.24,71.69,6.79,0.867,8621.82,95.54,0
169,2,45.46,74.23,85.57,7.02,0.848,5787.39,74.78,0
169,3,35.84,75.98,82.93,6.15,0.803,7744.44,86.77,0
169,4,35.78,81.67,85.01,5.86,0.689,6085.04,70.51,0
169,5,32.41,86.77,93.18,5.5,0.703,4985.68,63.32,0
169,6,24.63,84.79,89.65,4.78,0.648,3159.8,48.22,0
169,7,22.42,91.81,103.64,3.43,0.57,1778.43,35.36,1
169,8,27.7,77.76,85.98,5.88,0.743,5370.68,67.61,1
169,9,51.44,70.57,77.17,7.22,0.865,8450.97,94.24,0
169,10,48.29,67.4,74.83,7.0,0.897,8102.47,93.08,0
170,1,51.36,72.8,84.16,7.39,0.9,8073.5,93.0,0
170,2,46.72,78.83,84.63,6.75,0.784,6613.6,78.04,0
170,3,36.24,77.83,90.45,6.35,0.801,7949.54,88.14,0
170,4,30.55,87.63,94.25,5.74,0.629,4998.85,60.44,0
170,5,19.56,92.96,106.19,5.45,0.653,3305.56,49.46,0
170,6,16.37,95.61,105.64,4.28,0.562,2628.03,41.05,1
170,7,32.81,88.59,96.14,5.14,0.731,3368.86,53.04,1
170,8,49.11,73.96,77.89,7.88,0.857,6211.08,78.12,0
170,9,43.77,74.55,79.95,7.34,0.902,9294.44,100.0,0
170,10,48.67,77.13,85.6,7.3,0.874,7438.9,87.47,0
171,1,49.49,74.85,84.44,7.67,0.841,8663.88,94.81,0
171,2,46.75,76.16,85.04,6.27,0.867,7408.12,86.97,0
171,3,40.46,78.67,84.39,5.9,0.735,7201.07,80.23,0
171,4,31.04,85.49,90.91,5.35,0.758,4192.39,59.9,0
171,5,21.38,91.31,99.57,4.81,0.677,4316.22,57.56,0
171,6,23.1,90.26,102.27,5.28,0.646,5874.59,67.3,0
171,7,24.85,96.15,103.67,3.67,0.587,2419.32,40.54,1
171,8,28.86,86.38,94.18,5.95,0.775,6347.91,75.83,1
171,9,47.4,70.95,75.76,7.06,0.912,5621.72,76.15,0
171,10,46.34,69.22,75.4,7.41,0.864,7972.95,90.82,0
172,1,50.22,68.61,79.31,7.31,0.83,9403.02,99.59,0
172,2,39.67,77.25,86.75,6.9,0.828,6759.59,80.85,0
172,3,35.46,75.69,84.01,6.09,0.742,6865.29,78.13,0
172,4,29.75,92.49,101.02,5.07,0.592,3496.57,48.35,0
172,5,19.91,93.45,96.68,4.69,0.582,3684.61,49.28,1
172,6,30.48,83.47,87.28,5.75,0.724,4356.37,59.69,1
172,7,51.08,71.91,83.39,7.12,0.96,8422.55,97.86,0
172,8,49.89,68.68,74.36,7.11,0.93,9278.49,100.0,0
172,9,45.03,70.01,75.06,7.27,0.9,9430.95,100.0,0
172,10,49.91,66.41,74.98,7.48,0.86,7784.05,89.34,0
173,1,54.88,72.17,79.02,8.29,0.925,7886.2,92.66,0
173,2,42.83,73.23,77.76,6.74,0.778,5581.21,70.52,0
173,3,38.01,83.06,92.92,5.56,0.714,5744.65,69.1,0
173,4,29.89,85.75,91.62,4.84,0.655,5342.02,63.93,0
173,5,21.86,92.22,103.11,4.09,0.566,3065.68,44.29,1
173,6,35.08,78.75,87.83,5.8,0.777,6741.82,78.66,1
173,7,58.47,68.59,80.96,7.56,0.886,6388.52,80.54,0
173,8,55.68,68.01,76.36,7.23,0.861,6991.64,83.8,0
173,9,58.15,73.42,84.27,7.95,0.919,9518.68,100.0,0
173,10,53.85,70.28,83.94,7.13,0.9,9187.06,100.0,0
174,1,52.27,67.85,76.0,7.11,0.89,7131.58,85.94,0
174,2,45.71,74.74,84.94,6.64,0.826,6640.27,79.9,0
174,3,41.17,86.22,92.2,6.45,0.715,6409.74,73.84,0
174,4,33.84,89.53,95.07,4.62,0.596,3241.89,46.74,0
174,5,16.97,95.07,104.17,4.37,0.591,2967.46,44.59,1
174,6,34.44,87.7,89.61,5.25,0.722,5055.89,64.56,1
174,7,53.82,71.05,79.39,6.67,0.914,9238.75,100.0,0
174,8,48.95,66.53,72.34,7.26,0.887,8552.5,95.85,0
174,9,53.27,65.66,70.91,7.82,0.901,9785.24,100.0,0
174,10,48.67,74.93,87.01,7.58,0.902,8040.71,92.84,0
175,1,46.99,72.64,80.15,6.97,0.911,9891.73,100.0,0
175,2,49.95,79.49,83.89,6.59,0.854,8297.03,92.74,0
175,3,36.0,85.41,94.23,6.31,0.762,4788.02,64.29,0
175,4,37.44,85.72,95.7,5.87,0.688,6398.88,72.7,0
175,5,27.28,92.28,98.83,5.17,0.663,1989.61,40.56,0
175,6,24.66,92.14,97.78,4.7,0.573,2693.76,41.92,0
175,7,16.06,99.36,108.13,3.99,0.539,3199.05,44.16,1
175,8,32.29,82.72,93.31,5.63,0.761,6550.03,76.68,1
175,9,49.16,77.22,89.48,6.74,0.854,8379.83,93.32,0
175,10,49.43,69.85,77.2,7.09,0.852,9053.54,97.99,0
176,1,45.97,64.38,69.96,7.21,0.862,9445.87,100.0,0
176,2,30.83,79.53,87.21,6.5,0.803,5464.56,70.69,0
176,3,27.44,86.14,94.36,5.15,0.724,5081.32,64.85,0
176,4,19.61,93.97,101.63,3.62,0.552,1200.0,30.54,1
176,5,34.86,84.86,95.88,6.52,0.709,5724.82,68.78,1
176,6,43.23,73.35,79.54,7.42,0.881,9054.94,99.15,0
176,7,48.83,68.95,80.07,7.76,0.926,10647.95,100.0,0
176,8,46.89,69.52,77.81,7.43,0.961,9077.24,100.0,0
176,9,54.76,72.55,78.81,7.93,0.911,9769.13,100.0,0
176,10,45.76,72.42,81.5,7.27,0.916,8805.39,98.81,0
177,1,55.03,66.41,76.93,7.54,0.904,9197.35,100.0,0
177,2,45.08,78.93,85.64,6.23,0.774,7971.93,87.22,0
177,3,40.89,77.25,88.07,6.35,0.777,6115.53,74.23,0
177,4,37.32,80.02,87.39,5.58,0.693,5544.11,66.85,0
177,5,34.06,86.35,97.12,6.04,0.652,3502.89,50.81,0
177,6,24.29,90.96,101.32,4.81,0.648,1453.06,36.19,0
177,7,18.39,97.25,107.38,3.89,0.577,1200.0,31.54,1
177,8,36.78,85.25,95.89,6.7,0.751,6255.21,74.18,1
177,9,49.22,72.66,79.7,7.97,0.861,8849.16,96.91,0
177,10,52.86,65.4,72.13,7.56,0.886,9492.65,100.0,0
178,1,52.61,72.1,82.14,7.2,0.925,9096.98,100.0,0
178,2,43.8,69.87,80.88,7.17,0.87,5712.54,75.14,0
178,3,36.01,79.7,90.14,6.16,0.745,6761.05,77.52,0
178,4,28.31,81.34,94.72,5.57,0.723,4276.83,59.12,0
178,5,24.31,88.18,93.57,5.41,0.718,4228.05,58.56,0
178,6,17.9,89.9,95.04,4.84,0.572,3516.01,47.69,0
178,7,17.13,91.16,97.41,4.63,0.59,2639.64,42.22,1
178,8,28.74,81.03,84.89,5.0,0.711,6009.06,70.84,1
178,9,54.39,74.78,85.29,7.4,0.887,8119.61,92.8,0
178,10,50.4,72.49,81.34,7.5,0.896,8231.88,93.94,0
179,1,50.81,71.53,81.74,7.28,0.901,8375.16,95.16,0
179,2,47.76,77.0,90.38,6.12,0.809,7442.67,84.91,0
179,3,36.27,81.29,92.09,5.88,0.797,5443.25,70.28,0
179,4,30.12,85.23,92.1,5.71,0.697,5628.82,67.6,0
179,5,30.23,86.19,98.01,4.93,0.649,4805.63,59.88,0
179,6,16.78,94.84,102.03,4.81,0.563,2427.44,39.65,1
179,7,28.73,87.17,96.38,5.43,0.726,4177.44,58.54,1
179,8,48.83,74.47,80.53,7.5,0.885,7645.4,89.36,0
179,9,48.22,68.1,76.87,7.88,0.879,8556.35,95.55,0
179,10,50.82,70.9,79.11,7.44,0.911,8437.19,96.01,0
180,1,48.11,70.68,77.14,7.22,0.88,8781.38,97.2,0
180,2,36.4,78.61,88.19,6.33,0.83,6619.7,79.94,0
180,3,35.63,79.71,86.38,6.16,0.746,6352.05,74.69,0
180,4,28.37,85.43,89.04,5.15,0.656,5514.01,65.17,0
180,5,23.36,92.81,99.02,4.8,0.591,3047.93,45.16,0
180,6,16.0,97.35,109.6,4.87,0.544,2604.48,40.16,1
180,7,32.97,86.41,96.08,5.85,0.733,5681.24,69.44,1
180,8,46.92,68.97,79.86,6.97,0.861,9194.23,99.35,0
180,9,52.54,72.67,81.98,7.91,0.911,8229.51,94.54,0
180,10,47.28,71.73,82.22,7.15,0.867,8707.14,96.15,0
181,1,45.04,74.66,85.84,7.47,0.9,8053.83,92.84,0
181,2,41.09,80.28,87.4,6.83,0.825,6795.03,80.97,0
181,3,33.27,84.97,95.43,5.88,0.721,5303.61,66.27,0
181,4,29.3,91.7,97.55,4.8,0.632,3691.45,51.36,0
181,5,16.0,97.16,105.48,4.09,0.563,2722.61,41.72,1
181,6,28.79,84.83,93.89,5.34,0.739,5806.97,70.55,1
181,7,40.7,76.76,87.16,7.3,0.906,8466.3,95.98,0
181,8,49.77,72.24,79.07,6.74,0.921,7563.07,90.21,0
181,9,49.81,73.61,83.61,6.83,0.907,6859.64,84.71,0
181,10,49.06,75.91,84.99,7.29,0.871,8248.09,93.07,0
182,1,50.79,73.12,82.21,7.49,0.899,8257.34,94.25,0
182,2,40.33,75.43,83.09,6.77,0.797,7405.55,84.17,0
182,3,41.63,82.24,87.29,6.81,0.733,7474.86,82.08,0
182,4,31.07,80.01,90.39,6.21,0.74,6332.33,74.29,0
182,5,25.24,89.53,95.31,4.49,0.674,4034.91,55.43,0
182,6,18.47,94.3,100.5,4.79,0.586,3916.44,51.09,0
182,7,16.0,91.77,101.72,3.87,0.576,4083.3,51.86,1
182,8,33.46,80.59,87.95,4.99,0.767,6200.77,74.45,1
182,9,48.37,72.63,77.79,6.86,0.916,8691.76,98.0,0
182,10,47.63,74.48,86.42,6.72,0.897,6861.7,84.33,0
183,1,52.75,73.02,82.6,8.03,0.949,8904.3,100.0,0
183,2,43.41,81.36,88.95,6.73,0.809,6123.37,75.58,0
183,3,31.68,87.14,94.76,5.83,0.753,4167.28,59.53,0
183,4,20.84,89.62,98.64,5.05,0.598,3800.76,50.76,0
183,5,16.61,95.79,104.92,4.0,0.56,2417.2,39.47,1
183,6,44.17,87.85,98.22,5.28,0.788,5479.41,70.19,1
183,7,48.18,72.63,82.1,6.45,0.876,8655.12,96.12,0
183,8,44.65,77.96,79.98,7.84,0.899,9565.56,100.0,0
183,9,45.29,70.6,76.21,7.44,0.944,7425.35,90.18,0
183,10,46.02,70.13,81.4,6.61,0.92,9314.73,100.0,0
184,1,48.79,66.72,80.57,7.92,0.894,7779.86,90.67,0
184,2,43.7,70.79,86.79,6.97,0.841,6624.5,80.38,0
184,3,42.12,77.66,80.15,6.05,0.812,6206.2,76.27,0
184,4,30.59,88.71,100.04,6.2,0.627,4426.59,56.34,0
184,5,30.53,89.4,99.3,4.79,0.667,4373.83,57.54,0
184,6,19.64,98.01,101.55,4.17,0.603,1822.57,37.0,1
184,7,33.85,78.03,84.99,6.07,0.716,5412.43,66.84,1
184,8,52.69,76.27,83.57,7.79,0.839,8636.38,94.51,0
184,9,54.6,71.16,74.99,7.53,0.853,8066.93,91.05,0
184,10,50.58,72.25,84.9,6.86,0.894,8122.46,93.11,0
185,1,57.73,70.62,80.02,6.84,0.911,9522.01,100.0,0
185,2,45.48,71.53,80.36,7.26,0.821,6714.82,80.24,0
185,3,47.77,74.96,79.84,7.17,0.801,7586.29,85.59,0
185,4,33.38,82.0,92.77,6.19,0.723,7390.28,81.09,0
185,5,29.83,90.49,97.04,5.5,0.683,4661.51,60.24,0
185,6,27.92,86.01,94.07,5.21,0.64,4766.02,59.23,0
185,7,16.0,93.42,99.6,3.89,0.526,3915.79,48.67,1
185,8,29.32,86.08,90.36,5.46,0.76,6710.6,77.77,1
185,9,49.58,72.1,81.23,7.11,0.892,9189.52,100.0,0
185,10,57.47,69.67,80.0,7.23,0.884,8158.29,92.96,0
186,1,61.72,74.71,82.27,6.95,0.888,8527.85,95.72,0
186,2,43.24,78.21,88.57,6.91,0.793,8666.3,92.91,0
186,3,32.01,78.78,87.1,5.78,0.794,6092.74,74.78,0
186,4,29.07,88.03,91.09,5.65,0.729,4661.9,62.06,0
186,5,20.57,92.31,102.3,4.67,0.66,3704.57,52.53,0
186,6,16.0,95.94,100.13,3.68,0.574,2387.66,39.81,1
186,7,26.51,79.61,90.92,5.24,0.749,6332.82,74.66,1
186,8,40.65,69.23,75.54,7.21,0.886,8168.67,93.1,0
186,9,53.37,76.74,88.56,7.0,0.933,8319.89,96.04,0
186,10,48.88,72.8,81.85,7.05,0.909,8508.34,96.43,0
187,1,55.26,76.05,84.97,6.93,0.881,9192.91,100.0,0
187,2,40.6,80.2,91.75,5.95,0.792,7178.29,82.34,0
187,3,26.95,86.4,92.72,5.48,0.739,5688.99,69.74,0
187,4,19.54,92.52,95.53,4.64,0.687,4736.42,60.89,0
187,5,16.0,94.87,102.38,4.62,0.578,2557.52,41.16,1
187,6,37.92,87.61,97.76,6.04,0.735,7746.77,84.09,1
187,7,46.96,72.83,76.64,7.29,0.888,9415.84,100.0,0
187,8,46.13,73.88,80.84,7.15,0.875,8581.91,95.58,0
187,9,45.94,73.5,83.3,8.15,0.905,9064.46,100.0,0
187,10,49.22,77.66,84.6,7.53,0.88,8657.0,96.31,0
188,1,43.59,69.93,79.3,7.9,0.845,6754.16,81.48,0
188,2,48.05,78.76,83.99,7.12,0.815,7152.13,83.09,0
188,3,34.34,84.3,93.13,5.77,0.712,6288.33,72.87,0
188,4,30.03,89.6,97.38,5.1,0.63,4929.42,60.01,0
188,5,22.89,98.87,106.99,4.96,0.62,2360.68,41.46,1
188,6,33.95,80.96,90.79,5.54,0.689,5124.41,63.72,1
188,7,50.71,67.99,75.18,6.89,0.833,8901.64,96.15,0
188,8,46.52,70.83,79.22,7.07,0.908,6354.62,81.18,0
188,9,51.36,73.48,80.24,7.35,0.91,6698.77,83.7,0
188,10,53.22,65.13,69.25,7.31,0.903,7625.71,89.95,0
189,1,48.46,68.12,79.74,6.86,0.816,9806.93,100.0,0
189,2,32.92,76.81,85.65,5.94,0.796,5561.4,71.1,0
189,3,32.89,81.12,89.96,4.57,0.705,5107.88,64.25,0
189,4,24.89,91.73,99.18,3.94,0.585,2784.14,43.05,1
189,5,40.36,81.85,90.14,5.98,0.741,6294.92,74.06,1
189,6,48.34,68.15,75.73,7.23,0.863,7985.07,90.89,0
189,7,51.01,70.32,76.75,7.47,0.91,6047.99,79.1,0
189,8,54.95,68.93,75.83,8.0,0.871,7627.96,88.7,0
189,9,53.46,67.54,80.23,7.38,0.854,9530.99,100.0,0
189,10,51.44,71.4,78.12,6.66,0.896,8793.86,97.9,0
190,1,51.88,69.84,79.61,7.1,0.828,7950.78,89.26,0
190,2,42.53,73.09,83.65,6.26,0.823,7549.45,86.22,0
190,3,33.33,76.75,86.74,5.72,0.743,6156.51,73.16,0
190,4,35.06,89.6,99.84,5.06,0.654,2936.06,46.89,0
190,5,17.33,94.33,102.52,3.88,0.546,3562.07,46.99,1
190,6,36.29,82.06,86.76,6.41,0.713,6077.53,71.4,1
190,7,48.85,67.46,76.36,7.31,0.897,8424.96,95.35,0
190,8,50.25,71.22,78.41,7.37,0.907,8947.84,99.43,0
190,9,48.15,68.44,80.34,7.76,0.89,9733.98,100.0,0
190,10,54.59,66.99,76.13,7.59,0.855,7033.81,83.84,0
191,1,56.27,70.01,78.43,6.64,0.834,9770.59,100.0,0
191,2,50.63,76.55,85.42,6.87,0.8,6608.83,78.64,0
191,3,36.98,83.33,91.96,6.0,0.766,6511.63,76.59,0
191,4,33.15,92.26,101.16,5.58,0.689,3168.86,49.93,0
191,5,18.46,97.27,103.11,4.51,0.514,3552.59,45.65,1
191,6,35.02,82.74,88.68,5.99,0.724,6029.79,71.51,1
191,7,54.0,75.36,81.1,7.09,0.927,6981.69,86.35,0
191,8,54.11,73.68,85.5,7.73,0.868,8819.53,96.96,0
191,9,52.23,68.33,72.25,7.3,0.898,7734.44,90.5,0
191,10,54.1,71.07,76.42,7.79,0.901,7187.44,86.79,0
192,1,55.35,71.65,81.61,7.91,0.905,7599.23,89.83,0
192,2,47.55,73.48,79.55,6.36,0.842,7058.82,83.51,0
192,3,41.87,82.78,88.97,5.56,0.77,5485.58,69.53,0
192,4,31.03,86.53,93.39,4.91,0.675,5213.4,63.82,0
192,5,27.42,92.07,98.55,4.55,0.639,2214.14,41.19,0
192,6,16.0,94.39,100.68,5.12,0.585,5659.28,63.35,1
192,7,35.65,82.42,87.2,5.41,0.761,5976.69,72.65,1
192,8,54.81,73.91,83.48,6.97,0.892,6935.77,84.62,0
192,9,48.88,76.53,83.21,7.02,0.918,6575.31,83.12,0
192,10,53.31,73.87,82.63,7.41,0.928,8829.86,99.46,0
193,1,55.73,70.74,77.54,7.34,0.905,10214.95,100.0,0
193,2,43.45,69.91,74.76,6.17,0.799,6200.0,75.73,0
193,3,37.23,79.72,89.33,6.69,0.67,6000.03,69.15,0
193,4,34.1,85.73,95.01,5.48,0.719,5278.48,66.02,0
193,5,30.07,86.62,94.02,4.96,0.652,4251.27,56.08,0
193,6,21.61,93.16,98.3,3.81,0.58,2625.26,41.73,1
193,7,32.44,79.97,86.21,6.17,0.687,6191.53,71.18,1
193,8,53.29,71.55,79.51,7.15,0.9,8435.76,95.54,0
193,9,54.94,66.73,75.11,6.89,0.9,7422.93,88.39,0
193,10,52.82,71.37,84.41,8.73,0.899,9669.89,100.0,0
194,1,52.68,71.67,82.96,7.73,0.915,5537.17,75.67,0
194,2,45.86,76.47,87.04,6.96,0.767,7611.42,84.41,0
194,3,31.49,88.87,96.72,5.07,0.62,3304.74,48.13,0
194,4,20.24,96.42,107.83,4.34,0.55,1881.36,35.29,1
194,5,37.06,81.76,89.33,6.27,0.706,6433.02,73.64,1
194,6,47.99,68.57,78.68,7.63,0.847,7223.61,84.87,0
194,7,49.58,66.33,70.2,7.76,0.868,8200.0,92.61,0
194,8,45.3,71.02,80.8,8.07,0.913,10353.51,100.0,0
194,9,48.85,68.07,78.53,7.38,0.882,7216.98,86.23,0
194,10,51.38,71.18,80.04,7.61,0.881,7755.93,89.99,0
195,1,52.13,66.1,75.69,6.62,0.885,6265.27,79.61,0
195,2,47.01,74.68,85.57,7.39,0.781,7533.98,84.43,0
195,3,29.34,80.28,89.34,6.16,0.767,4973.25,65.8,0
195,4,23.08,86.65,92.46,5.23,0.629,4716.62,58.45,0
195,5,21.26,91.77,103.96,4.37,0.531,1200.0,29.71,1
195,6,39.89,82.24,90.23,5.89,0.739,5865.62,70.97,1
195,7,42.71,68.18,73.63,7.27,0.897,7257.46,87.11,0
195,8,48.68,70.8,77.83,7.35,0.95,7310.21,89.61,0
195,9,51.1,67.68,76.47,7.95,0.86,8475.34,94.25,0
195,10,44.33,65.56,73.61,7.47,0.925,9756.49,100.0,0
196,1,56.52,75.76,87.56,7.86,0.894,7223.17,86.76,0
196,2,47.54,79.87,86.68,6.97,0.789,8939.52,94.66,0
196,3,36.21,86.43,101.13,6.13,0.771,4574.74,63.15,0
196,4,32.22,91.92,97.67,5.24,0.619,4231.65,54.63,0
196,5,20.26,96.98,103.45,4.43,0.524,2723.18,40.18,1
196,6,38.31,81.95,91.08,6.24,0.745,5366.27,67.67,1
196,7,56.78,69.31,78.16,8.12,0.875,7672.56,89.17,0
196,8,52.0,70.66,80.36,7.35,0.958,8755.31,100.0,0
196,9,59.87,70.8,77.14,7.7,0.933,8137.29,94.76,0
196,10,52.53,70.23,79.37,7.27,0.878,7718.64,89.61,0
197,1,44.62,65.98,73.29,7.95,0.877,9043.7,98.92,0
197,2,42.87,70.57,77.15,6.67,0.775,8654.1,92.1,0
197,3,38.15,79.78,91.27,6.81,0.798,4982.66,67.08,0
197,4,31.98,82.89,92.61,6.45,0.76,5320.62,67.96,0
197,5,32.2,86.0,94.09,5.19,0.713,6105.34,71.63,0
197,6,19.48,86.22,97.9,5.14,0.709,4303.78,58.76,0
197,7,23.47,87.84,96.0,3.84,0.652,2034.59,40.45,0
197,8,18.14,92.68,101.84,4.58,0.562,1938.26,36.14,1
197,9,29.72,82.89,87.76,5.18,0.69,5010.99,62.96,1
197,10,49.97,73.44,80.95,7.77,0.871,8603.24,95.57,0
198,1,51.98,70.78,75.18,7.41,0.864,7700.87,88.93,0
198,2,46.2,75.02,81.66,6.52,0.822,8039.21,89.61,0
198,3,34.86,82.66,92.53,5.85,0.867,7172.71,85.3,0
198,4,34.05,78.48,91.94,5.6,0.71,5623.79,68.09,0
198,5,25.85,83.72,94.73,5.25,0.651,5128.77,62.23,0
198,6,24.1,90.75,105.45,4.83,0.683,3527.13,52.21,0
198,7,18.57,96.89,108.61,4.17,0.573,4159.38,52.28,1
198,8,32.12,85.35,96.49,6.01,0.725,6231.44,73.01,1
198,9,52.33,67.97,77.2,6.91,0.952,9539.57,100.0,0
198,10,51.3,67.88,72.84,7.04,0.91,9323.78,100.0,0
199,1,48.35,75.88,82.32,7.69,0.916,7040.45,86.34,0
199,2,32.78,78.19,89.42,6.73,0.801,6643.33,78.94,0
199,3,26.46,89.69,96.11,4.98,0.728,5487.09,67.86,0
199,4,16.0,95.5,103.57,4.92,0.572,1200.0,31.36,1
199,5,24.69,88.93,98.32,5.52,0.75,4672.94,63.0,1
199,6,44.62,77.24,81.68,7.17,0.876,7345.01,86.87,0
199,7,43.18,76.4,83.18,7.4,0.885,8103.59,92.62,0
199,8,52.55,73.04,79.89,7.01,0.931,7162.28,87.8,0
199,9,44.8,74.84,85.95,6.84,0.905,8320.83,94.94,0
199,10,39.0,74.02,80.66,6.64,0.892,8452.89,95.33,0
200,1,54.89,77.65,87.11,8.02,0.877,9045.0,98.95,0
200,2,34.65,82.57,85.9,7.0,0.808,7658.22,86.38,0
200,3,32.05,80.3,84.86,5.71,0.745,4896.1,64.37,0
200,4,30.75,88.35,94.96,4.72,0.71,6342.37,73.18,0
200,5,19.3,95.78,108.35,4.88,0.646,5083.08,61.73,0
200,6,16.31,101.68,108.99,4.23,0.529,2624.16,39.67,1
200,7,28.54,84.78,91.38,5.62,0.711,6420.98,73.76,1
200,8,44.0,78.2,81.6,8.01,0.879,8252.45,93.41,0
200,9,48.07,73.6,78.62,6.86,0.901,9038.13,99.85,0
200,10,48.07,79.77,83.93,7.01,0.893,9725.96,100.0,0
